day,time_slot,slot_index,course_instance_id,course_code,course_name,session_type,session_number,teacher_id,teacher_name,staff_code,room_id,room_number,block,student_count,lecture_hours,tutorial_hours,schedule_type,is_co_scheduled,capacity_info,partner_instance_id,group_name,group_index,department,semester,day_pattern
monday,12:00 - 12:50,4,1122__s0,CD23331,Design Processes and Perspectives,Lecture,1,209,Pradeep Kumar S,101343,87,B418,B Block,64,3,0,theory,False,64/70,,Computer Science & Design_S3_G2,2,Computer Science & Design,3,Monday-Fri
wed,9:00 - 9:50,1,1122__s0,CD23331,Design Processes and Perspectives,Lecture,2,209,Pradeep Kumar S,101343,87,B418,B Block,64,3,0,theory,False,64/70,,Computer Science & Design_S3_G2,2,Computer Science & Design,3,Monday-Fri
thur,10:00 - 10:50,2,1122__s0,CD23331,Design Processes and Perspectives,Lecture,3,209,Pradeep Kumar S,101343,106,C301,C Block,64,3,0,theory,False,64/70,,Computer Science & Design_S3_G2,2,Computer Science & Design,3,Monday-Fri
wed,8:00 - 8:50,0,1118__s0,CD23332,UI and UX design,Lecture,1,205,Manju Priya A,101366,88,B419,B Block,64,2,0,theory,True,64/70,800__s0,Computer Science & Design_S3_G3,3,Computer Science & Design,3,Monday-Fri
wed,2:00 - 2:50,6,1118__s0,CD23332,UI and UX design,Lecture,2,205,Manju Priya A,101366,87,B418,B Block,64,2,0,theory,True,64/70,800__s0,Computer Science & Design_S3_G3,3,Computer Science & Design,3,Monday-Fri
thur,8:00 - 8:50,0,1118__s0,CD23332,UI and UX design,Lecture,3,205,Manju Priya A,101366,87,B418,B Block,64,2,0,theory,True,64/70,800__s0,Computer Science & Design_S3_G3,3,Computer Science & Design,3,Monday-Fri
thur,2:00 - 2:50,6,1118__s0,CD23332,UI and UX design,Lecture,4,205,Manju Priya A,101366,90,B423,B Block,64,2,0,theory,True,64/70,800__s0,Computer Science & Design_S3_G3,3,Computer Science & Design,3,Monday-Fri
thur,9:00 - 9:50,1,1076__s0,CS23331,Design and Analysis of Algorithms,Lecture,1,213,P Revathy,101011,87,B418,B Block,64,3,0,theory,False,64/70,,Computer Science & Design_S3_G4,4,Computer Science & Design,3,Monday-Fri
thur,11:00 - 11:50,3,1076__s0,CS23331,Design and Analysis of Algorithms,Lecture,2,213,P Revathy,101011,88,B419,B Block,64,3,0,theory,False,64/70,,Computer Science & Design_S3_G4,4,Computer Science & Design,3,Monday-Fri
fri,10:00 - 10:50,2,1076__s0,CS23331,Design and Analysis of Algorithms,Lecture,3,213,P Revathy,101011,92,B425,B Block,64,3,0,theory,False,64/70,,Computer Science & Design_S3_G4,4,Computer Science & Design,3,Monday-Fri
wed,8:00 - 8:50,0,800__s0,MA23313,Discrete Mathematics for AI,Lecture,1,513,M Subha,176129,88,B419,B Block,64,3,1,theory,True,64/70,1118__s0,Computer Science & Design_S3_G6,6,Computer Science & Design,3,Monday-Fri
wed,2:00 - 2:50,6,800__s0,MA23313,Discrete Mathematics for AI,Lecture,2,513,M Subha,176129,87,B418,B Block,64,3,1,theory,True,64/70,1118__s0,Computer Science & Design_S3_G6,6,Computer Science & Design,3,Monday-Fri
thur,8:00 - 8:50,0,800__s0,MA23313,Discrete Mathematics for AI,Lecture,3,513,M Subha,176129,87,B418,B Block,64,3,1,theory,True,64/70,1118__s0,Computer Science & Design_S3_G6,6,Computer Science & Design,3,Monday-Fri
thur,2:00 - 2:50,6,800__s0,MA23313,Discrete Mathematics for AI,Tutorial,4,513,M Subha,176129,90,B423,B Block,64,3,1,theory,True,64/70,1118__s0,Computer Science & Design_S3_G6,6,Computer Science & Design,3,Monday-Fri
fri,11:00 - 11:50,3,800__s0,MA23313,Discrete Mathematics for AI,Lecture,5,513,M Subha,176129,92,B425,B Block,64,3,1,theory,False,64/70,,Computer Science & Design_S3_G6,6,Computer Science & Design,3,Monday-Fri
fri,2:00 - 2:50,6,800__s0,MA23313,Discrete Mathematics for AI,Lecture,6,513,M Subha,176129,88,B419,B Block,64,3,1,theory,False,64/70,,Computer Science & Design_S3_G6,6,Computer Science & Design,3,Monday-Fri
monday,10:00 - 10:50,2,840__s0,CB23311,Formal Language and Automata Theory,Lecture,1,191,Stanlin Prija,101354,79,B408,B Block,64,3,0,theory,True,64/70,871__s0,Computer Science & Business Systems_S3_G1,1,Computer Science & Business Systems,3,Monday-Fri
monday,11:00 - 11:50,3,840__s0,CB23311,Formal Language and Automata Theory,Lecture,2,191,Stanlin Prija,101354,79,B408,B Block,64,3,0,theory,True,64/70,871__s0,Computer Science & Business Systems_S3_G1,1,Computer Science & Business Systems,3,Monday-Fri
tuesday,2:00 - 2:50,6,840__s0,CB23311,Formal Language and Automata Theory,Lecture,3,191,Stanlin Prija,101354,84,B415,B Block,64,3,0,theory,True,64/70,871__s0,Computer Science & Business Systems_S3_G1,1,Computer Science & Business Systems,3,Monday-Fri
thur,1:00 - 1:50,5,840__s0,CB23311,Formal Language and Automata Theory,Lecture,4,191,Stanlin Prija,101354,79,B408,B Block,64,3,0,theory,True,64/70,871__s0,Computer Science & Business Systems_S3_G1,1,Computer Science & Business Systems,3,Monday-Fri
fri,8:00 - 8:50,0,840__s0,CB23311,Formal Language and Automata Theory,Lecture,5,191,Stanlin Prija,101354,80,B409,B Block,64,3,0,theory,True,64/70,871__s0,Computer Science & Business Systems_S3_G1,1,Computer Science & Business Systems,3,Monday-Fri
fri,12:00 - 12:50,4,840__s0,CB23311,Formal Language and Automata Theory,Lecture,6,191,Stanlin Prija,101354,84,B415,B Block,64,3,0,theory,True,64/70,871__s0,Computer Science & Business Systems_S3_G1,1,Computer Science & Business Systems,3,Monday-Fri
tuesday,11:00 - 11:50,3,1429__s0,CB23312,Computer Organization and Architecture,Lecture,1,1018,Dr.p.hemalatha Nan,500078,79,B408,B Block,64,3,0,theory,False,64/70,,Computer Science & Business Systems_S3_G2,2,Computer Science & Business Systems,3,Monday-Fri
fri,9:00 - 9:50,1,1429__s0,CB23312,Computer Organization and Architecture,Lecture,2,1018,Dr.p.hemalatha Nan,500078,84,B415,B Block,64,3,0,theory,False,64/70,,Computer Science & Business Systems_S3_G2,2,Computer Science & Business Systems,3,Monday-Fri
fri,1:00 - 1:50,5,1429__s0,CB23312,Computer Organization and Architecture,Lecture,3,1018,Dr.p.hemalatha Nan,500078,88,B419,B Block,64,3,0,theory,False,64/70,,Computer Science & Business Systems_S3_G2,2,Computer Science & Business Systems,3,Monday-Fri
monday,12:00 - 12:50,4,106__s0,CB23331,Computational Statistics,Lecture,1,527,Balavidhya S,176152,79,B408,B Block,64,3,0,theory,True,64/70,756__s0,Computer Science & Business Systems_S3_G3,3,Computer Science & Business Systems,3,Monday-Fri
tuesday,10:00 - 10:50,2,106__s0,CB23331,Computational Statistics,Lecture,2,527,Balavidhya S,176152,86,B417,B Block,64,3,0,theory,True,64/70,756__s0,Computer Science & Business Systems_S3_G3,3,Computer Science & Business Systems,3,Monday-Fri
wed,12:00 - 12:50,4,106__s0,CB23331,Computational Statistics,Lecture,3,527,Balavidhya S,176152,88,B419,B Block,64,3,0,theory,True,64/70,756__s0,Computer Science & Business Systems_S3_G3,3,Computer Science & Business Systems,3,Monday-Fri
thur,12:00 - 12:50,4,106__s0,CB23331,Computational Statistics,Lecture,4,527,Balavidhya S,176152,87,B418,B Block,64,3,0,theory,True,64/70,756__s0,Computer Science & Business Systems_S3_G3,3,Computer Science & Business Systems,3,Monday-Fri
thur,2:00 - 2:50,6,106__s0,CB23331,Computational Statistics,Lecture,5,527,Balavidhya S,176152,80,B409,B Block,64,3,0,theory,True,64/70,756__s0,Computer Science & Business Systems_S3_G3,3,Computer Science & Business Systems,3,Monday-Fri
fri,2:00 - 2:50,6,106__s0,CB23331,Computational Statistics,Lecture,6,527,Balavidhya S,176152,87,B418,B Block,64,3,0,theory,True,64/70,756__s0,Computer Science & Business Systems_S3_G3,3,Computer Science & Business Systems,3,Monday-Fri
monday,12:00 - 12:50,4,756__s0,CB23332,Software Engineering,Lecture,1,199,K Devaki,101195,79,B408,B Block,64,3,0,theory,True,64/70,106__s0,Computer Science & Business Systems_S3_G4,4,Computer Science & Business Systems,3,Monday-Fri
tuesday,10:00 - 10:50,2,756__s0,CB23332,Software Engineering,Lecture,2,199,K Devaki,101195,86,B417,B Block,64,3,0,theory,True,64/70,106__s0,Computer Science & Business Systems_S3_G4,4,Computer Science & Business Systems,3,Monday-Fri
wed,12:00 - 12:50,4,756__s0,CB23332,Software Engineering,Lecture,3,199,K Devaki,101195,88,B419,B Block,64,3,0,theory,True,64/70,106__s0,Computer Science & Business Systems_S3_G4,4,Computer Science & Business Systems,3,Monday-Fri
thur,12:00 - 12:50,4,756__s0,CB23332,Software Engineering,Lecture,4,199,K Devaki,101195,87,B418,B Block,64,3,0,theory,True,64/70,106__s0,Computer Science & Business Systems_S3_G4,4,Computer Science & Business Systems,3,Monday-Fri
thur,2:00 - 2:50,6,756__s0,CB23332,Software Engineering,Lecture,5,199,K Devaki,101195,80,B409,B Block,64,3,0,theory,True,64/70,106__s0,Computer Science & Business Systems_S3_G4,4,Computer Science & Business Systems,3,Monday-Fri
fri,2:00 - 2:50,6,756__s0,CB23332,Software Engineering,Lecture,6,199,K Devaki,101195,87,B418,B Block,64,3,0,theory,True,64/70,106__s0,Computer Science & Business Systems_S3_G4,4,Computer Science & Business Systems,3,Monday-Fri
monday,10:00 - 10:50,2,871__s0,MC23313,Environmental Sciences,Lecture,1,167,J Geetha Chandrasekran,166052,79,B408,B Block,64,3,0,theory,True,64/70,840__s0,Computer Science & Business Systems_S3_G7,7,Computer Science & Business Systems,3,Monday-Fri
monday,11:00 - 11:50,3,871__s0,MC23313,Environmental Sciences,Lecture,2,167,J Geetha Chandrasekran,166052,79,B408,B Block,64,3,0,theory,True,64/70,840__s0,Computer Science & Business Systems_S3_G7,7,Computer Science & Business Systems,3,Monday-Fri
tuesday,2:00 - 2:50,6,871__s0,MC23313,Environmental Sciences,Lecture,3,167,J Geetha Chandrasekran,166052,84,B415,B Block,64,3,0,theory,True,64/70,840__s0,Computer Science & Business Systems_S3_G7,7,Computer Science & Business Systems,3,Monday-Fri
thur,1:00 - 1:50,5,871__s0,MC23313,Environmental Sciences,Lecture,4,167,J Geetha Chandrasekran,166052,79,B408,B Block,64,3,0,theory,True,64/70,840__s0,Computer Science & Business Systems_S3_G7,7,Computer Science & Business Systems,3,Monday-Fri
fri,8:00 - 8:50,0,871__s0,MC23313,Environmental Sciences,Lecture,5,167,J Geetha Chandrasekran,166052,80,B409,B Block,64,3,0,theory,True,64/70,840__s0,Computer Science & Business Systems_S3_G7,7,Computer Science & Business Systems,3,Monday-Fri
fri,12:00 - 12:50,4,871__s0,MC23313,Environmental Sciences,Lecture,6,167,J Geetha Chandrasekran,166052,84,B415,B Block,64,3,0,theory,True,64/70,840__s0,Computer Science & Business Systems_S3_G7,7,Computer Science & Business Systems,3,Monday-Fri
monday,12:00 - 12:50,4,841__s1,CB23311,Formal Language and Automata Theory,Lecture,1,198,Vishnu Kumar A,101287,74,B401,B Block,64,3,0,theory,True,64/70,107__s1,Computer Science & Business Systems_S3_G8,8,Computer Science & Business Systems,3,Monday-Fri
monday,1:00 - 1:50,5,841__s1,CB23311,Formal Language and Automata Theory,Lecture,2,198,Vishnu Kumar A,101287,56,B218,B Block,64,3,0,theory,True,64/70,107__s1,Computer Science & Business Systems_S3_G8,8,Computer Science & Business Systems,3,Monday-Fri
wed,10:00 - 10:50,2,841__s1,CB23311,Formal Language and Automata Theory,Lecture,3,198,Vishnu Kumar A,101287,76,B403,B Block,64,3,0,theory,True,64/70,107__s1,Computer Science & Business Systems_S3_G8,8,Computer Science & Business Systems,3,Monday-Fri
wed,11:00 - 11:50,3,841__s1,CB23311,Formal Language and Automata Theory,Lecture,4,198,Vishnu Kumar A,101287,74,B401,B Block,64,3,0,theory,True,64/70,107__s1,Computer Science & Business Systems_S3_G8,8,Computer Science & Business Systems,3,Monday-Fri
thur,10:00 - 10:50,2,841__s1,CB23311,Formal Language and Automata Theory,Lecture,5,198,Vishnu Kumar A,101287,74,B401,B Block,64,3,0,theory,True,64/70,107__s1,Computer Science & Business Systems_S3_G8,8,Computer Science & Business Systems,3,Monday-Fri
fri,12:00 - 12:50,4,841__s1,CB23311,Formal Language and Automata Theory,Lecture,6,198,Vishnu Kumar A,101287,60,B222,B Block,64,3,0,theory,True,64/70,107__s1,Computer Science & Business Systems_S3_G8,8,Computer Science & Business Systems,3,Monday-Fri
monday,10:00 - 10:50,2,1430__s1,CB23312,Computer Organization and Architecture,Lecture,1,1017,Nandha Kumar P,500080,52,B210,B Block,64,3,0,theory,True,64/70,872__s1,Computer Science & Business Systems_S3_G9,9,Computer Science & Business Systems,3,Monday-Fri
monday,2:00 - 2:50,6,1430__s1,CB23312,Computer Organization and Architecture,Lecture,2,1017,Nandha Kumar P,500080,56,B218,B Block,64,3,0,theory,True,64/70,872__s1,Computer Science & Business Systems_S3_G9,9,Computer Science & Business Systems,3,Monday-Fri
thur,11:00 - 11:50,3,1430__s1,CB23312,Computer Organization and Architecture,Lecture,3,1017,Nandha Kumar P,500080,53,B211,B Block,64,3,0,theory,True,64/70,872__s1,Computer Science & Business Systems_S3_G9,9,Computer Science & Business Systems,3,Monday-Fri
thur,12:00 - 12:50,4,1430__s1,CB23312,Computer Organization and Architecture,Lecture,4,1017,Nandha Kumar P,500080,61,B302,B Block,64,3,0,theory,True,64/70,872__s1,Computer Science & Business Systems_S3_G9,9,Computer Science & Business Systems,3,Monday-Fri
fri,1:00 - 1:50,5,1430__s1,CB23312,Computer Organization and Architecture,Lecture,5,1017,Nandha Kumar P,500080,75,B402,B Block,64,3,0,theory,True,64/70,872__s1,Computer Science & Business Systems_S3_G9,9,Computer Science & Business Systems,3,Monday-Fri
fri,2:00 - 2:50,6,1430__s1,CB23312,Computer Organization and Architecture,Lecture,6,1017,Nandha Kumar P,500080,60,B222,B Block,64,3,0,theory,True,64/70,872__s1,Computer Science & Business Systems_S3_G9,9,Computer Science & Business Systems,3,Monday-Fri
monday,12:00 - 12:50,4,107__s1,CB23331,Computational Statistics,Lecture,1,1206,Sophia M,176162,74,B401,B Block,64,3,0,theory,True,64/70,841__s1,Computer Science & Business Systems_S3_G10,10,Computer Science & Business Systems,3,Monday-Fri
monday,1:00 - 1:50,5,107__s1,CB23331,Computational Statistics,Lecture,2,1206,Sophia M,176162,56,B218,B Block,64,3,0,theory,True,64/70,841__s1,Computer Science & Business Systems_S3_G10,10,Computer Science & Business Systems,3,Monday-Fri
wed,10:00 - 10:50,2,107__s1,CB23331,Computational Statistics,Lecture,3,1206,Sophia M,176162,76,B403,B Block,64,3,0,theory,True,64/70,841__s1,Computer Science & Business Systems_S3_G10,10,Computer Science & Business Systems,3,Monday-Fri
wed,11:00 - 11:50,3,107__s1,CB23331,Computational Statistics,Lecture,4,1206,Sophia M,176162,74,B401,B Block,64,3,0,theory,True,64/70,841__s1,Computer Science & Business Systems_S3_G10,10,Computer Science & Business Systems,3,Monday-Fri
thur,10:00 - 10:50,2,107__s1,CB23331,Computational Statistics,Lecture,5,1206,Sophia M,176162,74,B401,B Block,64,3,0,theory,True,64/70,841__s1,Computer Science & Business Systems_S3_G10,10,Computer Science & Business Systems,3,Monday-Fri
fri,12:00 - 12:50,4,107__s1,CB23331,Computational Statistics,Lecture,6,1206,Sophia M,176162,60,B222,B Block,64,3,0,theory,True,64/70,841__s1,Computer Science & Business Systems_S3_G10,10,Computer Science & Business Systems,3,Monday-Fri
monday,11:00 - 11:50,3,757__s1,CB23332,Software Engineering,Lecture,1,202,Manikandan Thirumalaisamy,101321,55,B213,B Block,64,3,0,theory,False,64/70,,Computer Science & Business Systems_S3_G11,11,Computer Science & Business Systems,3,Monday-Fri
tuesday,3:10 - 4:00,7,757__s1,CB23332,Software Engineering,Lecture,2,202,Manikandan Thirumalaisamy,101321,76,B403,B Block,64,3,0,theory,False,64/70,,Computer Science & Business Systems_S3_G11,11,Computer Science & Business Systems,3,Monday-Fri
tuesday,4:10 - 5:00,8,757__s1,CB23332,Software Engineering,Lecture,3,202,Manikandan Thirumalaisamy,101321,67,B320,B Block,64,3,0,theory,False,64/70,,Computer Science & Business Systems_S3_G11,11,Computer Science & Business Systems,3,Monday-Fri
monday,10:00 - 10:50,2,872__s1,MC23313,Environmental Sciences,Lecture,1,163,J Edward Jeyakumar,166063,52,B210,B Block,64,3,0,theory,True,64/70,1430__s1,Computer Science & Business Systems_S3_G14,14,Computer Science & Business Systems,3,Monday-Fri
monday,2:00 - 2:50,6,872__s1,MC23313,Environmental Sciences,Lecture,2,163,J Edward Jeyakumar,166063,56,B218,B Block,64,3,0,theory,True,64/70,1430__s1,Computer Science & Business Systems_S3_G14,14,Computer Science & Business Systems,3,Monday-Fri
thur,11:00 - 11:50,3,872__s1,MC23313,Environmental Sciences,Lecture,3,163,J Edward Jeyakumar,166063,53,B211,B Block,64,3,0,theory,True,64/70,1430__s1,Computer Science & Business Systems_S3_G14,14,Computer Science & Business Systems,3,Monday-Fri
thur,12:00 - 12:50,4,872__s1,MC23313,Environmental Sciences,Lecture,4,163,J Edward Jeyakumar,166063,61,B302,B Block,64,3,0,theory,True,64/70,1430__s1,Computer Science & Business Systems_S3_G14,14,Computer Science & Business Systems,3,Monday-Fri
fri,1:00 - 1:50,5,872__s1,MC23313,Environmental Sciences,Lecture,5,163,J Edward Jeyakumar,166063,75,B402,B Block,64,3,0,theory,True,64/70,1430__s1,Computer Science & Business Systems_S3_G14,14,Computer Science & Business Systems,3,Monday-Fri
fri,2:00 - 2:50,6,872__s1,MC23313,Environmental Sciences,Lecture,6,163,J Edward Jeyakumar,166063,60,B222,B Block,64,3,0,theory,True,64/70,1430__s1,Computer Science & Business Systems_S3_G14,14,Computer Science & Business Systems,3,Monday-Fri
tuesday,12:00 - 12:50,4,453__s0,CR23331,Cryptography,Lecture,1,292,Benedict Jayaprakash Nicholas,101040,80,B409,B Block,65,3,0,theory,True,65/70,563__s0,Computer Science & Engineering (Cyber Security)_S3_G1,1,Computer Science & Engineering (Cyber Security),3,Tuesday-Saturday
wed,2:00 - 2:50,6,453__s0,CR23331,Cryptography,Lecture,2,292,Benedict Jayaprakash Nicholas,101040,80,B409,B Block,65,3,0,theory,True,65/70,563__s0,Computer Science & Engineering (Cyber Security)_S3_G1,1,Computer Science & Engineering (Cyber Security),3,Tuesday-Saturday
thur,10:00 - 10:50,2,453__s0,CR23331,Cryptography,Lecture,3,292,Benedict Jayaprakash Nicholas,101040,83,B412,B Block,65,3,0,theory,True,65/70,563__s0,Computer Science & Engineering (Cyber Security)_S3_G1,1,Computer Science & Engineering (Cyber Security),3,Tuesday-Saturday
fri,8:00 - 8:50,0,453__s0,CR23331,Cryptography,Lecture,4,292,Benedict Jayaprakash Nicholas,101040,74,B401,B Block,65,3,0,theory,True,65/70,563__s0,Computer Science & Engineering (Cyber Security)_S3_G1,1,Computer Science & Engineering (Cyber Security),3,Tuesday-Saturday
saturday,12:00 - 12:50,4,453__s0,CR23331,Cryptography,Lecture,5,292,Benedict Jayaprakash Nicholas,101040,77,B404,B Block,65,3,0,theory,True,65/70,563__s0,Computer Science & Engineering (Cyber Security)_S3_G1,1,Computer Science & Engineering (Cyber Security),3,Tuesday-Saturday
saturday,2:00 - 2:50,6,453__s0,CR23331,Cryptography,Lecture,6,292,Benedict Jayaprakash Nicholas,101040,76,B403,B Block,65,3,0,theory,True,65/70,563__s0,Computer Science & Engineering (Cyber Security)_S3_G1,1,Computer Science & Engineering (Cyber Security),3,Tuesday-Saturday
wed,10:00 - 10:50,2,372__s0,CS23532,Computer Networks,Lecture,1,290,Seethalakshmi T,101369,82,B411,B Block,65,3,0,theory,False,65/70,,Computer Science & Engineering (Cyber Security)_S3_G4,4,Computer Science & Engineering (Cyber Security),3,Tuesday-Saturday
thur,2:00 - 2:50,6,372__s0,CS23532,Computer Networks,Lecture,2,290,Seethalakshmi T,101369,79,B408,B Block,65,3,0,theory,False,65/70,,Computer Science & Engineering (Cyber Security)_S3_G4,4,Computer Science & Engineering (Cyber Security),3,Tuesday-Saturday
saturday,8:00 - 8:50,0,372__s0,CS23532,Computer Networks,Lecture,3,290,Seethalakshmi T,101369,83,B412,B Block,65,3,0,theory,False,65/70,,Computer Science & Engineering (Cyber Security)_S3_G4,4,Computer Science & Engineering (Cyber Security),3,Tuesday-Saturday
tuesday,12:00 - 12:50,4,563__s0,MA23312,Fourier series and Number theory,Lecture,1,521,Siluvai Dasan R,176113,80,B409,B Block,65,3,1,theory,True,65/70,453__s0,Computer Science & Engineering (Cyber Security)_S3_G5,5,Computer Science & Engineering (Cyber Security),3,Tuesday-Saturday
wed,2:00 - 2:50,6,563__s0,MA23312,Fourier series and Number theory,Lecture,2,521,Siluvai Dasan R,176113,80,B409,B Block,65,3,1,theory,True,65/70,453__s0,Computer Science & Engineering (Cyber Security)_S3_G5,5,Computer Science & Engineering (Cyber Security),3,Tuesday-Saturday
thur,10:00 - 10:50,2,563__s0,MA23312,Fourier series and Number theory,Lecture,3,521,Siluvai Dasan R,176113,83,B412,B Block,65,3,1,theory,True,65/70,453__s0,Computer Science & Engineering (Cyber Security)_S3_G5,5,Computer Science & Engineering (Cyber Security),3,Tuesday-Saturday
fri,8:00 - 8:50,0,563__s0,MA23312,Fourier series and Number theory,Tutorial,4,521,Siluvai Dasan R,176113,74,B401,B Block,65,3,1,theory,True,65/70,453__s0,Computer Science & Engineering (Cyber Security)_S3_G5,5,Computer Science & Engineering (Cyber Security),3,Tuesday-Saturday
fri,10:00 - 10:50,2,563__s0,MA23312,Fourier series and Number theory,Lecture,5,521,Siluvai Dasan R,176113,78,B405,B Block,65,3,1,theory,False,65/70,,Computer Science & Engineering (Cyber Security)_S3_G5,5,Computer Science & Engineering (Cyber Security),3,Tuesday-Saturday
saturday,12:00 - 12:50,4,563__s0,MA23312,Fourier series and Number theory,Lecture,6,521,Siluvai Dasan R,176113,77,B404,B Block,65,3,1,theory,True,65/70,453__s0,Computer Science & Engineering (Cyber Security)_S3_G5,5,Computer Science & Engineering (Cyber Security),3,Tuesday-Saturday
saturday,2:00 - 2:50,6,563__s0,MA23312,Fourier series and Number theory,Lecture,7,521,Siluvai Dasan R,176113,76,B403,B Block,65,3,1,theory,True,65/70,453__s0,Computer Science & Engineering (Cyber Security)_S3_G5,5,Computer Science & Engineering (Cyber Security),3,Tuesday-Saturday
tuesday,10:00 - 10:50,2,454__s1,CR23331,Cryptography,Lecture,1,294,R Rupmala,101330,61,B302,B Block,65,3,0,theory,True,65/70,564__s1,Computer Science & Engineering (Cyber Security)_S3_G6,6,Computer Science & Engineering (Cyber Security),3,Tuesday-Saturday
thur,12:00 - 12:50,4,454__s1,CR23331,Cryptography,Lecture,2,294,R Rupmala,101330,59,B221,B Block,65,3,0,theory,True,65/70,564__s1,Computer Science & Engineering (Cyber Security)_S3_G6,6,Computer Science & Engineering (Cyber Security),3,Tuesday-Saturday
fri,10:00 - 10:50,2,454__s1,CR23331,Cryptography,Lecture,3,294,R Rupmala,101330,54,B212,B Block,65,3,0,theory,True,65/70,564__s1,Computer Science & Engineering (Cyber Security)_S3_G6,6,Computer Science & Engineering (Cyber Security),3,Tuesday-Saturday
fri,11:00 - 11:50,3,454__s1,CR23331,Cryptography,Lecture,4,294,R Rupmala,101330,68,B321,B Block,65,3,0,theory,True,65/70,564__s1,Computer Science & Engineering (Cyber Security)_S3_G6,6,Computer Science & Engineering (Cyber Security),3,Tuesday-Saturday
saturday,10:00 - 10:50,2,454__s1,CR23331,Cryptography,Lecture,5,294,R Rupmala,101330,52,B210,B Block,65,3,0,theory,True,65/70,564__s1,Computer Science & Engineering (Cyber Security)_S3_G6,6,Computer Science & Engineering (Cyber Security),3,Tuesday-Saturday
saturday,2:00 - 2:50,6,454__s1,CR23331,Cryptography,Lecture,6,294,R Rupmala,101330,55,B213,B Block,65,3,0,theory,True,65/70,564__s1,Computer Science & Engineering (Cyber Security)_S3_G6,6,Computer Science & Engineering (Cyber Security),3,Tuesday-Saturday
wed,12:00 - 12:50,4,373__s1,CS23532,Computer Networks,Lecture,1,1014,Dr. Bhuvana S.,500077,54,B212,B Block,65,3,0,theory,False,65/70,,Computer Science & Engineering (Cyber Security)_S3_G9,9,Computer Science & Engineering (Cyber Security),3,Tuesday-Saturday
fri,1:00 - 1:50,5,373__s1,CS23532,Computer Networks,Lecture,2,1014,Dr. Bhuvana S.,500077,58,B220,B Block,65,3,0,theory,False,65/70,,Computer Science & Engineering (Cyber Security)_S3_G9,9,Computer Science & Engineering (Cyber Security),3,Tuesday-Saturday
fri,2:00 - 2:50,6,373__s1,CS23532,Computer Networks,Lecture,3,1014,Dr. Bhuvana S.,500077,55,B213,B Block,65,3,0,theory,False,65/70,,Computer Science & Engineering (Cyber Security)_S3_G9,9,Computer Science & Engineering (Cyber Security),3,Tuesday-Saturday
tuesday,8:00 - 8:50,0,564__s1,MA23312,Fourier series and Number theory,Lecture,1,518,Arulmozhi Shanmugam,176157,61,B302,B Block,65,3,1,theory,False,65/70,,Computer Science & Engineering (Cyber Security)_S3_G10,10,Computer Science & Engineering (Cyber Security),3,Tuesday-Saturday
tuesday,10:00 - 10:50,2,564__s1,MA23312,Fourier series and Number theory,Lecture,2,518,Arulmozhi Shanmugam,176157,61,B302,B Block,65,3,1,theory,True,65/70,454__s1,Computer Science & Engineering (Cyber Security)_S3_G10,10,Computer Science & Engineering (Cyber Security),3,Tuesday-Saturday
thur,12:00 - 12:50,4,564__s1,MA23312,Fourier series and Number theory,Lecture,3,518,Arulmozhi Shanmugam,176157,59,B221,B Block,65,3,1,theory,True,65/70,454__s1,Computer Science & Engineering (Cyber Security)_S3_G10,10,Computer Science & Engineering (Cyber Security),3,Tuesday-Saturday
fri,10:00 - 10:50,2,564__s1,MA23312,Fourier series and Number theory,Tutorial,4,518,Arulmozhi Shanmugam,176157,54,B212,B Block,65,3,1,theory,True,65/70,454__s1,Computer Science & Engineering (Cyber Security)_S3_G10,10,Computer Science & Engineering (Cyber Security),3,Tuesday-Saturday
fri,11:00 - 11:50,3,564__s1,MA23312,Fourier series and Number theory,Lecture,5,518,Arulmozhi Shanmugam,176157,68,B321,B Block,65,3,1,theory,True,65/70,454__s1,Computer Science & Engineering (Cyber Security)_S3_G10,10,Computer Science & Engineering (Cyber Security),3,Tuesday-Saturday
saturday,10:00 - 10:50,2,564__s1,MA23312,Fourier series and Number theory,Lecture,6,518,Arulmozhi Shanmugam,176157,52,B210,B Block,65,3,1,theory,True,65/70,454__s1,Computer Science & Engineering (Cyber Security)_S3_G10,10,Computer Science & Engineering (Cyber Security),3,Tuesday-Saturday
saturday,2:00 - 2:50,6,564__s1,MA23312,Fourier series and Number theory,Lecture,7,518,Arulmozhi Shanmugam,176157,55,B213,B Block,65,3,1,theory,True,65/70,454__s1,Computer Science & Engineering (Cyber Security)_S3_G10,10,Computer Science & Engineering (Cyber Security),3,Tuesday-Saturday
wed,1:00 - 1:50,5,455__s2,CR23331,Cryptography,Lecture,1,293,Balasubramanian V,101322,91,B424,B Block,65,3,0,theory,False,65/70,,Computer Science & Engineering (Cyber Security)_S3_G11,11,Computer Science & Engineering (Cyber Security),3,Tuesday-Saturday
thur,9:00 - 9:50,1,455__s2,CR23331,Cryptography,Lecture,2,293,Balasubramanian V,101322,90,B423,B Block,65,3,0,theory,False,65/70,,Computer Science & Engineering (Cyber Security)_S3_G11,11,Computer Science & Engineering (Cyber Security),3,Tuesday-Saturday
thur,11:00 - 11:50,3,455__s2,CR23331,Cryptography,Lecture,3,293,Balasubramanian V,101322,93,B426,B Block,65,3,0,theory,False,65/70,,Computer Science & Engineering (Cyber Security)_S3_G11,11,Computer Science & Engineering (Cyber Security),3,Tuesday-Saturday
wed,2:00 - 2:50,6,374__s2,CS23532,Computer Networks,Lecture,1,1258,New Faculty Cse Cs,new faculty cse cs,92,B425,B Block,65,3,0,theory,False,65/70,,Computer Science & Engineering (Cyber Security)_S3_G14,14,Computer Science & Engineering (Cyber Security),3,Tuesday-Saturday
thur,10:00 - 10:50,2,374__s2,CS23532,Computer Networks,Lecture,2,1258,New Faculty Cse Cs,new faculty cse cs,54,B212,B Block,65,3,0,theory,False,65/70,,Computer Science & Engineering (Cyber Security)_S3_G14,14,Computer Science & Engineering (Cyber Security),3,Tuesday-Saturday
thur,1:00 - 1:50,5,374__s2,CS23532,Computer Networks,Lecture,3,1258,New Faculty Cse Cs,new faculty cse cs,90,B423,B Block,65,3,0,theory,False,65/70,,Computer Science & Engineering (Cyber Security)_S3_G14,14,Computer Science & Engineering (Cyber Security),3,Tuesday-Saturday
tuesday,2:00 - 2:50,6,565__s2,MA23312,Fourier series and Number theory,Lecture,1,495,Anbarasi V,176130,93,B426,B Block,65,3,1,theory,False,65/70,,Computer Science & Engineering (Cyber Security)_S3_G15,15,Computer Science & Engineering (Cyber Security),3,Tuesday-Saturday
thur,8:00 - 8:50,0,565__s2,MA23312,Fourier series and Number theory,Lecture,2,495,Anbarasi V,176130,89,B422,B Block,65,3,1,theory,False,65/70,,Computer Science & Engineering (Cyber Security)_S3_G15,15,Computer Science & Engineering (Cyber Security),3,Tuesday-Saturday
saturday,8:00 - 8:50,0,565__s2,MA23312,Fourier series and Number theory,Lecture,3,495,Anbarasi V,176130,53,B211,B Block,65,3,1,theory,False,65/70,,Computer Science & Engineering (Cyber Security)_S3_G15,15,Computer Science & Engineering (Cyber Security),3,Tuesday-Saturday
saturday,9:00 - 9:50,1,565__s2,MA23312,Fourier series and Number theory,Tutorial,4,495,Anbarasi V,176130,90,B423,B Block,65,3,1,theory,False,65/70,,Computer Science & Engineering (Cyber Security)_S3_G15,15,Computer Science & Engineering (Cyber Security),3,Tuesday-Saturday
fri,1:00 - 1:50,5,122__s0,AI23231,Principles of Artificial Intelligence,Lecture,1,74,T Srinivasan,103270,80,B409,B Block,64,3,0,theory,False,64/70,,Artificial Intelligence & Machine Learning_S3_G1,1,Artificial Intelligence & Machine Learning,3,Tuesday-Saturday
saturday,10:00 - 10:50,2,122__s0,AI23231,Principles of Artificial Intelligence,Lecture,2,74,T Srinivasan,103270,70,B325,B Block,64,3,0,theory,False,64/70,,Artificial Intelligence & Machine Learning_S3_G1,1,Artificial Intelligence & Machine Learning,3,Tuesday-Saturday
saturday,1:00 - 1:50,5,122__s0,AI23231,Principles of Artificial Intelligence,Lecture,3,74,T Srinivasan,103270,79,B408,B Block,64,3,0,theory,False,64/70,,Artificial Intelligence & Machine Learning_S3_G1,1,Artificial Intelligence & Machine Learning,3,Tuesday-Saturday
tuesday,1:00 - 1:50,5,229__s0,CS23331,Design and Analysis of Algorithms,Lecture,1,60,Raja Ramamoorthi,103268,88,B419,B Block,64,3,0,theory,True,64/70,853__s0,Artificial Intelligence & Machine Learning_S3_G2,2,Artificial Intelligence & Machine Learning,3,Tuesday-Saturday
tuesday,2:00 - 2:50,6,229__s0,CS23331,Design and Analysis of Algorithms,Lecture,2,60,Raja Ramamoorthi,103268,85,B416,B Block,64,3,0,theory,True,64/70,853__s0,Artificial Intelligence & Machine Learning_S3_G2,2,Artificial Intelligence & Machine Learning,3,Tuesday-Saturday
wed,1:00 - 1:50,5,229__s0,CS23331,Design and Analysis of Algorithms,Lecture,3,60,Raja Ramamoorthi,103268,86,B417,B Block,64,3,0,theory,True,64/70,853__s0,Artificial Intelligence & Machine Learning_S3_G2,2,Artificial Intelligence & Machine Learning,3,Tuesday-Saturday
wed,2:00 - 2:50,6,229__s0,CS23331,Design and Analysis of Algorithms,Lecture,4,60,Raja Ramamoorthi,103268,86,B417,B Block,64,3,0,theory,True,64/70,853__s0,Artificial Intelligence & Machine Learning_S3_G2,2,Artificial Intelligence & Machine Learning,3,Tuesday-Saturday
saturday,12:00 - 12:50,4,229__s0,CS23331,Design and Analysis of Algorithms,Lecture,5,60,Raja Ramamoorthi,103268,75,B402,B Block,64,3,0,theory,True,64/70,853__s0,Artificial Intelligence & Machine Learning_S3_G2,2,Artificial Intelligence & Machine Learning,3,Tuesday-Saturday
saturday,2:00 - 2:50,6,229__s0,CS23331,Design and Analysis of Algorithms,Lecture,6,60,Raja Ramamoorthi,103268,88,B419,B Block,64,3,0,theory,True,64/70,853__s0,Artificial Intelligence & Machine Learning_S3_G2,2,Artificial Intelligence & Machine Learning,3,Tuesday-Saturday
tuesday,1:00 - 1:50,5,853__s0,MA23313,Discrete Mathematics for AI,Lecture,1,503,Ramalakshmi K,176149,88,B419,B Block,64,3,1,theory,True,64/70,229__s0,Artificial Intelligence & Machine Learning_S3_G5,5,Artificial Intelligence & Machine Learning,3,Tuesday-Saturday
tuesday,2:00 - 2:50,6,853__s0,MA23313,Discrete Mathematics for AI,Lecture,2,503,Ramalakshmi K,176149,85,B416,B Block,64,3,1,theory,True,64/70,229__s0,Artificial Intelligence & Machine Learning_S3_G5,5,Artificial Intelligence & Machine Learning,3,Tuesday-Saturday
wed,1:00 - 1:50,5,853__s0,MA23313,Discrete Mathematics for AI,Lecture,3,503,Ramalakshmi K,176149,86,B417,B Block,64,3,1,theory,True,64/70,229__s0,Artificial Intelligence & Machine Learning_S3_G5,5,Artificial Intelligence & Machine Learning,3,Tuesday-Saturday
wed,2:00 - 2:50,6,853__s0,MA23313,Discrete Mathematics for AI,Tutorial,4,503,Ramalakshmi K,176149,86,B417,B Block,64,3,1,theory,True,64/70,229__s0,Artificial Intelligence & Machine Learning_S3_G5,5,Artificial Intelligence & Machine Learning,3,Tuesday-Saturday
thur,4:10 - 5:00,8,853__s0,MA23313,Discrete Mathematics for AI,Lecture,5,503,Ramalakshmi K,176149,85,B416,B Block,64,3,1,theory,False,64/70,,Artificial Intelligence & Machine Learning_S3_G5,5,Artificial Intelligence & Machine Learning,3,Tuesday-Saturday
saturday,12:00 - 12:50,4,853__s0,MA23313,Discrete Mathematics for AI,Lecture,6,503,Ramalakshmi K,176149,75,B402,B Block,64,3,1,theory,True,64/70,229__s0,Artificial Intelligence & Machine Learning_S3_G5,5,Artificial Intelligence & Machine Learning,3,Tuesday-Saturday
saturday,2:00 - 2:50,6,853__s0,MA23313,Discrete Mathematics for AI,Lecture,7,503,Ramalakshmi K,176149,88,B419,B Block,64,3,1,theory,True,64/70,229__s0,Artificial Intelligence & Machine Learning_S3_G5,5,Artificial Intelligence & Machine Learning,3,Tuesday-Saturday
tuesday,2:00 - 2:50,6,123__s1,AI23231,Principles of Artificial Intelligence,Lecture,1,70,Dr Rajasekaran A,103250,68,B321,B Block,64,3,0,theory,True,64/70,230__s1,Artificial Intelligence & Machine Learning_S3_G6,6,Artificial Intelligence & Machine Learning,3,Tuesday-Saturday
wed,12:00 - 12:50,4,123__s1,AI23231,Principles of Artificial Intelligence,Lecture,2,70,Dr Rajasekaran A,103250,69,B322,B Block,64,3,0,theory,True,64/70,230__s1,Artificial Intelligence & Machine Learning_S3_G6,6,Artificial Intelligence & Machine Learning,3,Tuesday-Saturday
wed,2:00 - 2:50,6,123__s1,AI23231,Principles of Artificial Intelligence,Lecture,3,70,Dr Rajasekaran A,103250,60,B222,B Block,64,3,0,theory,True,64/70,230__s1,Artificial Intelligence & Machine Learning_S3_G6,6,Artificial Intelligence & Machine Learning,3,Tuesday-Saturday
thur,1:00 - 1:50,5,123__s1,AI23231,Principles of Artificial Intelligence,Lecture,4,70,Dr Rajasekaran A,103250,55,B213,B Block,64,3,0,theory,True,64/70,230__s1,Artificial Intelligence & Machine Learning_S3_G6,6,Artificial Intelligence & Machine Learning,3,Tuesday-Saturday
fri,8:00 - 8:50,0,123__s1,AI23231,Principles of Artificial Intelligence,Lecture,5,70,Dr Rajasekaran A,103250,77,B404,B Block,64,3,0,theory,True,64/70,230__s1,Artificial Intelligence & Machine Learning_S3_G6,6,Artificial Intelligence & Machine Learning,3,Tuesday-Saturday
fri,1:00 - 1:50,5,123__s1,AI23231,Principles of Artificial Intelligence,Lecture,6,70,Dr Rajasekaran A,103250,74,B401,B Block,64,3,0,theory,True,64/70,230__s1,Artificial Intelligence & Machine Learning_S3_G6,6,Artificial Intelligence & Machine Learning,3,Tuesday-Saturday
tuesday,2:00 - 2:50,6,230__s1,CS23331,Design and Analysis of Algorithms,Lecture,1,52,Divya S,103229,68,B321,B Block,64,3,0,theory,True,64/70,123__s1,Artificial Intelligence & Machine Learning_S3_G7,7,Artificial Intelligence & Machine Learning,3,Tuesday-Saturday
wed,12:00 - 12:50,4,230__s1,CS23331,Design and Analysis of Algorithms,Lecture,2,52,Divya S,103229,69,B322,B Block,64,3,0,theory,True,64/70,123__s1,Artificial Intelligence & Machine Learning_S3_G7,7,Artificial Intelligence & Machine Learning,3,Tuesday-Saturday
wed,2:00 - 2:50,6,230__s1,CS23331,Design and Analysis of Algorithms,Lecture,3,52,Divya S,103229,60,B222,B Block,64,3,0,theory,True,64/70,123__s1,Artificial Intelligence & Machine Learning_S3_G7,7,Artificial Intelligence & Machine Learning,3,Tuesday-Saturday
thur,1:00 - 1:50,5,230__s1,CS23331,Design and Analysis of Algorithms,Lecture,4,52,Divya S,103229,55,B213,B Block,64,3,0,theory,True,64/70,123__s1,Artificial Intelligence & Machine Learning_S3_G7,7,Artificial Intelligence & Machine Learning,3,Tuesday-Saturday
fri,8:00 - 8:50,0,230__s1,CS23331,Design and Analysis of Algorithms,Lecture,5,52,Divya S,103229,77,B404,B Block,64,3,0,theory,True,64/70,123__s1,Artificial Intelligence & Machine Learning_S3_G7,7,Artificial Intelligence & Machine Learning,3,Tuesday-Saturday
fri,1:00 - 1:50,5,230__s1,CS23331,Design and Analysis of Algorithms,Lecture,6,52,Divya S,103229,74,B401,B Block,64,3,0,theory,True,64/70,123__s1,Artificial Intelligence & Machine Learning_S3_G7,7,Artificial Intelligence & Machine Learning,3,Tuesday-Saturday
wed,3:10 - 4:00,7,854__s1,MA23313,Discrete Mathematics for AI,Lecture,1,1134,Nivedha D,176170,67,B320,B Block,64,3,1,theory,False,64/70,,Artificial Intelligence & Machine Learning_S3_G10,10,Artificial Intelligence & Machine Learning,3,Tuesday-Saturday
fri,2:00 - 2:50,6,854__s1,MA23313,Discrete Mathematics for AI,Lecture,2,1134,Nivedha D,176170,77,B404,B Block,64,3,1,theory,False,64/70,,Artificial Intelligence & Machine Learning_S3_G10,10,Artificial Intelligence & Machine Learning,3,Tuesday-Saturday
saturday,1:00 - 1:50,5,854__s1,MA23313,Discrete Mathematics for AI,Lecture,3,1134,Nivedha D,176170,55,B213,B Block,64,3,1,theory,False,64/70,,Artificial Intelligence & Machine Learning_S3_G10,10,Artificial Intelligence & Machine Learning,3,Tuesday-Saturday
saturday,2:00 - 2:50,6,854__s1,MA23313,Discrete Mathematics for AI,Tutorial,4,1134,Nivedha D,176170,59,B221,B Block,64,3,1,theory,False,64/70,,Artificial Intelligence & Machine Learning_S3_G10,10,Artificial Intelligence & Machine Learning,3,Tuesday-Saturday
fri,12:00 - 12:50,4,124__s2,AI23231,Principles of Artificial Intelligence,Lecture,1,65,K Raju,103254,56,B218,B Block,64,3,0,theory,False,64/70,,Artificial Intelligence & Machine Learning_S3_G11,11,Artificial Intelligence & Machine Learning,3,Tuesday-Saturday
saturday,10:00 - 10:50,2,124__s2,AI23231,Principles of Artificial Intelligence,Lecture,2,65,K Raju,103254,55,B213,B Block,64,3,0,theory,False,64/70,,Artificial Intelligence & Machine Learning_S3_G11,11,Artificial Intelligence & Machine Learning,3,Tuesday-Saturday
saturday,2:00 - 2:50,6,124__s2,AI23231,Principles of Artificial Intelligence,Lecture,3,65,K Raju,103254,54,B212,B Block,64,3,0,theory,False,64/70,,Artificial Intelligence & Machine Learning_S3_G11,11,Artificial Intelligence & Machine Learning,3,Tuesday-Saturday
tuesday,10:00 - 10:50,2,231__s2,CS23331,Design and Analysis of Algorithms,Lecture,1,45,Saranya S,101266,104,C201,C Block,64,3,0,theory,False,64/70,,Artificial Intelligence & Machine Learning_S3_G12,12,Artificial Intelligence & Machine Learning,3,Tuesday-Saturday
tuesday,4:10 - 5:00,8,231__s2,CS23331,Design and Analysis of Algorithms,Lecture,2,45,Saranya S,101266,55,B213,B Block,64,3,0,theory,False,64/70,,Artificial Intelligence & Machine Learning_S3_G12,12,Artificial Intelligence & Machine Learning,3,Tuesday-Saturday
wed,9:00 - 9:50,1,231__s2,CS23331,Design and Analysis of Algorithms,Lecture,3,45,Saranya S,101266,109,C308,C Block,64,3,0,theory,False,64/70,,Artificial Intelligence & Machine Learning_S3_G12,12,Artificial Intelligence & Machine Learning,3,Tuesday-Saturday
tuesday,3:10 - 4:00,7,855__s2,MA23313,Discrete Mathematics for AI,Lecture,1,1027,Ramesh Nan,nan,55,B213,B Block,64,3,1,theory,False,64/70,,Artificial Intelligence & Machine Learning_S3_G15,15,Artificial Intelligence & Machine Learning,3,Tuesday-Saturday
wed,8:00 - 8:50,0,855__s2,MA23313,Discrete Mathematics for AI,Lecture,2,1027,Ramesh Nan,nan,99,C102,C Block,64,3,1,theory,False,64/70,,Artificial Intelligence & Machine Learning_S3_G15,15,Artificial Intelligence & Machine Learning,3,Tuesday-Saturday
thur,10:00 - 10:50,2,855__s2,MA23313,Discrete Mathematics for AI,Lecture,3,1027,Ramesh Nan,nan,107,C302,C Block,64,3,1,theory,False,64/70,,Artificial Intelligence & Machine Learning_S3_G15,15,Artificial Intelligence & Machine Learning,3,Tuesday-Saturday
saturday,8:00 - 8:50,0,855__s2,MA23313,Discrete Mathematics for AI,Tutorial,4,1027,Ramesh Nan,nan,54,B212,B Block,64,3,1,theory,False,64/70,,Artificial Intelligence & Machine Learning_S3_G15,15,Artificial Intelligence & Machine Learning,3,Tuesday-Saturday
tuesday,10:00 - 10:50,2,125__s3,AI23231,Principles of Artificial Intelligence,Lecture,1,61,Vijayabhaskar V,103282,85,B416,B Block,64,3,0,theory,True,64/70,232__s3,Artificial Intelligence & Machine Learning_S3_G16,16,Artificial Intelligence & Machine Learning,3,Tuesday-Saturday
tuesday,12:00 - 12:50,4,125__s3,AI23231,Principles of Artificial Intelligence,Lecture,2,61,Vijayabhaskar V,103282,86,B417,B Block,64,3,0,theory,True,64/70,232__s3,Artificial Intelligence & Machine Learning_S3_G16,16,Artificial Intelligence & Machine Learning,3,Tuesday-Saturday
wed,9:00 - 9:50,1,125__s3,AI23231,Principles of Artificial Intelligence,Lecture,3,61,Vijayabhaskar V,103282,84,B415,B Block,64,3,0,theory,True,64/70,232__s3,Artificial Intelligence & Machine Learning_S3_G16,16,Artificial Intelligence & Machine Learning,3,Tuesday-Saturday
thur,10:00 - 10:50,2,125__s3,AI23231,Principles of Artificial Intelligence,Lecture,4,61,Vijayabhaskar V,103282,93,B426,B Block,64,3,0,theory,True,64/70,232__s3,Artificial Intelligence & Machine Learning_S3_G16,16,Artificial Intelligence & Machine Learning,3,Tuesday-Saturday
thur,2:00 - 2:50,6,125__s3,AI23231,Principles of Artificial Intelligence,Lecture,5,61,Vijayabhaskar V,103282,91,B424,B Block,64,3,0,theory,True,64/70,232__s3,Artificial Intelligence & Machine Learning_S3_G16,16,Artificial Intelligence & Machine Learning,3,Tuesday-Saturday
saturday,10:00 - 10:50,2,125__s3,AI23231,Principles of Artificial Intelligence,Lecture,6,61,Vijayabhaskar V,103282,85,B416,B Block,64,3,0,theory,True,64/70,232__s3,Artificial Intelligence & Machine Learning_S3_G16,16,Artificial Intelligence & Machine Learning,3,Tuesday-Saturday
tuesday,10:00 - 10:50,2,232__s3,CS23331,Design and Analysis of Algorithms,Lecture,1,1190,S Suresh Nan,1019,85,B416,B Block,64,3,0,theory,True,64/70,125__s3,Artificial Intelligence & Machine Learning_S3_G17,17,Artificial Intelligence & Machine Learning,3,Tuesday-Saturday
tuesday,12:00 - 12:50,4,232__s3,CS23331,Design and Analysis of Algorithms,Lecture,2,1190,S Suresh Nan,1019,86,B417,B Block,64,3,0,theory,True,64/70,125__s3,Artificial Intelligence & Machine Learning_S3_G17,17,Artificial Intelligence & Machine Learning,3,Tuesday-Saturday
wed,9:00 - 9:50,1,232__s3,CS23331,Design and Analysis of Algorithms,Lecture,3,1190,S Suresh Nan,1019,84,B415,B Block,64,3,0,theory,True,64/70,125__s3,Artificial Intelligence & Machine Learning_S3_G17,17,Artificial Intelligence & Machine Learning,3,Tuesday-Saturday
thur,10:00 - 10:50,2,232__s3,CS23331,Design and Analysis of Algorithms,Lecture,4,1190,S Suresh Nan,1019,93,B426,B Block,64,3,0,theory,True,64/70,125__s3,Artificial Intelligence & Machine Learning_S3_G17,17,Artificial Intelligence & Machine Learning,3,Tuesday-Saturday
thur,2:00 - 2:50,6,232__s3,CS23331,Design and Analysis of Algorithms,Lecture,5,1190,S Suresh Nan,1019,91,B424,B Block,64,3,0,theory,True,64/70,125__s3,Artificial Intelligence & Machine Learning_S3_G17,17,Artificial Intelligence & Machine Learning,3,Tuesday-Saturday
saturday,10:00 - 10:50,2,232__s3,CS23331,Design and Analysis of Algorithms,Lecture,6,1190,S Suresh Nan,1019,85,B416,B Block,64,3,0,theory,True,64/70,125__s3,Artificial Intelligence & Machine Learning_S3_G17,17,Artificial Intelligence & Machine Learning,3,Tuesday-Saturday
wed,10:00 - 10:50,2,856__s3,MA23313,Discrete Mathematics for AI,Lecture,1,533,Prasanna Venkatesh L,176159,84,B415,B Block,64,3,1,theory,False,64/70,,Artificial Intelligence & Machine Learning_S3_G20,20,Artificial Intelligence & Machine Learning,3,Tuesday-Saturday
wed,2:00 - 2:50,6,856__s3,MA23313,Discrete Mathematics for AI,Lecture,2,533,Prasanna Venkatesh L,176159,84,B415,B Block,64,3,1,theory,False,64/70,,Artificial Intelligence & Machine Learning_S3_G20,20,Artificial Intelligence & Machine Learning,3,Tuesday-Saturday
fri,12:00 - 12:50,4,856__s3,MA23313,Discrete Mathematics for AI,Lecture,3,533,Prasanna Venkatesh L,176159,88,B419,B Block,64,3,1,theory,False,64/70,,Artificial Intelligence & Machine Learning_S3_G20,20,Artificial Intelligence & Machine Learning,3,Tuesday-Saturday
saturday,12:00 - 12:50,4,856__s3,MA23313,Discrete Mathematics for AI,Tutorial,4,533,Prasanna Venkatesh L,176159,90,B423,B Block,64,3,1,theory,False,64/70,,Artificial Intelligence & Machine Learning_S3_G20,20,Artificial Intelligence & Machine Learning,3,Tuesday-Saturday
tuesday,11:00 - 11:50,3,657__s0,CS23331,Design and Analysis of Algorithms,Lecture,1,465,Muthu Kumar B,103234,85,B416,B Block,65,3,0,theory,True,65/70,13__s0,Information Technology_S3_G1,1,Information Technology,3,Tuesday-Saturday
thur,10:00 - 10:50,2,657__s0,CS23331,Design and Analysis of Algorithms,Lecture,2,465,Muthu Kumar B,103234,85,B416,B Block,65,3,0,theory,True,65/70,13__s0,Information Technology_S3_G1,1,Information Technology,3,Tuesday-Saturday
thur,2:00 - 2:50,6,657__s0,CS23331,Design and Analysis of Algorithms,Lecture,3,465,Muthu Kumar B,103234,86,B417,B Block,65,3,0,theory,True,65/70,13__s0,Information Technology_S3_G1,1,Information Technology,3,Tuesday-Saturday
fri,8:00 - 8:50,0,657__s0,CS23331,Design and Analysis of Algorithms,Lecture,4,465,Muthu Kumar B,103234,84,B415,B Block,65,3,0,theory,True,65/70,13__s0,Information Technology_S3_G1,1,Information Technology,3,Tuesday-Saturday
fri,9:00 - 9:50,1,657__s0,CS23331,Design and Analysis of Algorithms,Lecture,5,465,Muthu Kumar B,103234,85,B416,B Block,65,3,0,theory,True,65/70,13__s0,Information Technology_S3_G1,1,Information Technology,3,Tuesday-Saturday
saturday,12:00 - 12:50,4,657__s0,CS23331,Design and Analysis of Algorithms,Lecture,6,465,Muthu Kumar B,103234,53,B211,B Block,65,3,0,theory,True,65/70,13__s0,Information Technology_S3_G1,1,Information Technology,3,Tuesday-Saturday
tuesday,10:00 - 10:50,2,748__s0,EC23314,Analog and Digital Communication,Lecture,1,1209,Suganthi Priya M,500024,90,B423,B Block,65,3,0,theory,True,65/70,719__s0,Information Technology_S3_G4,4,Information Technology,3,Tuesday-Saturday
wed,4:10 - 5:00,8,748__s0,EC23314,Analog and Digital Communication,Lecture,2,1209,Suganthi Priya M,500024,84,B415,B Block,65,3,0,theory,True,65/70,719__s0,Information Technology_S3_G4,4,Information Technology,3,Tuesday-Saturday
thur,12:00 - 12:50,4,748__s0,EC23314,Analog and Digital Communication,Lecture,3,1209,Suganthi Priya M,500024,84,B415,B Block,65,3,0,theory,True,65/70,719__s0,Information Technology_S3_G4,4,Information Technology,3,Tuesday-Saturday
thur,1:00 - 1:50,5,748__s0,EC23314,Analog and Digital Communication,Lecture,4,1209,Suganthi Priya M,500024,88,B419,B Block,65,3,0,theory,True,65/70,719__s0,Information Technology_S3_G4,4,Information Technology,3,Tuesday-Saturday
fri,10:00 - 10:50,2,748__s0,EC23314,Analog and Digital Communication,Lecture,5,1209,Suganthi Priya M,500024,90,B423,B Block,65,3,0,theory,True,65/70,719__s0,Information Technology_S3_G4,4,Information Technology,3,Tuesday-Saturday
saturday,10:00 - 10:50,2,748__s0,EC23314,Analog and Digital Communication,Lecture,6,1209,Suganthi Priya M,500024,87,B418,B Block,65,3,0,theory,True,65/70,719__s0,Information Technology_S3_G4,4,Information Technology,3,Tuesday-Saturday
tuesday,11:00 - 11:50,3,13__s0,IT23331,Digital Logic and Computer Architecture,Lecture,1,457,Shunmuganathan K L,101331,85,B416,B Block,70,3,0,theory,True,70/70,657__s0,Information Technology_S3_G5,5,Information Technology,3,Tuesday-Saturday
thur,10:00 - 10:50,2,13__s0,IT23331,Digital Logic and Computer Architecture,Lecture,2,457,Shunmuganathan K L,101331,85,B416,B Block,70,3,0,theory,True,70/70,657__s0,Information Technology_S3_G5,5,Information Technology,3,Tuesday-Saturday
thur,2:00 - 2:50,6,13__s0,IT23331,Digital Logic and Computer Architecture,Lecture,3,457,Shunmuganathan K L,101331,86,B417,B Block,70,3,0,theory,True,70/70,657__s0,Information Technology_S3_G5,5,Information Technology,3,Tuesday-Saturday
fri,8:00 - 8:50,0,13__s0,IT23331,Digital Logic and Computer Architecture,Lecture,4,457,Shunmuganathan K L,101331,84,B415,B Block,70,3,0,theory,True,70/70,657__s0,Information Technology_S3_G5,5,Information Technology,3,Tuesday-Saturday
fri,9:00 - 9:50,1,13__s0,IT23331,Digital Logic and Computer Architecture,Lecture,5,457,Shunmuganathan K L,101331,85,B416,B Block,70,3,0,theory,True,70/70,657__s0,Information Technology_S3_G5,5,Information Technology,3,Tuesday-Saturday
saturday,12:00 - 12:50,4,13__s0,IT23331,Digital Logic and Computer Architecture,Lecture,6,457,Shunmuganathan K L,101331,53,B211,B Block,70,3,0,theory,True,70/70,657__s0,Information Technology_S3_G5,5,Information Technology,3,Tuesday-Saturday
tuesday,10:00 - 10:50,2,719__s0,MA23312,Fourier series and Number theory,Lecture,1,516,Vikram S T,176142,90,B423,B Block,65,3,1,theory,True,65/70,748__s0,Information Technology_S3_G6,6,Information Technology,3,Tuesday-Saturday
wed,3:10 - 4:00,7,719__s0,MA23312,Fourier series and Number theory,Lecture,2,516,Vikram S T,176142,90,B423,B Block,65,3,1,theory,False,65/70,,Information Technology_S3_G6,6,Information Technology,3,Tuesday-Saturday
wed,4:10 - 5:00,8,719__s0,MA23312,Fourier series and Number theory,Lecture,3,516,Vikram S T,176142,84,B415,B Block,65,3,1,theory,True,65/70,748__s0,Information Technology_S3_G6,6,Information Technology,3,Tuesday-Saturday
thur,12:00 - 12:50,4,719__s0,MA23312,Fourier series and Number theory,Tutorial,4,516,Vikram S T,176142,84,B415,B Block,65,3,1,theory,True,65/70,748__s0,Information Technology_S3_G6,6,Information Technology,3,Tuesday-Saturday
thur,1:00 - 1:50,5,719__s0,MA23312,Fourier series and Number theory,Lecture,5,516,Vikram S T,176142,88,B419,B Block,65,3,1,theory,True,65/70,748__s0,Information Technology_S3_G6,6,Information Technology,3,Tuesday-Saturday
fri,10:00 - 10:50,2,719__s0,MA23312,Fourier series and Number theory,Lecture,6,516,Vikram S T,176142,90,B423,B Block,65,3,1,theory,True,65/70,748__s0,Information Technology_S3_G6,6,Information Technology,3,Tuesday-Saturday
saturday,10:00 - 10:50,2,719__s0,MA23312,Fourier series and Number theory,Lecture,7,516,Vikram S T,176142,87,B418,B Block,65,3,1,theory,True,65/70,748__s0,Information Technology_S3_G6,6,Information Technology,3,Tuesday-Saturday
tuesday,1:00 - 1:50,5,658__s1,CS23331,Design and Analysis of Algorithms,Lecture,1,462,A Kalaivani,103200,80,B409,B Block,65,3,0,theory,True,65/70,749__s1,Information Technology_S3_G7,7,Information Technology,3,Tuesday-Saturday
wed,3:10 - 4:00,7,658__s1,CS23331,Design and Analysis of Algorithms,Lecture,2,462,A Kalaivani,103200,52,B210,B Block,65,3,0,theory,True,65/70,749__s1,Information Technology_S3_G7,7,Information Technology,3,Tuesday-Saturday
fri,8:00 - 8:50,0,658__s1,CS23331,Design and Analysis of Algorithms,Lecture,3,462,A Kalaivani,103200,78,B405,B Block,65,3,0,theory,True,65/70,749__s1,Information Technology_S3_G7,7,Information Technology,3,Tuesday-Saturday
fri,1:00 - 1:50,5,658__s1,CS23331,Design and Analysis of Algorithms,Lecture,4,462,A Kalaivani,103200,83,B412,B Block,65,3,0,theory,True,65/70,749__s1,Information Technology_S3_G7,7,Information Technology,3,Tuesday-Saturday
saturday,9:00 - 9:50,1,658__s1,CS23331,Design and Analysis of Algorithms,Lecture,5,462,A Kalaivani,103200,77,B404,B Block,65,3,0,theory,True,65/70,749__s1,Information Technology_S3_G7,7,Information Technology,3,Tuesday-Saturday
saturday,2:00 - 2:50,6,658__s1,CS23331,Design and Analysis of Algorithms,Lecture,6,462,A Kalaivani,103200,83,B412,B Block,65,3,0,theory,True,65/70,749__s1,Information Technology_S3_G7,7,Information Technology,3,Tuesday-Saturday
tuesday,1:00 - 1:50,5,749__s1,EC23314,Analog and Digital Communication,Lecture,1,362,Bharathy R,102147,80,B409,B Block,65,3,0,theory,True,65/70,658__s1,Information Technology_S3_G10,10,Information Technology,3,Tuesday-Saturday
wed,3:10 - 4:00,7,749__s1,EC23314,Analog and Digital Communication,Lecture,2,362,Bharathy R,102147,52,B210,B Block,65,3,0,theory,True,65/70,658__s1,Information Technology_S3_G10,10,Information Technology,3,Tuesday-Saturday
fri,8:00 - 8:50,0,749__s1,EC23314,Analog and Digital Communication,Lecture,3,362,Bharathy R,102147,78,B405,B Block,65,3,0,theory,True,65/70,658__s1,Information Technology_S3_G10,10,Information Technology,3,Tuesday-Saturday
fri,1:00 - 1:50,5,749__s1,EC23314,Analog and Digital Communication,Lecture,4,362,Bharathy R,102147,83,B412,B Block,65,3,0,theory,True,65/70,658__s1,Information Technology_S3_G10,10,Information Technology,3,Tuesday-Saturday
saturday,9:00 - 9:50,1,749__s1,EC23314,Analog and Digital Communication,Lecture,5,362,Bharathy R,102147,77,B404,B Block,65,3,0,theory,True,65/70,658__s1,Information Technology_S3_G10,10,Information Technology,3,Tuesday-Saturday
saturday,2:00 - 2:50,6,749__s1,EC23314,Analog and Digital Communication,Lecture,6,362,Bharathy R,102147,83,B412,B Block,65,3,0,theory,True,65/70,658__s1,Information Technology_S3_G10,10,Information Technology,3,Tuesday-Saturday
tuesday,3:10 - 4:00,7,14__s1,IT23331,Digital Logic and Computer Architecture,Lecture,1,461,S Subbiah,103199,75,B402,B Block,70,3,0,theory,True,70/70,720__s1,Information Technology_S3_G11,11,Information Technology,3,Tuesday-Saturday
tuesday,4:10 - 5:00,8,14__s1,IT23331,Digital Logic and Computer Architecture,Lecture,2,461,S Subbiah,103199,76,B403,B Block,70,3,0,theory,True,70/70,720__s1,Information Technology_S3_G11,11,Information Technology,3,Tuesday-Saturday
fri,3:10 - 4:00,7,14__s1,IT23331,Digital Logic and Computer Architecture,Lecture,3,461,S Subbiah,103199,75,B402,B Block,70,3,0,theory,True,70/70,720__s1,Information Technology_S3_G11,11,Information Technology,3,Tuesday-Saturday
fri,4:10 - 5:00,8,14__s1,IT23331,Digital Logic and Computer Architecture,Lecture,4,461,S Subbiah,103199,74,B401,B Block,70,3,0,theory,True,70/70,720__s1,Information Technology_S3_G11,11,Information Technology,3,Tuesday-Saturday
saturday,8:00 - 8:50,0,14__s1,IT23331,Digital Logic and Computer Architecture,Lecture,5,461,S Subbiah,103199,74,B401,B Block,70,3,0,theory,True,70/70,720__s1,Information Technology_S3_G11,11,Information Technology,3,Tuesday-Saturday
saturday,10:00 - 10:50,2,14__s1,IT23331,Digital Logic and Computer Architecture,Lecture,6,461,S Subbiah,103199,75,B402,B Block,70,3,0,theory,True,70/70,720__s1,Information Technology_S3_G11,11,Information Technology,3,Tuesday-Saturday
tuesday,3:10 - 4:00,7,720__s1,MA23312,Fourier series and Number theory,Lecture,1,517,Vinod Kumar R,176153,75,B402,B Block,65,3,1,theory,True,65/70,14__s1,Information Technology_S3_G12,12,Information Technology,3,Tuesday-Saturday
tuesday,4:10 - 5:00,8,720__s1,MA23312,Fourier series and Number theory,Lecture,2,517,Vinod Kumar R,176153,76,B403,B Block,65,3,1,theory,True,65/70,14__s1,Information Technology_S3_G12,12,Information Technology,3,Tuesday-Saturday
wed,4:10 - 5:00,8,720__s1,MA23312,Fourier series and Number theory,Lecture,3,517,Vinod Kumar R,176153,80,B409,B Block,65,3,1,theory,False,65/70,,Information Technology_S3_G12,12,Information Technology,3,Tuesday-Saturday
fri,3:10 - 4:00,7,720__s1,MA23312,Fourier series and Number theory,Tutorial,4,517,Vinod Kumar R,176153,75,B402,B Block,65,3,1,theory,True,65/70,14__s1,Information Technology_S3_G12,12,Information Technology,3,Tuesday-Saturday
fri,4:10 - 5:00,8,720__s1,MA23312,Fourier series and Number theory,Lecture,5,517,Vinod Kumar R,176153,74,B401,B Block,65,3,1,theory,True,65/70,14__s1,Information Technology_S3_G12,12,Information Technology,3,Tuesday-Saturday
saturday,8:00 - 8:50,0,720__s1,MA23312,Fourier series and Number theory,Lecture,6,517,Vinod Kumar R,176153,74,B401,B Block,65,3,1,theory,True,65/70,14__s1,Information Technology_S3_G12,12,Information Technology,3,Tuesday-Saturday
saturday,10:00 - 10:50,2,720__s1,MA23312,Fourier series and Number theory,Lecture,7,517,Vinod Kumar R,176153,75,B402,B Block,65,3,1,theory,True,65/70,14__s1,Information Technology_S3_G12,12,Information Technology,3,Tuesday-Saturday
tuesday,1:00 - 1:50,5,659__s2,CS23331,Design and Analysis of Algorithms,Lecture,1,435,L Leena Jenifer,103204,58,B220,B Block,65,3,0,theory,True,65/70,750__s2,Information Technology_S3_G13,13,Information Technology,3,Tuesday-Saturday
tuesday,2:00 - 2:50,6,659__s2,CS23331,Design and Analysis of Algorithms,Lecture,2,435,L Leena Jenifer,103204,79,B408,B Block,65,3,0,theory,True,65/70,750__s2,Information Technology_S3_G13,13,Information Technology,3,Tuesday-Saturday
wed,11:00 - 11:50,3,659__s2,CS23331,Design and Analysis of Algorithms,Lecture,3,435,L Leena Jenifer,103204,79,B408,B Block,65,3,0,theory,True,65/70,750__s2,Information Technology_S3_G13,13,Information Technology,3,Tuesday-Saturday
thur,3:10 - 4:00,7,659__s2,CS23331,Design and Analysis of Algorithms,Lecture,4,435,L Leena Jenifer,103204,67,B320,B Block,65,3,0,theory,True,65/70,750__s2,Information Technology_S3_G13,13,Information Technology,3,Tuesday-Saturday
fri,1:00 - 1:50,5,659__s2,CS23331,Design and Analysis of Algorithms,Lecture,5,435,L Leena Jenifer,103204,77,B404,B Block,65,3,0,theory,True,65/70,750__s2,Information Technology_S3_G13,13,Information Technology,3,Tuesday-Saturday
fri,2:00 - 2:50,6,659__s2,CS23331,Design and Analysis of Algorithms,Lecture,6,435,L Leena Jenifer,103204,79,B408,B Block,65,3,0,theory,True,65/70,750__s2,Information Technology_S3_G13,13,Information Technology,3,Tuesday-Saturday
tuesday,1:00 - 1:50,5,750__s2,EC23314,Analog and Digital Communication,Lecture,1,341,A E Prabhu,102194,58,B220,B Block,65,3,0,theory,True,65/70,659__s2,Information Technology_S3_G16,16,Information Technology,3,Tuesday-Saturday
tuesday,2:00 - 2:50,6,750__s2,EC23314,Analog and Digital Communication,Lecture,2,341,A E Prabhu,102194,79,B408,B Block,65,3,0,theory,True,65/70,659__s2,Information Technology_S3_G16,16,Information Technology,3,Tuesday-Saturday
wed,11:00 - 11:50,3,750__s2,EC23314,Analog and Digital Communication,Lecture,3,341,A E Prabhu,102194,79,B408,B Block,65,3,0,theory,True,65/70,659__s2,Information Technology_S3_G16,16,Information Technology,3,Tuesday-Saturday
thur,3:10 - 4:00,7,750__s2,EC23314,Analog and Digital Communication,Lecture,4,341,A E Prabhu,102194,67,B320,B Block,65,3,0,theory,True,65/70,659__s2,Information Technology_S3_G16,16,Information Technology,3,Tuesday-Saturday
fri,1:00 - 1:50,5,750__s2,EC23314,Analog and Digital Communication,Lecture,5,341,A E Prabhu,102194,77,B404,B Block,65,3,0,theory,True,65/70,659__s2,Information Technology_S3_G16,16,Information Technology,3,Tuesday-Saturday
fri,2:00 - 2:50,6,750__s2,EC23314,Analog and Digital Communication,Lecture,6,341,A E Prabhu,102194,79,B408,B Block,65,3,0,theory,True,65/70,659__s2,Information Technology_S3_G16,16,Information Technology,3,Tuesday-Saturday
wed,3:10 - 4:00,7,695__s2,IT23331,Digital Logic and Computer Architecture,Lecture,1,359,Kumaran N,102211,57,B219,B Block,70,3,0,theory,True,70/70,721__s2,Information Technology_S3_G17,17,Information Technology,3,Tuesday-Saturday
wed,4:10 - 5:00,8,695__s2,IT23331,Digital Logic and Computer Architecture,Lecture,2,359,Kumaran N,102211,58,B220,B Block,70,3,0,theory,True,70/70,721__s2,Information Technology_S3_G17,17,Information Technology,3,Tuesday-Saturday
thur,4:10 - 5:00,8,695__s2,IT23331,Digital Logic and Computer Architecture,Lecture,3,359,Kumaran N,102211,58,B220,B Block,70,3,0,theory,True,70/70,721__s2,Information Technology_S3_G17,17,Information Technology,3,Tuesday-Saturday
fri,3:10 - 4:00,7,695__s2,IT23331,Digital Logic and Computer Architecture,Lecture,4,359,Kumaran N,102211,56,B218,B Block,70,3,0,theory,True,70/70,721__s2,Information Technology_S3_G17,17,Information Technology,3,Tuesday-Saturday
saturday,10:00 - 10:50,2,695__s2,IT23331,Digital Logic and Computer Architecture,Lecture,5,359,Kumaran N,102211,56,B218,B Block,70,3,0,theory,True,70/70,721__s2,Information Technology_S3_G17,17,Information Technology,3,Tuesday-Saturday
saturday,2:00 - 2:50,6,695__s2,IT23331,Digital Logic and Computer Architecture,Lecture,6,359,Kumaran N,102211,58,B220,B Block,70,3,0,theory,True,70/70,721__s2,Information Technology_S3_G17,17,Information Technology,3,Tuesday-Saturday
wed,3:10 - 4:00,7,721__s2,MA23312,Fourier series and Number theory,Lecture,1,502,Santhiya S,176148,57,B219,B Block,65,3,1,theory,True,65/70,695__s2,Information Technology_S3_G18,18,Information Technology,3,Tuesday-Saturday
wed,4:10 - 5:00,8,721__s2,MA23312,Fourier series and Number theory,Lecture,2,502,Santhiya S,176148,58,B220,B Block,65,3,1,theory,True,65/70,695__s2,Information Technology_S3_G18,18,Information Technology,3,Tuesday-Saturday
thur,4:10 - 5:00,8,721__s2,MA23312,Fourier series and Number theory,Lecture,3,502,Santhiya S,176148,58,B220,B Block,65,3,1,theory,True,65/70,695__s2,Information Technology_S3_G18,18,Information Technology,3,Tuesday-Saturday
fri,11:00 - 11:50,3,721__s2,MA23312,Fourier series and Number theory,Tutorial,4,502,Santhiya S,176148,75,B402,B Block,65,3,1,theory,False,65/70,,Information Technology_S3_G18,18,Information Technology,3,Tuesday-Saturday
fri,3:10 - 4:00,7,721__s2,MA23312,Fourier series and Number theory,Lecture,5,502,Santhiya S,176148,56,B218,B Block,65,3,1,theory,True,65/70,695__s2,Information Technology_S3_G18,18,Information Technology,3,Tuesday-Saturday
saturday,10:00 - 10:50,2,721__s2,MA23312,Fourier series and Number theory,Lecture,6,502,Santhiya S,176148,56,B218,B Block,65,3,1,theory,True,65/70,695__s2,Information Technology_S3_G18,18,Information Technology,3,Tuesday-Saturday
saturday,2:00 - 2:50,6,721__s2,MA23312,Fourier series and Number theory,Lecture,7,502,Santhiya S,176148,58,B220,B Block,65,3,1,theory,True,65/70,695__s2,Information Technology_S3_G18,18,Information Technology,3,Tuesday-Saturday
tuesday,9:00 - 9:50,1,660__s3,CS23331,Design and Analysis of Algorithms,Lecture,1,451,Vinothkumar R,103284,59,B221,B Block,65,3,0,theory,True,65/70,722__s3,Information Technology_S3_G19,19,Information Technology,3,Tuesday-Saturday
tuesday,1:00 - 1:50,5,660__s3,CS23331,Design and Analysis of Algorithms,Lecture,2,451,Vinothkumar R,103284,55,B213,B Block,65,3,0,theory,True,65/70,722__s3,Information Technology_S3_G19,19,Information Technology,3,Tuesday-Saturday
wed,11:00 - 11:50,3,660__s3,CS23331,Design and Analysis of Algorithms,Lecture,3,451,Vinothkumar R,103284,60,B222,B Block,65,3,0,theory,True,65/70,722__s3,Information Technology_S3_G19,19,Information Technology,3,Tuesday-Saturday
fri,11:00 - 11:50,3,660__s3,CS23331,Design and Analysis of Algorithms,Lecture,4,451,Vinothkumar R,103284,59,B221,B Block,65,3,0,theory,True,65/70,722__s3,Information Technology_S3_G19,19,Information Technology,3,Tuesday-Saturday
saturday,3:10 - 4:00,7,660__s3,CS23331,Design and Analysis of Algorithms,Lecture,5,451,Vinothkumar R,103284,54,B212,B Block,65,3,0,theory,True,65/70,722__s3,Information Technology_S3_G19,19,Information Technology,3,Tuesday-Saturday
saturday,4:10 - 5:00,8,660__s3,CS23331,Design and Analysis of Algorithms,Lecture,6,451,Vinothkumar R,103284,53,B211,B Block,65,3,0,theory,True,65/70,722__s3,Information Technology_S3_G19,19,Information Technology,3,Tuesday-Saturday
tuesday,3:10 - 4:00,7,751__s3,EC23314,Analog and Digital Communication,Lecture,1,366,Karthi J,102163,61,B302,B Block,65,3,0,theory,False,65/70,,Information Technology_S3_G22,22,Information Technology,3,Tuesday-Saturday
tuesday,4:10 - 5:00,8,751__s3,EC23314,Analog and Digital Communication,Lecture,2,366,Karthi J,102163,61,B302,B Block,65,3,0,theory,False,65/70,,Information Technology_S3_G22,22,Information Technology,3,Tuesday-Saturday
thur,10:00 - 10:50,2,751__s3,EC23314,Analog and Digital Communication,Lecture,3,366,Karthi J,102163,109,C308,C Block,65,3,0,theory,False,65/70,,Information Technology_S3_G22,22,Information Technology,3,Tuesday-Saturday
tuesday,8:00 - 8:50,0,696__s3,IT23331,Digital Logic and Computer Architecture,Lecture,1,1243,Suma Nair,500018,93,B426,B Block,70,3,0,theory,False,70/70,,Information Technology_S3_G23,23,Information Technology,3,Tuesday-Saturday
wed,10:00 - 10:50,2,696__s3,IT23331,Digital Logic and Computer Architecture,Lecture,2,1243,Suma Nair,500018,92,B425,B Block,70,3,0,theory,False,70/70,,Information Technology_S3_G23,23,Information Technology,3,Tuesday-Saturday
wed,2:00 - 2:50,6,696__s3,IT23331,Digital Logic and Computer Architecture,Lecture,3,1243,Suma Nair,500018,83,B412,B Block,70,3,0,theory,False,70/70,,Information Technology_S3_G23,23,Information Technology,3,Tuesday-Saturday
tuesday,9:00 - 9:50,1,722__s3,MA23312,Fourier series and Number theory,Lecture,1,1062,Ilango M S,500032,59,B221,B Block,65,3,1,theory,True,65/70,660__s3,Information Technology_S3_G24,24,Information Technology,3,Tuesday-Saturday
tuesday,1:00 - 1:50,5,722__s3,MA23312,Fourier series and Number theory,Lecture,2,1062,Ilango M S,500032,55,B213,B Block,65,3,1,theory,True,65/70,660__s3,Information Technology_S3_G24,24,Information Technology,3,Tuesday-Saturday
wed,11:00 - 11:50,3,722__s3,MA23312,Fourier series and Number theory,Lecture,3,1062,Ilango M S,500032,60,B222,B Block,65,3,1,theory,True,65/70,660__s3,Information Technology_S3_G24,24,Information Technology,3,Tuesday-Saturday
wed,1:00 - 1:50,5,722__s3,MA23312,Fourier series and Number theory,Tutorial,4,1062,Ilango M S,500032,58,B220,B Block,65,3,1,theory,False,65/70,,Information Technology_S3_G24,24,Information Technology,3,Tuesday-Saturday
fri,11:00 - 11:50,3,722__s3,MA23312,Fourier series and Number theory,Lecture,5,1062,Ilango M S,500032,59,B221,B Block,65,3,1,theory,True,65/70,660__s3,Information Technology_S3_G24,24,Information Technology,3,Tuesday-Saturday
saturday,3:10 - 4:00,7,722__s3,MA23312,Fourier series and Number theory,Lecture,6,1062,Ilango M S,500032,54,B212,B Block,65,3,1,theory,True,65/70,660__s3,Information Technology_S3_G24,24,Information Technology,3,Tuesday-Saturday
saturday,4:10 - 5:00,8,722__s3,MA23312,Fourier series and Number theory,Lecture,7,1062,Ilango M S,500032,53,B211,B Block,65,3,1,theory,True,65/70,660__s3,Information Technology_S3_G24,24,Information Technology,3,Tuesday-Saturday
wed,1:00 - 1:50,5,661__s4,CS23331,Design and Analysis of Algorithms,Lecture,1,446,Narayana K E,101200,85,B416,B Block,65,3,0,theory,True,65/70,752__s4,Information Technology_S3_G25,25,Information Technology,3,Tuesday-Saturday
wed,2:00 - 2:50,6,661__s4,CS23331,Design and Analysis of Algorithms,Lecture,2,446,Narayana K E,101200,85,B416,B Block,65,3,0,theory,True,65/70,752__s4,Information Technology_S3_G25,25,Information Technology,3,Tuesday-Saturday
thur,8:00 - 8:50,0,661__s4,CS23331,Design and Analysis of Algorithms,Lecture,3,446,Narayana K E,101200,93,B426,B Block,65,3,0,theory,True,65/70,752__s4,Information Technology_S3_G25,25,Information Technology,3,Tuesday-Saturday
thur,9:00 - 9:50,1,661__s4,CS23331,Design and Analysis of Algorithms,Lecture,4,446,Narayana K E,101200,86,B417,B Block,65,3,0,theory,True,65/70,752__s4,Information Technology_S3_G25,25,Information Technology,3,Tuesday-Saturday
fri,11:00 - 11:50,3,661__s4,CS23331,Design and Analysis of Algorithms,Lecture,5,446,Narayana K E,101200,85,B416,B Block,65,3,0,theory,True,65/70,752__s4,Information Technology_S3_G25,25,Information Technology,3,Tuesday-Saturday
fri,2:00 - 2:50,6,661__s4,CS23331,Design and Analysis of Algorithms,Lecture,6,446,Narayana K E,101200,90,B423,B Block,65,3,0,theory,True,65/70,752__s4,Information Technology_S3_G25,25,Information Technology,3,Tuesday-Saturday
wed,1:00 - 1:50,5,752__s4,EC23314,Analog and Digital Communication,Lecture,1,369,Tamilarasi M,102177,85,B416,B Block,65,3,0,theory,True,65/70,661__s4,Information Technology_S3_G28,28,Information Technology,3,Tuesday-Saturday
wed,2:00 - 2:50,6,752__s4,EC23314,Analog and Digital Communication,Lecture,2,369,Tamilarasi M,102177,85,B416,B Block,65,3,0,theory,True,65/70,661__s4,Information Technology_S3_G28,28,Information Technology,3,Tuesday-Saturday
thur,8:00 - 8:50,0,752__s4,EC23314,Analog and Digital Communication,Lecture,3,369,Tamilarasi M,102177,93,B426,B Block,65,3,0,theory,True,65/70,661__s4,Information Technology_S3_G28,28,Information Technology,3,Tuesday-Saturday
thur,9:00 - 9:50,1,752__s4,EC23314,Analog and Digital Communication,Lecture,4,369,Tamilarasi M,102177,86,B417,B Block,65,3,0,theory,True,65/70,661__s4,Information Technology_S3_G28,28,Information Technology,3,Tuesday-Saturday
fri,11:00 - 11:50,3,752__s4,EC23314,Analog and Digital Communication,Lecture,5,369,Tamilarasi M,102177,85,B416,B Block,65,3,0,theory,True,65/70,661__s4,Information Technology_S3_G28,28,Information Technology,3,Tuesday-Saturday
fri,2:00 - 2:50,6,752__s4,EC23314,Analog and Digital Communication,Lecture,6,369,Tamilarasi M,102177,90,B423,B Block,65,3,0,theory,True,65/70,661__s4,Information Technology_S3_G28,28,Information Technology,3,Tuesday-Saturday
thur,11:00 - 11:50,3,697__s4,IT23331,Digital Logic and Computer Architecture,Lecture,1,1064,Jayanthi K,102226,87,B418,B Block,70,3,0,theory,False,70/70,,Information Technology_S3_G29,29,Information Technology,3,Tuesday-Saturday
thur,12:00 - 12:50,4,697__s4,IT23331,Digital Logic and Computer Architecture,Lecture,2,1064,Jayanthi K,102226,85,B416,B Block,70,3,0,theory,False,70/70,,Information Technology_S3_G29,29,Information Technology,3,Tuesday-Saturday
fri,10:00 - 10:50,2,697__s4,IT23331,Digital Logic and Computer Architecture,Lecture,3,1064,Jayanthi K,102226,74,B401,B Block,70,3,0,theory,False,70/70,,Information Technology_S3_G29,29,Information Technology,3,Tuesday-Saturday
wed,4:10 - 5:00,8,723__s4,MA23312,Fourier series and Number theory,Lecture,1,514,V Bharathi,176131,85,B416,B Block,65,3,1,theory,False,65/70,,Information Technology_S3_G30,30,Information Technology,3,Tuesday-Saturday
thur,10:00 - 10:50,2,723__s4,MA23312,Fourier series and Number theory,Lecture,2,514,V Bharathi,176131,92,B425,B Block,65,3,1,theory,False,65/70,,Information Technology_S3_G30,30,Information Technology,3,Tuesday-Saturday
thur,2:00 - 2:50,6,723__s4,MA23312,Fourier series and Number theory,Lecture,3,514,V Bharathi,176131,85,B416,B Block,65,3,1,theory,False,65/70,,Information Technology_S3_G30,30,Information Technology,3,Tuesday-Saturday
fri,1:00 - 1:50,5,723__s4,MA23312,Fourier series and Number theory,Tutorial,4,514,V Bharathi,176131,85,B416,B Block,65,3,1,theory,False,65/70,,Information Technology_S3_G30,30,Information Technology,3,Tuesday-Saturday
thur,10:00 - 10:50,2,622__s0,AI23231,Principles of Artificial Intelligence,Lecture,1,40,Sampath Kumar Vajravel,103260,91,B424,B Block,66,3,0,theory,True,66/70,172__s0,Artificial Intelligence & Data Science_S3_G1,1,Artificial Intelligence & Data Science,3,Tuesday-Saturday
thur,12:00 - 12:50,4,622__s0,AI23231,Principles of Artificial Intelligence,Lecture,2,40,Sampath Kumar Vajravel,103260,92,B425,B Block,66,3,0,theory,True,66/70,172__s0,Artificial Intelligence & Data Science_S3_G1,1,Artificial Intelligence & Data Science,3,Tuesday-Saturday
fri,8:00 - 8:50,0,622__s0,AI23231,Principles of Artificial Intelligence,Lecture,3,40,Sampath Kumar Vajravel,103260,88,B419,B Block,66,3,0,theory,True,66/70,172__s0,Artificial Intelligence & Data Science_S3_G1,1,Artificial Intelligence & Data Science,3,Tuesday-Saturday
fri,9:00 - 9:50,1,622__s0,AI23231,Principles of Artificial Intelligence,Lecture,4,40,Sampath Kumar Vajravel,103260,88,B419,B Block,66,3,0,theory,True,66/70,172__s0,Artificial Intelligence & Data Science_S3_G1,1,Artificial Intelligence & Data Science,3,Tuesday-Saturday
saturday,10:00 - 10:50,2,622__s0,AI23231,Principles of Artificial Intelligence,Lecture,5,40,Sampath Kumar Vajravel,103260,90,B423,B Block,66,3,0,theory,True,66/70,172__s0,Artificial Intelligence & Data Science_S3_G1,1,Artificial Intelligence & Data Science,3,Tuesday-Saturday
saturday,12:00 - 12:50,4,622__s0,AI23231,Principles of Artificial Intelligence,Lecture,6,40,Sampath Kumar Vajravel,103260,93,B426,B Block,66,3,0,theory,True,66/70,172__s0,Artificial Intelligence & Data Science_S3_G1,1,Artificial Intelligence & Data Science,3,Tuesday-Saturday
thur,10:00 - 10:50,2,172__s0,CS23331,Design and Analysis of Algorithms,Lecture,1,1052,Sangamithrai Nan,nan,91,B424,B Block,66,3,0,theory,True,66/70,622__s0,Artificial Intelligence & Data Science_S3_G2,2,Artificial Intelligence & Data Science,3,Tuesday-Saturday
thur,12:00 - 12:50,4,172__s0,CS23331,Design and Analysis of Algorithms,Lecture,2,1052,Sangamithrai Nan,nan,92,B425,B Block,66,3,0,theory,True,66/70,622__s0,Artificial Intelligence & Data Science_S3_G2,2,Artificial Intelligence & Data Science,3,Tuesday-Saturday
fri,8:00 - 8:50,0,172__s0,CS23331,Design and Analysis of Algorithms,Lecture,3,1052,Sangamithrai Nan,nan,88,B419,B Block,66,3,0,theory,True,66/70,622__s0,Artificial Intelligence & Data Science_S3_G2,2,Artificial Intelligence & Data Science,3,Tuesday-Saturday
fri,9:00 - 9:50,1,172__s0,CS23331,Design and Analysis of Algorithms,Lecture,4,1052,Sangamithrai Nan,nan,88,B419,B Block,66,3,0,theory,True,66/70,622__s0,Artificial Intelligence & Data Science_S3_G2,2,Artificial Intelligence & Data Science,3,Tuesday-Saturday
saturday,10:00 - 10:50,2,172__s0,CS23331,Design and Analysis of Algorithms,Lecture,5,1052,Sangamithrai Nan,nan,90,B423,B Block,66,3,0,theory,True,66/70,622__s0,Artificial Intelligence & Data Science_S3_G2,2,Artificial Intelligence & Data Science,3,Tuesday-Saturday
saturday,12:00 - 12:50,4,172__s0,CS23331,Design and Analysis of Algorithms,Lecture,6,1052,Sangamithrai Nan,nan,93,B426,B Block,66,3,0,theory,True,66/70,622__s0,Artificial Intelligence & Data Science_S3_G2,2,Artificial Intelligence & Data Science,3,Tuesday-Saturday
tuesday,10:00 - 10:50,2,685__s0,MA23313,Discrete Mathematics for AI,Lecture,1,511,Vasanthi S,176104,89,B422,B Block,66,3,1,theory,False,66/70,,Artificial Intelligence & Data Science_S3_G5,5,Artificial Intelligence & Data Science,3,Tuesday-Saturday
wed,10:00 - 10:50,2,685__s0,MA23313,Discrete Mathematics for AI,Lecture,2,511,Vasanthi S,176104,89,B422,B Block,66,3,1,theory,True,66/70,1508__s0,Artificial Intelligence & Data Science_S3_G5,5,Artificial Intelligence & Data Science,3,Tuesday-Saturday
wed,2:00 - 2:50,6,685__s0,MA23313,Discrete Mathematics for AI,Lecture,3,511,Vasanthi S,176104,89,B422,B Block,66,3,1,theory,True,66/70,1508__s0,Artificial Intelligence & Data Science_S3_G5,5,Artificial Intelligence & Data Science,3,Tuesday-Saturday
thur,8:00 - 8:50,0,685__s0,MA23313,Discrete Mathematics for AI,Tutorial,4,511,Vasanthi S,176104,92,B425,B Block,66,3,1,theory,True,66/70,1508__s0,Artificial Intelligence & Data Science_S3_G5,5,Artificial Intelligence & Data Science,3,Tuesday-Saturday
thur,9:00 - 9:50,1,685__s0,MA23313,Discrete Mathematics for AI,Lecture,5,511,Vasanthi S,176104,92,B425,B Block,66,3,1,theory,True,66/70,1508__s0,Artificial Intelligence & Data Science_S3_G5,5,Artificial Intelligence & Data Science,3,Tuesday-Saturday
fri,11:00 - 11:50,3,685__s0,MA23313,Discrete Mathematics for AI,Lecture,6,511,Vasanthi S,176104,91,B424,B Block,66,3,1,theory,True,66/70,1508__s0,Artificial Intelligence & Data Science_S3_G5,5,Artificial Intelligence & Data Science,3,Tuesday-Saturday
fri,12:00 - 12:50,4,685__s0,MA23313,Discrete Mathematics for AI,Lecture,7,511,Vasanthi S,176104,93,B426,B Block,66,3,1,theory,True,66/70,1508__s0,Artificial Intelligence & Data Science_S3_G5,5,Artificial Intelligence & Data Science,3,Tuesday-Saturday
wed,10:00 - 10:50,2,1508__s0,MC23112,Environmental Science and Engineering,Lecture,1,612,Ragavendran Venkatesan,156058,89,B422,B Block,66,3,0,theory,True,66/70,685__s0,Artificial Intelligence & Data Science_S3_G6,6,Artificial Intelligence & Data Science,3,Tuesday-Saturday
wed,2:00 - 2:50,6,1508__s0,MC23112,Environmental Science and Engineering,Lecture,2,612,Ragavendran Venkatesan,156058,89,B422,B Block,66,3,0,theory,True,66/70,685__s0,Artificial Intelligence & Data Science_S3_G6,6,Artificial Intelligence & Data Science,3,Tuesday-Saturday
thur,8:00 - 8:50,0,1508__s0,MC23112,Environmental Science and Engineering,Lecture,3,612,Ragavendran Venkatesan,156058,92,B425,B Block,66,3,0,theory,True,66/70,685__s0,Artificial Intelligence & Data Science_S3_G6,6,Artificial Intelligence & Data Science,3,Tuesday-Saturday
thur,9:00 - 9:50,1,1508__s0,MC23112,Environmental Science and Engineering,Lecture,4,612,Ragavendran Venkatesan,156058,92,B425,B Block,66,3,0,theory,True,66/70,685__s0,Artificial Intelligence & Data Science_S3_G6,6,Artificial Intelligence & Data Science,3,Tuesday-Saturday
fri,11:00 - 11:50,3,1508__s0,MC23112,Environmental Science and Engineering,Lecture,5,612,Ragavendran Venkatesan,156058,91,B424,B Block,66,3,0,theory,True,66/70,685__s0,Artificial Intelligence & Data Science_S3_G6,6,Artificial Intelligence & Data Science,3,Tuesday-Saturday
fri,12:00 - 12:50,4,1508__s0,MC23112,Environmental Science and Engineering,Lecture,6,612,Ragavendran Venkatesan,156058,93,B426,B Block,66,3,0,theory,True,66/70,685__s0,Artificial Intelligence & Data Science_S3_G6,6,Artificial Intelligence & Data Science,3,Tuesday-Saturday
tuesday,8:00 - 8:50,0,623__s1,AI23231,Principles of Artificial Intelligence,Lecture,1,19,S Renuka Devi,101285,77,B404,B Block,66,3,0,theory,True,66/70,686__s1,Artificial Intelligence & Data Science_S3_G7,7,Artificial Intelligence & Data Science,3,Tuesday-Saturday
tuesday,9:00 - 9:50,1,623__s1,AI23231,Principles of Artificial Intelligence,Lecture,2,19,S Renuka Devi,101285,81,B410,B Block,66,3,0,theory,True,66/70,686__s1,Artificial Intelligence & Data Science_S3_G7,7,Artificial Intelligence & Data Science,3,Tuesday-Saturday
thur,9:00 - 9:50,1,623__s1,AI23231,Principles of Artificial Intelligence,Lecture,3,19,S Renuka Devi,101285,81,B410,B Block,66,3,0,theory,True,66/70,686__s1,Artificial Intelligence & Data Science_S3_G7,7,Artificial Intelligence & Data Science,3,Tuesday-Saturday
thur,12:00 - 12:50,4,623__s1,AI23231,Principles of Artificial Intelligence,Lecture,4,19,S Renuka Devi,101285,81,B410,B Block,66,3,0,theory,True,66/70,686__s1,Artificial Intelligence & Data Science_S3_G7,7,Artificial Intelligence & Data Science,3,Tuesday-Saturday
fri,10:00 - 10:50,2,623__s1,AI23231,Principles of Artificial Intelligence,Lecture,5,19,S Renuka Devi,101285,84,B415,B Block,66,3,0,theory,True,66/70,686__s1,Artificial Intelligence & Data Science_S3_G7,7,Artificial Intelligence & Data Science,3,Tuesday-Saturday
saturday,2:00 - 2:50,6,623__s1,AI23231,Principles of Artificial Intelligence,Lecture,6,19,S Renuka Devi,101285,81,B410,B Block,66,3,0,theory,True,66/70,686__s1,Artificial Intelligence & Data Science_S3_G7,7,Artificial Intelligence & Data Science,3,Tuesday-Saturday
wed,1:00 - 1:50,5,173__s1,CS23331,Design and Analysis of Algorithms,Lecture,1,1006,E Rajalakshmi,nan,81,B410,B Block,66,3,0,theory,True,66/70,1509__s1,Artificial Intelligence & Data Science_S3_G8,8,Artificial Intelligence & Data Science,3,Tuesday-Saturday
wed,2:00 - 2:50,6,173__s1,CS23331,Design and Analysis of Algorithms,Lecture,2,1006,E Rajalakshmi,nan,91,B424,B Block,66,3,0,theory,True,66/70,1509__s1,Artificial Intelligence & Data Science_S3_G8,8,Artificial Intelligence & Data Science,3,Tuesday-Saturday
thur,8:00 - 8:50,0,173__s1,CS23331,Design and Analysis of Algorithms,Lecture,3,1006,E Rajalakshmi,nan,86,B417,B Block,66,3,0,theory,True,66/70,1509__s1,Artificial Intelligence & Data Science_S3_G8,8,Artificial Intelligence & Data Science,3,Tuesday-Saturday
thur,2:00 - 2:50,6,173__s1,CS23331,Design and Analysis of Algorithms,Lecture,4,1006,E Rajalakshmi,nan,87,B418,B Block,66,3,0,theory,True,66/70,1509__s1,Artificial Intelligence & Data Science_S3_G8,8,Artificial Intelligence & Data Science,3,Tuesday-Saturday
fri,2:00 - 2:50,6,173__s1,CS23331,Design and Analysis of Algorithms,Lecture,5,1006,E Rajalakshmi,nan,84,B415,B Block,66,3,0,theory,True,66/70,1509__s1,Artificial Intelligence & Data Science_S3_G8,8,Artificial Intelligence & Data Science,3,Tuesday-Saturday
saturday,10:00 - 10:50,2,173__s1,CS23331,Design and Analysis of Algorithms,Lecture,6,1006,E Rajalakshmi,nan,92,B425,B Block,66,3,0,theory,True,66/70,1509__s1,Artificial Intelligence & Data Science_S3_G8,8,Artificial Intelligence & Data Science,3,Tuesday-Saturday
tuesday,8:00 - 8:50,0,686__s1,MA23313,Discrete Mathematics for AI,Lecture,1,522,Shakila V,176116,77,B404,B Block,66,3,1,theory,True,66/70,623__s1,Artificial Intelligence & Data Science_S3_G11,11,Artificial Intelligence & Data Science,3,Tuesday-Saturday
tuesday,9:00 - 9:50,1,686__s1,MA23313,Discrete Mathematics for AI,Lecture,2,522,Shakila V,176116,81,B410,B Block,66,3,1,theory,True,66/70,623__s1,Artificial Intelligence & Data Science_S3_G11,11,Artificial Intelligence & Data Science,3,Tuesday-Saturday
wed,3:10 - 4:00,7,686__s1,MA23313,Discrete Mathematics for AI,Lecture,3,522,Shakila V,176116,88,B419,B Block,66,3,1,theory,False,66/70,,Artificial Intelligence & Data Science_S3_G11,11,Artificial Intelligence & Data Science,3,Tuesday-Saturday
thur,9:00 - 9:50,1,686__s1,MA23313,Discrete Mathematics for AI,Tutorial,4,522,Shakila V,176116,81,B410,B Block,66,3,1,theory,True,66/70,623__s1,Artificial Intelligence & Data Science_S3_G11,11,Artificial Intelligence & Data Science,3,Tuesday-Saturday
thur,12:00 - 12:50,4,686__s1,MA23313,Discrete Mathematics for AI,Lecture,5,522,Shakila V,176116,81,B410,B Block,66,3,1,theory,True,66/70,623__s1,Artificial Intelligence & Data Science_S3_G11,11,Artificial Intelligence & Data Science,3,Tuesday-Saturday
fri,10:00 - 10:50,2,686__s1,MA23313,Discrete Mathematics for AI,Lecture,6,522,Shakila V,176116,84,B415,B Block,66,3,1,theory,True,66/70,623__s1,Artificial Intelligence & Data Science_S3_G11,11,Artificial Intelligence & Data Science,3,Tuesday-Saturday
saturday,2:00 - 2:50,6,686__s1,MA23313,Discrete Mathematics for AI,Lecture,7,522,Shakila V,176116,81,B410,B Block,66,3,1,theory,True,66/70,623__s1,Artificial Intelligence & Data Science_S3_G11,11,Artificial Intelligence & Data Science,3,Tuesday-Saturday
wed,1:00 - 1:50,5,1509__s1,MC23112,Environmental Science and Engineering,Lecture,1,598,G Ahilandeswari,156061,81,B410,B Block,66,3,0,theory,True,66/70,173__s1,Artificial Intelligence & Data Science_S3_G12,12,Artificial Intelligence & Data Science,3,Tuesday-Saturday
wed,2:00 - 2:50,6,1509__s1,MC23112,Environmental Science and Engineering,Lecture,2,598,G Ahilandeswari,156061,91,B424,B Block,66,3,0,theory,True,66/70,173__s1,Artificial Intelligence & Data Science_S3_G12,12,Artificial Intelligence & Data Science,3,Tuesday-Saturday
thur,8:00 - 8:50,0,1509__s1,MC23112,Environmental Science and Engineering,Lecture,3,598,G Ahilandeswari,156061,86,B417,B Block,66,3,0,theory,True,66/70,173__s1,Artificial Intelligence & Data Science_S3_G12,12,Artificial Intelligence & Data Science,3,Tuesday-Saturday
thur,2:00 - 2:50,6,1509__s1,MC23112,Environmental Science and Engineering,Lecture,4,598,G Ahilandeswari,156061,87,B418,B Block,66,3,0,theory,True,66/70,173__s1,Artificial Intelligence & Data Science_S3_G12,12,Artificial Intelligence & Data Science,3,Tuesday-Saturday
fri,2:00 - 2:50,6,1509__s1,MC23112,Environmental Science and Engineering,Lecture,5,598,G Ahilandeswari,156061,84,B415,B Block,66,3,0,theory,True,66/70,173__s1,Artificial Intelligence & Data Science_S3_G12,12,Artificial Intelligence & Data Science,3,Tuesday-Saturday
saturday,10:00 - 10:50,2,1509__s1,MC23112,Environmental Science and Engineering,Lecture,6,598,G Ahilandeswari,156061,92,B425,B Block,66,3,0,theory,True,66/70,173__s1,Artificial Intelligence & Data Science_S3_G12,12,Artificial Intelligence & Data Science,3,Tuesday-Saturday
thur,8:00 - 8:50,0,624__s2,AI23231,Principles of Artificial Intelligence,Lecture,1,29,Nirmala Anandhi Y,103232,78,B405,B Block,66,3,0,theory,True,66/70,687__s2,Artificial Intelligence & Data Science_S3_G13,13,Artificial Intelligence & Data Science,3,Tuesday-Saturday
thur,9:00 - 9:50,1,624__s2,AI23231,Principles of Artificial Intelligence,Lecture,2,29,Nirmala Anandhi Y,103232,76,B403,B Block,66,3,0,theory,True,66/70,687__s2,Artificial Intelligence & Data Science_S3_G13,13,Artificial Intelligence & Data Science,3,Tuesday-Saturday
fri,1:00 - 1:50,5,624__s2,AI23231,Principles of Artificial Intelligence,Lecture,3,29,Nirmala Anandhi Y,103232,70,B325,B Block,66,3,0,theory,True,66/70,687__s2,Artificial Intelligence & Data Science_S3_G13,13,Artificial Intelligence & Data Science,3,Tuesday-Saturday
fri,2:00 - 2:50,6,624__s2,AI23231,Principles of Artificial Intelligence,Lecture,4,29,Nirmala Anandhi Y,103232,80,B409,B Block,66,3,0,theory,True,66/70,687__s2,Artificial Intelligence & Data Science_S3_G13,13,Artificial Intelligence & Data Science,3,Tuesday-Saturday
saturday,8:00 - 8:50,0,624__s2,AI23231,Principles of Artificial Intelligence,Lecture,5,29,Nirmala Anandhi Y,103232,80,B409,B Block,66,3,0,theory,True,66/70,687__s2,Artificial Intelligence & Data Science_S3_G13,13,Artificial Intelligence & Data Science,3,Tuesday-Saturday
saturday,12:00 - 12:50,4,624__s2,AI23231,Principles of Artificial Intelligence,Lecture,6,29,Nirmala Anandhi Y,103232,82,B411,B Block,66,3,0,theory,True,66/70,687__s2,Artificial Intelligence & Data Science_S3_G13,13,Artificial Intelligence & Data Science,3,Tuesday-Saturday
tuesday,1:00 - 1:50,5,174__s2,CS23331,Design and Analysis of Algorithms,Lecture,1,1012,New Faculty 1,Dhanya J,61,B302,B Block,66,3,0,theory,True,66/70,1510__s2,Artificial Intelligence & Data Science_S3_G14,14,Artificial Intelligence & Data Science,3,Tuesday-Saturday
wed,8:00 - 8:50,0,174__s2,CS23331,Design and Analysis of Algorithms,Lecture,2,1012,New Faculty 1,Dhanya J,81,B410,B Block,66,3,0,theory,True,66/70,1510__s2,Artificial Intelligence & Data Science_S3_G14,14,Artificial Intelligence & Data Science,3,Tuesday-Saturday
wed,9:00 - 9:50,1,174__s2,CS23331,Design and Analysis of Algorithms,Lecture,3,1012,New Faculty 1,Dhanya J,75,B402,B Block,66,3,0,theory,True,66/70,1510__s2,Artificial Intelligence & Data Science_S3_G14,14,Artificial Intelligence & Data Science,3,Tuesday-Saturday
thur,2:00 - 2:50,6,174__s2,CS23331,Design and Analysis of Algorithms,Lecture,4,1012,New Faculty 1,Dhanya J,82,B411,B Block,66,3,0,theory,True,66/70,1510__s2,Artificial Intelligence & Data Science_S3_G14,14,Artificial Intelligence & Data Science,3,Tuesday-Saturday
saturday,9:00 - 9:50,1,174__s2,CS23331,Design and Analysis of Algorithms,Lecture,5,1012,New Faculty 1,Dhanya J,70,B325,B Block,66,3,0,theory,True,66/70,1510__s2,Artificial Intelligence & Data Science_S3_G14,14,Artificial Intelligence & Data Science,3,Tuesday-Saturday
saturday,2:00 - 2:50,6,174__s2,CS23331,Design and Analysis of Algorithms,Lecture,6,1012,New Faculty 1,Dhanya J,70,B325,B Block,66,3,0,theory,True,66/70,1510__s2,Artificial Intelligence & Data Science_S3_G14,14,Artificial Intelligence & Data Science,3,Tuesday-Saturday
tuesday,2:00 - 2:50,6,687__s2,MA23313,Discrete Mathematics for AI,Lecture,1,536,Sriram Sastha,176145,80,B409,B Block,66,3,1,theory,False,66/70,,Artificial Intelligence & Data Science_S3_G17,17,Artificial Intelligence & Data Science,3,Tuesday-Saturday
thur,8:00 - 8:50,0,687__s2,MA23313,Discrete Mathematics for AI,Lecture,2,536,Sriram Sastha,176145,78,B405,B Block,66,3,1,theory,True,66/70,624__s2,Artificial Intelligence & Data Science_S3_G17,17,Artificial Intelligence & Data Science,3,Tuesday-Saturday
thur,9:00 - 9:50,1,687__s2,MA23313,Discrete Mathematics for AI,Lecture,3,536,Sriram Sastha,176145,76,B403,B Block,66,3,1,theory,True,66/70,624__s2,Artificial Intelligence & Data Science_S3_G17,17,Artificial Intelligence & Data Science,3,Tuesday-Saturday
fri,1:00 - 1:50,5,687__s2,MA23313,Discrete Mathematics for AI,Tutorial,4,536,Sriram Sastha,176145,70,B325,B Block,66,3,1,theory,True,66/70,624__s2,Artificial Intelligence & Data Science_S3_G17,17,Artificial Intelligence & Data Science,3,Tuesday-Saturday
fri,2:00 - 2:50,6,687__s2,MA23313,Discrete Mathematics for AI,Lecture,5,536,Sriram Sastha,176145,80,B409,B Block,66,3,1,theory,True,66/70,624__s2,Artificial Intelligence & Data Science_S3_G17,17,Artificial Intelligence & Data Science,3,Tuesday-Saturday
saturday,8:00 - 8:50,0,687__s2,MA23313,Discrete Mathematics for AI,Lecture,6,536,Sriram Sastha,176145,80,B409,B Block,66,3,1,theory,True,66/70,624__s2,Artificial Intelligence & Data Science_S3_G17,17,Artificial Intelligence & Data Science,3,Tuesday-Saturday
saturday,12:00 - 12:50,4,687__s2,MA23313,Discrete Mathematics for AI,Lecture,7,536,Sriram Sastha,176145,82,B411,B Block,66,3,1,theory,True,66/70,624__s2,Artificial Intelligence & Data Science_S3_G17,17,Artificial Intelligence & Data Science,3,Tuesday-Saturday
tuesday,1:00 - 1:50,5,1510__s2,MC23112,Environmental Science and Engineering,Lecture,1,594,Muralidharan R,156052,61,B302,B Block,66,3,0,theory,True,66/70,174__s2,Artificial Intelligence & Data Science_S3_G18,18,Artificial Intelligence & Data Science,3,Tuesday-Saturday
wed,8:00 - 8:50,0,1510__s2,MC23112,Environmental Science and Engineering,Lecture,2,594,Muralidharan R,156052,81,B410,B Block,66,3,0,theory,True,66/70,174__s2,Artificial Intelligence & Data Science_S3_G18,18,Artificial Intelligence & Data Science,3,Tuesday-Saturday
wed,9:00 - 9:50,1,1510__s2,MC23112,Environmental Science and Engineering,Lecture,3,594,Muralidharan R,156052,75,B402,B Block,66,3,0,theory,True,66/70,174__s2,Artificial Intelligence & Data Science_S3_G18,18,Artificial Intelligence & Data Science,3,Tuesday-Saturday
thur,2:00 - 2:50,6,1510__s2,MC23112,Environmental Science and Engineering,Lecture,4,594,Muralidharan R,156052,82,B411,B Block,66,3,0,theory,True,66/70,174__s2,Artificial Intelligence & Data Science_S3_G18,18,Artificial Intelligence & Data Science,3,Tuesday-Saturday
saturday,9:00 - 9:50,1,1510__s2,MC23112,Environmental Science and Engineering,Lecture,5,594,Muralidharan R,156052,70,B325,B Block,66,3,0,theory,True,66/70,174__s2,Artificial Intelligence & Data Science_S3_G18,18,Artificial Intelligence & Data Science,3,Tuesday-Saturday
saturday,2:00 - 2:50,6,1510__s2,MC23112,Environmental Science and Engineering,Lecture,6,594,Muralidharan R,156052,70,B325,B Block,66,3,0,theory,True,66/70,174__s2,Artificial Intelligence & Data Science_S3_G18,18,Artificial Intelligence & Data Science,3,Tuesday-Saturday
wed,10:00 - 10:50,2,625__s3,AI23231,Principles of Artificial Intelligence,Lecture,1,23,Aswin Jeba Mahir A,103269,106,C301,C Block,66,3,0,theory,False,66/70,,Artificial Intelligence & Data Science_S3_G19,19,Artificial Intelligence & Data Science,3,Tuesday-Saturday
saturday,9:00 - 9:50,1,625__s3,AI23231,Principles of Artificial Intelligence,Lecture,2,23,Aswin Jeba Mahir A,103269,57,B219,B Block,66,3,0,theory,False,66/70,,Artificial Intelligence & Data Science_S3_G19,19,Artificial Intelligence & Data Science,3,Tuesday-Saturday
saturday,2:00 - 2:50,6,625__s3,AI23231,Principles of Artificial Intelligence,Lecture,3,23,Aswin Jeba Mahir A,103269,52,B210,B Block,66,3,0,theory,False,66/70,,Artificial Intelligence & Data Science_S3_G19,19,Artificial Intelligence & Data Science,3,Tuesday-Saturday
tuesday,9:00 - 9:50,1,175__s3,CS23331,Design and Analysis of Algorithms,Lecture,1,30,Ponnila P,103257,67,B320,B Block,66,3,0,theory,True,66/70,688__s3,Artificial Intelligence & Data Science_S3_G20,20,Artificial Intelligence & Data Science,3,Tuesday-Saturday
tuesday,12:00 - 12:50,4,175__s3,CS23331,Design and Analysis of Algorithms,Lecture,2,30,Ponnila P,103257,61,B302,B Block,66,3,0,theory,True,66/70,688__s3,Artificial Intelligence & Data Science_S3_G20,20,Artificial Intelligence & Data Science,3,Tuesday-Saturday
thur,8:00 - 8:50,0,175__s3,CS23331,Design and Analysis of Algorithms,Lecture,3,30,Ponnila P,103257,60,B222,B Block,66,3,0,theory,True,66/70,688__s3,Artificial Intelligence & Data Science_S3_G20,20,Artificial Intelligence & Data Science,3,Tuesday-Saturday
thur,9:00 - 9:50,1,175__s3,CS23331,Design and Analysis of Algorithms,Lecture,4,30,Ponnila P,103257,52,B210,B Block,66,3,0,theory,True,66/70,688__s3,Artificial Intelligence & Data Science_S3_G20,20,Artificial Intelligence & Data Science,3,Tuesday-Saturday
saturday,8:00 - 8:50,0,175__s3,CS23331,Design and Analysis of Algorithms,Lecture,5,30,Ponnila P,103257,55,B213,B Block,66,3,0,theory,True,66/70,688__s3,Artificial Intelligence & Data Science_S3_G20,20,Artificial Intelligence & Data Science,3,Tuesday-Saturday
saturday,10:00 - 10:50,2,175__s3,CS23331,Design and Analysis of Algorithms,Lecture,6,30,Ponnila P,103257,53,B211,B Block,66,3,0,theory,True,66/70,688__s3,Artificial Intelligence & Data Science_S3_G20,20,Artificial Intelligence & Data Science,3,Tuesday-Saturday
tuesday,9:00 - 9:50,1,688__s3,MA23313,Discrete Mathematics for AI,Lecture,1,1031,Prasanna Jayanathi,nan,67,B320,B Block,66,3,1,theory,True,66/70,175__s3,Artificial Intelligence & Data Science_S3_G23,23,Artificial Intelligence & Data Science,3,Tuesday-Saturday
tuesday,12:00 - 12:50,4,688__s3,MA23313,Discrete Mathematics for AI,Lecture,2,1031,Prasanna Jayanathi,nan,61,B302,B Block,66,3,1,theory,True,66/70,175__s3,Artificial Intelligence & Data Science_S3_G23,23,Artificial Intelligence & Data Science,3,Tuesday-Saturday
thur,8:00 - 8:50,0,688__s3,MA23313,Discrete Mathematics for AI,Lecture,3,1031,Prasanna Jayanathi,nan,60,B222,B Block,66,3,1,theory,True,66/70,175__s3,Artificial Intelligence & Data Science_S3_G23,23,Artificial Intelligence & Data Science,3,Tuesday-Saturday
thur,9:00 - 9:50,1,688__s3,MA23313,Discrete Mathematics for AI,Tutorial,4,1031,Prasanna Jayanathi,nan,52,B210,B Block,66,3,1,theory,True,66/70,175__s3,Artificial Intelligence & Data Science_S3_G23,23,Artificial Intelligence & Data Science,3,Tuesday-Saturday
fri,10:00 - 10:50,2,688__s3,MA23313,Discrete Mathematics for AI,Lecture,5,1031,Prasanna Jayanathi,nan,106,C301,C Block,66,3,1,theory,False,66/70,,Artificial Intelligence & Data Science_S3_G23,23,Artificial Intelligence & Data Science,3,Tuesday-Saturday
saturday,8:00 - 8:50,0,688__s3,MA23313,Discrete Mathematics for AI,Lecture,6,1031,Prasanna Jayanathi,nan,55,B213,B Block,66,3,1,theory,True,66/70,175__s3,Artificial Intelligence & Data Science_S3_G23,23,Artificial Intelligence & Data Science,3,Tuesday-Saturday
saturday,10:00 - 10:50,2,688__s3,MA23313,Discrete Mathematics for AI,Lecture,7,1031,Prasanna Jayanathi,nan,53,B211,B Block,66,3,1,theory,True,66/70,175__s3,Artificial Intelligence & Data Science_S3_G23,23,Artificial Intelligence & Data Science,3,Tuesday-Saturday
tuesday,8:00 - 8:50,0,1511__s3,MC23112,Environmental Science and Engineering,Lecture,1,1121,Neelakantaprasad B,156065,107,C302,C Block,66,3,0,theory,False,66/70,,Artificial Intelligence & Data Science_S3_G24,24,Artificial Intelligence & Data Science,3,Tuesday-Saturday
thur,10:00 - 10:50,2,1511__s3,MC23112,Environmental Science and Engineering,Lecture,2,1121,Neelakantaprasad B,156065,108,C307,C Block,66,3,0,theory,False,66/70,,Artificial Intelligence & Data Science_S3_G24,24,Artificial Intelligence & Data Science,3,Tuesday-Saturday
fri,9:00 - 9:50,1,1511__s3,MC23112,Environmental Science and Engineering,Lecture,3,1121,Neelakantaprasad B,156065,106,C301,C Block,66,3,0,theory,False,66/70,,Artificial Intelligence & Data Science_S3_G24,24,Artificial Intelligence & Data Science,3,Tuesday-Saturday
tuesday,8:00 - 8:50,0,626__s4,AI23231,Principles of Artificial Intelligence,Lecture,1,23,Aswin Jeba Mahir A,103269,89,B422,B Block,66,3,0,theory,True,66/70,1512__s4,Artificial Intelligence & Data Science_S3_G25,25,Artificial Intelligence & Data Science,3,Tuesday-Saturday
tuesday,9:00 - 9:50,1,626__s4,AI23231,Principles of Artificial Intelligence,Lecture,2,23,Aswin Jeba Mahir A,103269,92,B425,B Block,66,3,0,theory,True,66/70,1512__s4,Artificial Intelligence & Data Science_S3_G25,25,Artificial Intelligence & Data Science,3,Tuesday-Saturday
wed,12:00 - 12:50,4,626__s4,AI23231,Principles of Artificial Intelligence,Lecture,3,23,Aswin Jeba Mahir A,103269,89,B422,B Block,66,3,0,theory,True,66/70,1512__s4,Artificial Intelligence & Data Science_S3_G25,25,Artificial Intelligence & Data Science,3,Tuesday-Saturday
thur,8:00 - 8:50,0,626__s4,AI23231,Principles of Artificial Intelligence,Lecture,4,23,Aswin Jeba Mahir A,103269,91,B424,B Block,66,3,0,theory,True,66/70,1512__s4,Artificial Intelligence & Data Science_S3_G25,25,Artificial Intelligence & Data Science,3,Tuesday-Saturday
thur,9:00 - 9:50,1,626__s4,AI23231,Principles of Artificial Intelligence,Lecture,5,23,Aswin Jeba Mahir A,103269,89,B422,B Block,66,3,0,theory,True,66/70,1512__s4,Artificial Intelligence & Data Science_S3_G25,25,Artificial Intelligence & Data Science,3,Tuesday-Saturday
saturday,10:00 - 10:50,2,626__s4,AI23231,Principles of Artificial Intelligence,Lecture,6,23,Aswin Jeba Mahir A,103269,89,B422,B Block,66,3,0,theory,True,66/70,1512__s4,Artificial Intelligence & Data Science_S3_G25,25,Artificial Intelligence & Data Science,3,Tuesday-Saturday
tuesday,11:00 - 11:50,3,176__s4,CS23331,Design and Analysis of Algorithms,Lecture,1,30,Ponnila P,103257,88,B419,B Block,66,3,0,theory,True,66/70,689__s4,Artificial Intelligence & Data Science_S3_G26,26,Artificial Intelligence & Data Science,3,Tuesday-Saturday
wed,11:00 - 11:50,3,176__s4,CS23331,Design and Analysis of Algorithms,Lecture,2,30,Ponnila P,103257,90,B423,B Block,66,3,0,theory,True,66/70,689__s4,Artificial Intelligence & Data Science_S3_G26,26,Artificial Intelligence & Data Science,3,Tuesday-Saturday
thur,10:00 - 10:50,2,176__s4,CS23331,Design and Analysis of Algorithms,Lecture,3,30,Ponnila P,103257,90,B423,B Block,66,3,0,theory,True,66/70,689__s4,Artificial Intelligence & Data Science_S3_G26,26,Artificial Intelligence & Data Science,3,Tuesday-Saturday
thur,2:00 - 2:50,6,176__s4,CS23331,Design and Analysis of Algorithms,Lecture,4,30,Ponnila P,103257,93,B426,B Block,66,3,0,theory,True,66/70,689__s4,Artificial Intelligence & Data Science_S3_G26,26,Artificial Intelligence & Data Science,3,Tuesday-Saturday
fri,10:00 - 10:50,2,176__s4,CS23331,Design and Analysis of Algorithms,Lecture,5,30,Ponnila P,103257,88,B419,B Block,66,3,0,theory,True,66/70,689__s4,Artificial Intelligence & Data Science_S3_G26,26,Artificial Intelligence & Data Science,3,Tuesday-Saturday
saturday,2:00 - 2:50,6,176__s4,CS23331,Design and Analysis of Algorithms,Lecture,6,30,Ponnila P,103257,93,B426,B Block,66,3,0,theory,True,66/70,689__s4,Artificial Intelligence & Data Science_S3_G26,26,Artificial Intelligence & Data Science,3,Tuesday-Saturday
tuesday,11:00 - 11:50,3,689__s4,MA23313,Discrete Mathematics for AI,Lecture,1,1216,Thirukumaran S,500016,88,B419,B Block,66,3,1,theory,True,66/70,176__s4,Artificial Intelligence & Data Science_S3_G29,29,Artificial Intelligence & Data Science,3,Tuesday-Saturday
wed,10:00 - 10:50,2,689__s4,MA23313,Discrete Mathematics for AI,Lecture,2,1216,Thirukumaran S,500016,91,B424,B Block,66,3,1,theory,False,66/70,,Artificial Intelligence & Data Science_S3_G29,29,Artificial Intelligence & Data Science,3,Tuesday-Saturday
wed,11:00 - 11:50,3,689__s4,MA23313,Discrete Mathematics for AI,Lecture,3,1216,Thirukumaran S,500016,90,B423,B Block,66,3,1,theory,True,66/70,176__s4,Artificial Intelligence & Data Science_S3_G29,29,Artificial Intelligence & Data Science,3,Tuesday-Saturday
thur,10:00 - 10:50,2,689__s4,MA23313,Discrete Mathematics for AI,Tutorial,4,1216,Thirukumaran S,500016,90,B423,B Block,66,3,1,theory,True,66/70,176__s4,Artificial Intelligence & Data Science_S3_G29,29,Artificial Intelligence & Data Science,3,Tuesday-Saturday
thur,2:00 - 2:50,6,689__s4,MA23313,Discrete Mathematics for AI,Lecture,5,1216,Thirukumaran S,500016,93,B426,B Block,66,3,1,theory,True,66/70,176__s4,Artificial Intelligence & Data Science_S3_G29,29,Artificial Intelligence & Data Science,3,Tuesday-Saturday
fri,10:00 - 10:50,2,689__s4,MA23313,Discrete Mathematics for AI,Lecture,6,1216,Thirukumaran S,500016,88,B419,B Block,66,3,1,theory,True,66/70,176__s4,Artificial Intelligence & Data Science_S3_G29,29,Artificial Intelligence & Data Science,3,Tuesday-Saturday
saturday,2:00 - 2:50,6,689__s4,MA23313,Discrete Mathematics for AI,Lecture,7,1216,Thirukumaran S,500016,93,B426,B Block,66,3,1,theory,True,66/70,176__s4,Artificial Intelligence & Data Science_S3_G29,29,Artificial Intelligence & Data Science,3,Tuesday-Saturday
tuesday,8:00 - 8:50,0,1512__s4,MC23112,Environmental Science and Engineering,Lecture,1,1053,Chandravadhana A,500060,89,B422,B Block,66,3,0,theory,True,66/70,626__s4,Artificial Intelligence & Data Science_S3_G30,30,Artificial Intelligence & Data Science,3,Tuesday-Saturday
tuesday,9:00 - 9:50,1,1512__s4,MC23112,Environmental Science and Engineering,Lecture,2,1053,Chandravadhana A,500060,92,B425,B Block,66,3,0,theory,True,66/70,626__s4,Artificial Intelligence & Data Science_S3_G30,30,Artificial Intelligence & Data Science,3,Tuesday-Saturday
wed,12:00 - 12:50,4,1512__s4,MC23112,Environmental Science and Engineering,Lecture,3,1053,Chandravadhana A,500060,89,B422,B Block,66,3,0,theory,True,66/70,626__s4,Artificial Intelligence & Data Science_S3_G30,30,Artificial Intelligence & Data Science,3,Tuesday-Saturday
thur,8:00 - 8:50,0,1512__s4,MC23112,Environmental Science and Engineering,Lecture,4,1053,Chandravadhana A,500060,91,B424,B Block,66,3,0,theory,True,66/70,626__s4,Artificial Intelligence & Data Science_S3_G30,30,Artificial Intelligence & Data Science,3,Tuesday-Saturday
thur,9:00 - 9:50,1,1512__s4,MC23112,Environmental Science and Engineering,Lecture,5,1053,Chandravadhana A,500060,89,B422,B Block,66,3,0,theory,True,66/70,626__s4,Artificial Intelligence & Data Science_S3_G30,30,Artificial Intelligence & Data Science,3,Tuesday-Saturday
saturday,10:00 - 10:50,2,1512__s4,MC23112,Environmental Science and Engineering,Lecture,6,1053,Chandravadhana A,500060,89,B422,B Block,66,3,0,theory,True,66/70,626__s4,Artificial Intelligence & Data Science_S3_G30,30,Artificial Intelligence & Data Science,3,Tuesday-Saturday
tuesday,10:00 - 10:50,2,627__s5,AI23231,Principles of Artificial Intelligence,Lecture,1,1006,E Rajalakshmi,nan,83,B412,B Block,66,3,0,theory,True,66/70,690__s5,Artificial Intelligence & Data Science_S3_G31,31,Artificial Intelligence & Data Science,3,Tuesday-Saturday
wed,8:00 - 8:50,0,627__s5,AI23231,Principles of Artificial Intelligence,Lecture,2,1006,E Rajalakshmi,nan,93,B426,B Block,66,3,0,theory,True,66/70,690__s5,Artificial Intelligence & Data Science_S3_G31,31,Artificial Intelligence & Data Science,3,Tuesday-Saturday
wed,10:00 - 10:50,2,627__s5,AI23231,Principles of Artificial Intelligence,Lecture,3,1006,E Rajalakshmi,nan,93,B426,B Block,66,3,0,theory,True,66/70,690__s5,Artificial Intelligence & Data Science_S3_G31,31,Artificial Intelligence & Data Science,3,Tuesday-Saturday
thur,10:00 - 10:50,2,627__s5,AI23231,Principles of Artificial Intelligence,Lecture,4,1006,E Rajalakshmi,nan,81,B410,B Block,66,3,0,theory,True,66/70,690__s5,Artificial Intelligence & Data Science_S3_G31,31,Artificial Intelligence & Data Science,3,Tuesday-Saturday
fri,12:00 - 12:50,4,627__s5,AI23231,Principles of Artificial Intelligence,Lecture,5,1006,E Rajalakshmi,nan,81,B410,B Block,66,3,0,theory,True,66/70,690__s5,Artificial Intelligence & Data Science_S3_G31,31,Artificial Intelligence & Data Science,3,Tuesday-Saturday
saturday,2:00 - 2:50,6,627__s5,AI23231,Principles of Artificial Intelligence,Lecture,6,1006,E Rajalakshmi,nan,90,B423,B Block,66,3,0,theory,True,66/70,690__s5,Artificial Intelligence & Data Science_S3_G31,31,Artificial Intelligence & Data Science,3,Tuesday-Saturday
tuesday,11:00 - 11:50,3,177__s5,CS23331,Design and Analysis of Algorithms,Lecture,1,1251,Dayalin Leena G,500042,81,B410,B Block,66,3,0,theory,True,66/70,1513__s5,Artificial Intelligence & Data Science_S3_G32,32,Artificial Intelligence & Data Science,3,Tuesday-Saturday
wed,9:00 - 9:50,1,177__s5,CS23331,Design and Analysis of Algorithms,Lecture,2,1251,Dayalin Leena G,500042,83,B412,B Block,66,3,0,theory,True,66/70,1513__s5,Artificial Intelligence & Data Science_S3_G32,32,Artificial Intelligence & Data Science,3,Tuesday-Saturday
wed,12:00 - 12:50,4,177__s5,CS23331,Design and Analysis of Algorithms,Lecture,3,1251,Dayalin Leena G,500042,83,B412,B Block,66,3,0,theory,True,66/70,1513__s5,Artificial Intelligence & Data Science_S3_G32,32,Artificial Intelligence & Data Science,3,Tuesday-Saturday
thur,8:00 - 8:50,0,177__s5,CS23331,Design and Analysis of Algorithms,Lecture,4,1251,Dayalin Leena G,500042,83,B412,B Block,66,3,0,theory,True,66/70,1513__s5,Artificial Intelligence & Data Science_S3_G32,32,Artificial Intelligence & Data Science,3,Tuesday-Saturday
thur,2:00 - 2:50,6,177__s5,CS23331,Design and Analysis of Algorithms,Lecture,5,1251,Dayalin Leena G,500042,92,B425,B Block,66,3,0,theory,True,66/70,1513__s5,Artificial Intelligence & Data Science_S3_G32,32,Artificial Intelligence & Data Science,3,Tuesday-Saturday
saturday,10:00 - 10:50,2,177__s5,CS23331,Design and Analysis of Algorithms,Lecture,6,1251,Dayalin Leena G,500042,79,B408,B Block,66,3,0,theory,True,66/70,1513__s5,Artificial Intelligence & Data Science_S3_G32,32,Artificial Intelligence & Data Science,3,Tuesday-Saturday
tuesday,10:00 - 10:50,2,690__s5,MA23313,Discrete Mathematics for AI,Lecture,1,500,R Thilagavathi,176146,83,B412,B Block,66,3,1,theory,True,66/70,627__s5,Artificial Intelligence & Data Science_S3_G35,35,Artificial Intelligence & Data Science,3,Tuesday-Saturday
wed,8:00 - 8:50,0,690__s5,MA23313,Discrete Mathematics for AI,Lecture,2,500,R Thilagavathi,176146,93,B426,B Block,66,3,1,theory,True,66/70,627__s5,Artificial Intelligence & Data Science_S3_G35,35,Artificial Intelligence & Data Science,3,Tuesday-Saturday
wed,10:00 - 10:50,2,690__s5,MA23313,Discrete Mathematics for AI,Lecture,3,500,R Thilagavathi,176146,93,B426,B Block,66,3,1,theory,True,66/70,627__s5,Artificial Intelligence & Data Science_S3_G35,35,Artificial Intelligence & Data Science,3,Tuesday-Saturday
thur,10:00 - 10:50,2,690__s5,MA23313,Discrete Mathematics for AI,Tutorial,4,500,R Thilagavathi,176146,81,B410,B Block,66,3,1,theory,True,66/70,627__s5,Artificial Intelligence & Data Science_S3_G35,35,Artificial Intelligence & Data Science,3,Tuesday-Saturday
fri,12:00 - 12:50,4,690__s5,MA23313,Discrete Mathematics for AI,Lecture,5,500,R Thilagavathi,176146,81,B410,B Block,66,3,1,theory,True,66/70,627__s5,Artificial Intelligence & Data Science_S3_G35,35,Artificial Intelligence & Data Science,3,Tuesday-Saturday
fri,2:00 - 2:50,6,690__s5,MA23313,Discrete Mathematics for AI,Lecture,6,500,R Thilagavathi,176146,85,B416,B Block,66,3,1,theory,False,66/70,,Artificial Intelligence & Data Science_S3_G35,35,Artificial Intelligence & Data Science,3,Tuesday-Saturday
saturday,2:00 - 2:50,6,690__s5,MA23313,Discrete Mathematics for AI,Lecture,7,500,R Thilagavathi,176146,90,B423,B Block,66,3,1,theory,True,66/70,627__s5,Artificial Intelligence & Data Science_S3_G35,35,Artificial Intelligence & Data Science,3,Tuesday-Saturday
tuesday,11:00 - 11:50,3,1513__s5,MC23112,Environmental Science and Engineering,Lecture,1,1060,Geetha Palani,156064,81,B410,B Block,66,3,0,theory,True,66/70,177__s5,Artificial Intelligence & Data Science_S3_G36,36,Artificial Intelligence & Data Science,3,Tuesday-Saturday
wed,9:00 - 9:50,1,1513__s5,MC23112,Environmental Science and Engineering,Lecture,2,1060,Geetha Palani,156064,83,B412,B Block,66,3,0,theory,True,66/70,177__s5,Artificial Intelligence & Data Science_S3_G36,36,Artificial Intelligence & Data Science,3,Tuesday-Saturday
wed,12:00 - 12:50,4,1513__s5,MC23112,Environmental Science and Engineering,Lecture,3,1060,Geetha Palani,156064,83,B412,B Block,66,3,0,theory,True,66/70,177__s5,Artificial Intelligence & Data Science_S3_G36,36,Artificial Intelligence & Data Science,3,Tuesday-Saturday
thur,8:00 - 8:50,0,1513__s5,MC23112,Environmental Science and Engineering,Lecture,4,1060,Geetha Palani,156064,83,B412,B Block,66,3,0,theory,True,66/70,177__s5,Artificial Intelligence & Data Science_S3_G36,36,Artificial Intelligence & Data Science,3,Tuesday-Saturday
thur,2:00 - 2:50,6,1513__s5,MC23112,Environmental Science and Engineering,Lecture,5,1060,Geetha Palani,156064,92,B425,B Block,66,3,0,theory,True,66/70,177__s5,Artificial Intelligence & Data Science_S3_G36,36,Artificial Intelligence & Data Science,3,Tuesday-Saturday
saturday,10:00 - 10:50,2,1513__s5,MC23112,Environmental Science and Engineering,Lecture,6,1060,Geetha Palani,156064,79,B408,B Block,66,3,0,theory,True,66/70,177__s5,Artificial Intelligence & Data Science_S3_G36,36,Artificial Intelligence & Data Science,3,Tuesday-Saturday
thur,10:00 - 10:50,2,212__s0,CS23311,Computer Architecture,Lecture,1,272,G Dharani Devi,IT191,100,C103,C Block,68,3,0,theory,False,68/70,,Computer Science & Engineering_S3_G1,1,Computer Science & Engineering,3,Monday-Fri
fri,10:00 - 10:50,2,212__s0,CS23311,Computer Architecture,Lecture,2,272,G Dharani Devi,IT191,99,C102,C Block,68,3,0,theory,False,68/70,,Computer Science & Engineering_S3_G1,1,Computer Science & Engineering,3,Monday-Fri
fri,2:00 - 2:50,6,212__s0,CS23311,Computer Architecture,Lecture,3,272,G Dharani Devi,IT191,109,C308,C Block,68,3,0,theory,False,68/70,,Computer Science & Engineering_S3_G1,1,Computer Science & Engineering,3,Monday-Fri
monday,1:00 - 1:50,5,890__s0,CS23331,Design and Analysis of Algorithms,Lecture,1,240,Jenitha T,101349,54,B212,B Block,68,3,0,theory,True,68/70,801__s0,Computer Science & Engineering_S3_G2,2,Computer Science & Engineering,3,Monday-Fri
tuesday,8:00 - 8:50,0,890__s0,CS23331,Design and Analysis of Algorithms,Lecture,2,240,Jenitha T,101349,58,B220,B Block,68,3,0,theory,True,68/70,801__s0,Computer Science & Engineering_S3_G2,2,Computer Science & Engineering,3,Monday-Fri
wed,12:00 - 12:50,4,890__s0,CS23331,Design and Analysis of Algorithms,Lecture,3,240,Jenitha T,101349,61,B302,B Block,68,3,0,theory,True,68/70,801__s0,Computer Science & Engineering_S3_G2,2,Computer Science & Engineering,3,Monday-Fri
wed,1:00 - 1:50,5,890__s0,CS23331,Design and Analysis of Algorithms,Lecture,4,240,Jenitha T,101349,61,B302,B Block,68,3,0,theory,True,68/70,801__s0,Computer Science & Engineering_S3_G2,2,Computer Science & Engineering,3,Monday-Fri
thur,11:00 - 11:50,3,890__s0,CS23331,Design and Analysis of Algorithms,Lecture,5,240,Jenitha T,101349,61,B302,B Block,68,3,0,theory,True,68/70,801__s0,Computer Science & Engineering_S3_G2,2,Computer Science & Engineering,3,Monday-Fri
thur,4:10 - 5:00,8,890__s0,CS23331,Design and Analysis of Algorithms,Lecture,6,240,Jenitha T,101349,56,B218,B Block,68,3,0,theory,True,68/70,801__s0,Computer Science & Engineering_S3_G2,2,Computer Science & Engineering,3,Monday-Fri
tuesday,9:00 - 9:50,1,1032__s0,CS23334,Fundamentals of Data Science,Lecture,1,243,Salman Latheef Ta,101358,99,C102,C Block,68,3,0,theory,False,68/70,,Computer Science & Engineering_S3_G5,5,Computer Science & Engineering,3,Monday-Fri
thur,9:00 - 9:50,1,1032__s0,CS23334,Fundamentals of Data Science,Lecture,2,243,Salman Latheef Ta,101358,108,C307,C Block,68,3,0,theory,False,68/70,,Computer Science & Engineering_S3_G5,5,Computer Science & Engineering,3,Monday-Fri
thur,3:10 - 4:00,7,1032__s0,CS23334,Fundamentals of Data Science,Lecture,3,243,Salman Latheef Ta,101358,56,B218,B Block,68,3,0,theory,False,68/70,,Computer Science & Engineering_S3_G5,5,Computer Science & Engineering,3,Monday-Fri
monday,1:00 - 1:50,5,801__s0,MA23312,Fourier series and Number theory,Lecture,1,501,Gurunathan S,176147,54,B212,B Block,68,3,1,theory,True,68/70,890__s0,Computer Science & Engineering_S3_G6,6,Computer Science & Engineering,3,Monday-Fri
tuesday,8:00 - 8:50,0,801__s0,MA23312,Fourier series and Number theory,Lecture,2,501,Gurunathan S,176147,58,B220,B Block,68,3,1,theory,True,68/70,890__s0,Computer Science & Engineering_S3_G6,6,Computer Science & Engineering,3,Monday-Fri
tuesday,2:00 - 2:50,6,801__s0,MA23312,Fourier series and Number theory,Lecture,3,501,Gurunathan S,176147,109,C308,C Block,68,3,1,theory,False,68/70,,Computer Science & Engineering_S3_G6,6,Computer Science & Engineering,3,Monday-Fri
wed,12:00 - 12:50,4,801__s0,MA23312,Fourier series and Number theory,Tutorial,4,501,Gurunathan S,176147,61,B302,B Block,68,3,1,theory,True,68/70,890__s0,Computer Science & Engineering_S3_G6,6,Computer Science & Engineering,3,Monday-Fri
wed,1:00 - 1:50,5,801__s0,MA23312,Fourier series and Number theory,Lecture,5,501,Gurunathan S,176147,61,B302,B Block,68,3,1,theory,True,68/70,890__s0,Computer Science & Engineering_S3_G6,6,Computer Science & Engineering,3,Monday-Fri
thur,11:00 - 11:50,3,801__s0,MA23312,Fourier series and Number theory,Lecture,6,501,Gurunathan S,176147,61,B302,B Block,68,3,1,theory,True,68/70,890__s0,Computer Science & Engineering_S3_G6,6,Computer Science & Engineering,3,Monday-Fri
thur,4:10 - 5:00,8,801__s0,MA23312,Fourier series and Number theory,Lecture,7,501,Gurunathan S,176147,56,B218,B Block,68,3,1,theory,True,68/70,890__s0,Computer Science & Engineering_S3_G6,6,Computer Science & Engineering,3,Monday-Fri
tuesday,8:00 - 8:50,0,222__s10,CS23311,Computer Architecture,Lecture,1,255,B Deepa,101320,76,B403,B Block,68,3,0,theory,True,68/70,1042__s10,Computer Science & Engineering_S3_G61,61,Computer Science & Engineering,3,Monday-Fri
tuesday,12:00 - 12:50,4,222__s10,CS23311,Computer Architecture,Lecture,2,255,B Deepa,101320,70,B325,B Block,68,3,0,theory,True,68/70,1042__s10,Computer Science & Engineering_S3_G61,61,Computer Science & Engineering,3,Monday-Fri
wed,11:00 - 11:50,3,222__s10,CS23311,Computer Architecture,Lecture,3,255,B Deepa,101320,67,B320,B Block,68,3,0,theory,True,68/70,1042__s10,Computer Science & Engineering_S3_G61,61,Computer Science & Engineering,3,Monday-Fri
wed,12:00 - 12:50,4,222__s10,CS23311,Computer Architecture,Lecture,4,255,B Deepa,101320,79,B408,B Block,68,3,0,theory,True,68/70,1042__s10,Computer Science & Engineering_S3_G61,61,Computer Science & Engineering,3,Monday-Fri
fri,3:10 - 4:00,7,222__s10,CS23311,Computer Architecture,Lecture,5,255,B Deepa,101320,52,B210,B Block,68,3,0,theory,True,68/70,1042__s10,Computer Science & Engineering_S3_G61,61,Computer Science & Engineering,3,Monday-Fri
fri,4:10 - 5:00,8,222__s10,CS23311,Computer Architecture,Lecture,6,255,B Deepa,101320,52,B210,B Block,68,3,0,theory,True,68/70,1042__s10,Computer Science & Engineering_S3_G61,61,Computer Science & Engineering,3,Monday-Fri
tuesday,4:10 - 5:00,8,900__s10,CS23331,Design and Analysis of Algorithms,Lecture,1,269,Bhuvaneswari R,101327,79,B408,B Block,68,3,0,theory,True,68/70,811__s10,Computer Science & Engineering_S3_G62,62,Computer Science & Engineering,3,Monday-Fri
wed,10:00 - 10:50,2,900__s10,CS23331,Design and Analysis of Algorithms,Lecture,2,269,Bhuvaneswari R,101327,79,B408,B Block,68,3,0,theory,True,68/70,811__s10,Computer Science & Engineering_S3_G62,62,Computer Science & Engineering,3,Monday-Fri
wed,2:00 - 2:50,6,900__s10,CS23331,Design and Analysis of Algorithms,Lecture,3,269,Bhuvaneswari R,101327,79,B408,B Block,68,3,0,theory,True,68/70,811__s10,Computer Science & Engineering_S3_G62,62,Computer Science & Engineering,3,Monday-Fri
thur,10:00 - 10:50,2,900__s10,CS23331,Design and Analysis of Algorithms,Lecture,4,269,Bhuvaneswari R,101327,79,B408,B Block,68,3,0,theory,True,68/70,811__s10,Computer Science & Engineering_S3_G62,62,Computer Science & Engineering,3,Monday-Fri
fri,9:00 - 9:50,1,900__s10,CS23331,Design and Analysis of Algorithms,Lecture,5,269,Bhuvaneswari R,101327,79,B408,B Block,68,3,0,theory,True,68/70,811__s10,Computer Science & Engineering_S3_G62,62,Computer Science & Engineering,3,Monday-Fri
fri,1:00 - 1:50,5,900__s10,CS23331,Design and Analysis of Algorithms,Lecture,6,269,Bhuvaneswari R,101327,79,B408,B Block,68,3,0,theory,True,68/70,811__s10,Computer Science & Engineering_S3_G62,62,Computer Science & Engineering,3,Monday-Fri
tuesday,8:00 - 8:50,0,1042__s10,CS23334,Fundamentals of Data Science,Lecture,1,246,J M Akshai Khaanth,101372,76,B403,B Block,68,3,0,theory,True,68/70,222__s10,Computer Science & Engineering_S3_G65,65,Computer Science & Engineering,3,Monday-Fri
tuesday,12:00 - 12:50,4,1042__s10,CS23334,Fundamentals of Data Science,Lecture,2,246,J M Akshai Khaanth,101372,70,B325,B Block,68,3,0,theory,True,68/70,222__s10,Computer Science & Engineering_S3_G65,65,Computer Science & Engineering,3,Monday-Fri
wed,11:00 - 11:50,3,1042__s10,CS23334,Fundamentals of Data Science,Lecture,3,246,J M Akshai Khaanth,101372,67,B320,B Block,68,3,0,theory,True,68/70,222__s10,Computer Science & Engineering_S3_G65,65,Computer Science & Engineering,3,Monday-Fri
wed,12:00 - 12:50,4,1042__s10,CS23334,Fundamentals of Data Science,Lecture,4,246,J M Akshai Khaanth,101372,79,B408,B Block,68,3,0,theory,True,68/70,222__s10,Computer Science & Engineering_S3_G65,65,Computer Science & Engineering,3,Monday-Fri
fri,3:10 - 4:00,7,1042__s10,CS23334,Fundamentals of Data Science,Lecture,5,246,J M Akshai Khaanth,101372,52,B210,B Block,68,3,0,theory,True,68/70,222__s10,Computer Science & Engineering_S3_G65,65,Computer Science & Engineering,3,Monday-Fri
fri,4:10 - 5:00,8,1042__s10,CS23334,Fundamentals of Data Science,Lecture,6,246,J M Akshai Khaanth,101372,52,B210,B Block,68,3,0,theory,True,68/70,222__s10,Computer Science & Engineering_S3_G65,65,Computer Science & Engineering,3,Monday-Fri
tuesday,3:10 - 4:00,7,811__s10,MA23312,Fourier series and Number theory,Lecture,1,515,Ponmana Selvan Arumugam,176134,69,B322,B Block,68,3,1,theory,False,68/70,,Computer Science & Engineering_S3_G66,66,Computer Science & Engineering,3,Monday-Fri
tuesday,4:10 - 5:00,8,811__s10,MA23312,Fourier series and Number theory,Lecture,2,515,Ponmana Selvan Arumugam,176134,79,B408,B Block,68,3,1,theory,True,68/70,900__s10,Computer Science & Engineering_S3_G66,66,Computer Science & Engineering,3,Monday-Fri
wed,10:00 - 10:50,2,811__s10,MA23312,Fourier series and Number theory,Lecture,3,515,Ponmana Selvan Arumugam,176134,79,B408,B Block,68,3,1,theory,True,68/70,900__s10,Computer Science & Engineering_S3_G66,66,Computer Science & Engineering,3,Monday-Fri
wed,2:00 - 2:50,6,811__s10,MA23312,Fourier series and Number theory,Tutorial,4,515,Ponmana Selvan Arumugam,176134,79,B408,B Block,68,3,1,theory,True,68/70,900__s10,Computer Science & Engineering_S3_G66,66,Computer Science & Engineering,3,Monday-Fri
thur,10:00 - 10:50,2,811__s10,MA23312,Fourier series and Number theory,Lecture,5,515,Ponmana Selvan Arumugam,176134,79,B408,B Block,68,3,1,theory,True,68/70,900__s10,Computer Science & Engineering_S3_G66,66,Computer Science & Engineering,3,Monday-Fri
fri,9:00 - 9:50,1,811__s10,MA23312,Fourier series and Number theory,Lecture,6,515,Ponmana Selvan Arumugam,176134,79,B408,B Block,68,3,1,theory,True,68/70,900__s10,Computer Science & Engineering_S3_G66,66,Computer Science & Engineering,3,Monday-Fri
fri,1:00 - 1:50,5,811__s10,MA23312,Fourier series and Number theory,Lecture,7,515,Ponmana Selvan Arumugam,176134,79,B408,B Block,68,3,1,theory,True,68/70,900__s10,Computer Science & Engineering_S3_G66,66,Computer Science & Engineering,3,Monday-Fri
thur,10:00 - 10:50,2,223__s11,CS23311,Computer Architecture,Lecture,1,1091,Adhithyan S,101347.0,99,C102,C Block,68,3,0,theory,False,68/70,,Computer Science & Engineering_S3_G67,67,Computer Science & Engineering,3,Monday-Fri
thur,12:00 - 12:50,4,223__s11,CS23311,Computer Architecture,Lecture,2,1091,Adhithyan S,101347.0,40,B106,B Block,68,3,0,theory,False,68/70,,Computer Science & Engineering_S3_G67,67,Computer Science & Engineering,3,Monday-Fri
fri,9:00 - 9:50,1,223__s11,CS23311,Computer Architecture,Lecture,3,1091,Adhithyan S,101347.0,100,C103,C Block,68,3,0,theory,False,68/70,,Computer Science & Engineering_S3_G67,67,Computer Science & Engineering,3,Monday-Fri
monday,10:00 - 10:50,2,901__s11,CS23331,Design and Analysis of Algorithms,Lecture,1,269,Bhuvaneswari R,101327,61,B302,B Block,68,3,0,theory,False,68/70,,Computer Science & Engineering_S3_G68,68,Computer Science & Engineering,3,Monday-Fri
tuesday,11:00 - 11:50,3,901__s11,CS23331,Design and Analysis of Algorithms,Lecture,2,269,Bhuvaneswari R,101327,99,C102,C Block,68,3,0,theory,False,68/70,,Computer Science & Engineering_S3_G68,68,Computer Science & Engineering,3,Monday-Fri
thur,8:00 - 8:50,0,901__s11,CS23331,Design and Analysis of Algorithms,Lecture,3,269,Bhuvaneswari R,101327,59,B221,B Block,68,3,0,theory,False,68/70,,Computer Science & Engineering_S3_G68,68,Computer Science & Engineering,3,Monday-Fri
wed,8:00 - 8:50,0,1043__s11,CS23334,Fundamentals of Data Science,Lecture,1,232,Aswana Lal,101312,109,C308,C Block,68,3,0,theory,False,68/70,,Computer Science & Engineering_S3_G71,71,Computer Science & Engineering,3,Monday-Fri
wed,9:00 - 9:50,1,1043__s11,CS23334,Fundamentals of Data Science,Lecture,2,232,Aswana Lal,101312,100,C103,C Block,68,3,0,theory,False,68/70,,Computer Science & Engineering_S3_G71,71,Computer Science & Engineering,3,Monday-Fri
fri,8:00 - 8:50,0,1043__s11,CS23334,Fundamentals of Data Science,Lecture,3,232,Aswana Lal,101312,53,B211,B Block,68,3,0,theory,False,68/70,,Computer Science & Engineering_S3_G71,71,Computer Science & Engineering,3,Monday-Fri
monday,2:00 - 2:50,6,812__s11,MA23312,Fourier series and Number theory,Lecture,1,526,Meenakumari R,176144,99,C102,C Block,68,3,1,theory,False,68/70,,Computer Science & Engineering_S3_G72,72,Computer Science & Engineering,3,Monday-Fri
tuesday,10:00 - 10:50,2,812__s11,MA23312,Fourier series and Number theory,Lecture,2,526,Meenakumari R,176144,99,C102,C Block,68,3,1,theory,False,68/70,,Computer Science & Engineering_S3_G72,72,Computer Science & Engineering,3,Monday-Fri
wed,10:00 - 10:50,2,812__s11,MA23312,Fourier series and Number theory,Lecture,3,526,Meenakumari R,176144,99,C102,C Block,68,3,1,theory,False,68/70,,Computer Science & Engineering_S3_G72,72,Computer Science & Engineering,3,Monday-Fri
fri,1:00 - 1:50,5,812__s11,MA23312,Fourier series and Number theory,Tutorial,4,526,Meenakumari R,176144,109,C308,C Block,68,3,1,theory,False,68/70,,Computer Science & Engineering_S3_G72,72,Computer Science & Engineering,3,Monday-Fri
monday,8:00 - 8:50,0,224__s12,CS23311,Computer Architecture,Lecture,1,1091,Adhithyan S,101347.0,90,B423,B Block,68,3,0,theory,True,68/70,902__s12,Computer Science & Engineering_S3_G73,73,Computer Science & Engineering,3,Monday-Fri
monday,9:00 - 9:50,1,224__s12,CS23311,Computer Architecture,Lecture,2,1091,Adhithyan S,101347.0,86,B417,B Block,68,3,0,theory,True,68/70,902__s12,Computer Science & Engineering_S3_G73,73,Computer Science & Engineering,3,Monday-Fri
tuesday,8:00 - 8:50,0,224__s12,CS23311,Computer Architecture,Lecture,3,1091,Adhithyan S,101347.0,85,B416,B Block,68,3,0,theory,True,68/70,902__s12,Computer Science & Engineering_S3_G73,73,Computer Science & Engineering,3,Monday-Fri
wed,8:00 - 8:50,0,224__s12,CS23311,Computer Architecture,Lecture,4,1091,Adhithyan S,101347.0,87,B418,B Block,68,3,0,theory,True,68/70,902__s12,Computer Science & Engineering_S3_G73,73,Computer Science & Engineering,3,Monday-Fri
wed,9:00 - 9:50,1,224__s12,CS23311,Computer Architecture,Lecture,5,1091,Adhithyan S,101347.0,86,B417,B Block,68,3,0,theory,True,68/70,902__s12,Computer Science & Engineering_S3_G73,73,Computer Science & Engineering,3,Monday-Fri
thur,9:00 - 9:50,1,224__s12,CS23311,Computer Architecture,Lecture,6,1091,Adhithyan S,101347.0,85,B416,B Block,68,3,0,theory,True,68/70,902__s12,Computer Science & Engineering_S3_G73,73,Computer Science & Engineering,3,Monday-Fri
monday,8:00 - 8:50,0,902__s12,CS23331,Design and Analysis of Algorithms,Lecture,1,227,Shafiya Banu M,101289,90,B423,B Block,68,3,0,theory,True,68/70,224__s12,Computer Science & Engineering_S3_G74,74,Computer Science & Engineering,3,Monday-Fri
monday,9:00 - 9:50,1,902__s12,CS23331,Design and Analysis of Algorithms,Lecture,2,227,Shafiya Banu M,101289,86,B417,B Block,68,3,0,theory,True,68/70,224__s12,Computer Science & Engineering_S3_G74,74,Computer Science & Engineering,3,Monday-Fri
tuesday,8:00 - 8:50,0,902__s12,CS23331,Design and Analysis of Algorithms,Lecture,3,227,Shafiya Banu M,101289,85,B416,B Block,68,3,0,theory,True,68/70,224__s12,Computer Science & Engineering_S3_G74,74,Computer Science & Engineering,3,Monday-Fri
wed,8:00 - 8:50,0,902__s12,CS23331,Design and Analysis of Algorithms,Lecture,4,227,Shafiya Banu M,101289,87,B418,B Block,68,3,0,theory,True,68/70,224__s12,Computer Science & Engineering_S3_G74,74,Computer Science & Engineering,3,Monday-Fri
wed,9:00 - 9:50,1,902__s12,CS23331,Design and Analysis of Algorithms,Lecture,5,227,Shafiya Banu M,101289,86,B417,B Block,68,3,0,theory,True,68/70,224__s12,Computer Science & Engineering_S3_G74,74,Computer Science & Engineering,3,Monday-Fri
thur,9:00 - 9:50,1,902__s12,CS23331,Design and Analysis of Algorithms,Lecture,6,227,Shafiya Banu M,101289,85,B416,B Block,68,3,0,theory,True,68/70,224__s12,Computer Science & Engineering_S3_G74,74,Computer Science & Engineering,3,Monday-Fri
tuesday,9:00 - 9:50,1,1044__s12,CS23334,Fundamentals of Data Science,Lecture,1,1037,S. Kaviya,500087,88,B419,B Block,68,3,0,theory,True,68/70,813__s12,Computer Science & Engineering_S3_G77,77,Computer Science & Engineering,3,Monday-Fri
tuesday,11:00 - 11:50,3,1044__s12,CS23334,Fundamentals of Data Science,Lecture,2,1037,S. Kaviya,500087,87,B418,B Block,68,3,0,theory,True,68/70,813__s12,Computer Science & Engineering_S3_G77,77,Computer Science & Engineering,3,Monday-Fri
wed,4:10 - 5:00,8,1044__s12,CS23334,Fundamentals of Data Science,Lecture,3,1037,S. Kaviya,500087,52,B210,B Block,68,3,0,theory,True,68/70,813__s12,Computer Science & Engineering_S3_G77,77,Computer Science & Engineering,3,Monday-Fri
thur,12:00 - 12:50,4,1044__s12,CS23334,Fundamentals of Data Science,Lecture,4,1037,S. Kaviya,500087,90,B423,B Block,68,3,0,theory,True,68/70,813__s12,Computer Science & Engineering_S3_G77,77,Computer Science & Engineering,3,Monday-Fri
thur,1:00 - 1:50,5,1044__s12,CS23334,Fundamentals of Data Science,Lecture,5,1037,S. Kaviya,500087,86,B417,B Block,68,3,0,theory,True,68/70,813__s12,Computer Science & Engineering_S3_G77,77,Computer Science & Engineering,3,Monday-Fri
fri,9:00 - 9:50,1,1044__s12,CS23334,Fundamentals of Data Science,Lecture,6,1037,S. Kaviya,500087,87,B418,B Block,68,3,0,theory,True,68/70,813__s12,Computer Science & Engineering_S3_G77,77,Computer Science & Engineering,3,Monday-Fri
tuesday,9:00 - 9:50,1,813__s12,MA23312,Fourier series and Number theory,Lecture,1,508,Renuga C,176076,88,B419,B Block,68,3,1,theory,True,68/70,1044__s12,Computer Science & Engineering_S3_G78,78,Computer Science & Engineering,3,Monday-Fri
tuesday,11:00 - 11:50,3,813__s12,MA23312,Fourier series and Number theory,Lecture,2,508,Renuga C,176076,87,B418,B Block,68,3,1,theory,True,68/70,1044__s12,Computer Science & Engineering_S3_G78,78,Computer Science & Engineering,3,Monday-Fri
wed,3:10 - 4:00,7,813__s12,MA23312,Fourier series and Number theory,Lecture,3,508,Renuga C,176076,92,B425,B Block,68,3,1,theory,False,68/70,,Computer Science & Engineering_S3_G78,78,Computer Science & Engineering,3,Monday-Fri
wed,4:10 - 5:00,8,813__s12,MA23312,Fourier series and Number theory,Tutorial,4,508,Renuga C,176076,52,B210,B Block,68,3,1,theory,True,68/70,1044__s12,Computer Science & Engineering_S3_G78,78,Computer Science & Engineering,3,Monday-Fri
thur,12:00 - 12:50,4,813__s12,MA23312,Fourier series and Number theory,Lecture,5,508,Renuga C,176076,90,B423,B Block,68,3,1,theory,True,68/70,1044__s12,Computer Science & Engineering_S3_G78,78,Computer Science & Engineering,3,Monday-Fri
thur,1:00 - 1:50,5,813__s12,MA23312,Fourier series and Number theory,Lecture,6,508,Renuga C,176076,86,B417,B Block,68,3,1,theory,True,68/70,1044__s12,Computer Science & Engineering_S3_G78,78,Computer Science & Engineering,3,Monday-Fri
fri,9:00 - 9:50,1,813__s12,MA23312,Fourier series and Number theory,Lecture,7,508,Renuga C,176076,87,B418,B Block,68,3,1,theory,True,68/70,1044__s12,Computer Science & Engineering_S3_G78,78,Computer Science & Engineering,3,Monday-Fri
tuesday,9:00 - 9:50,1,213__s1,CS23311,Computer Architecture,Lecture,1,272,G Dharani Devi,IT191,93,B426,B Block,68,3,0,theory,True,68/70,891__s1,Computer Science & Engineering_S3_G7,7,Computer Science & Engineering,3,Monday-Fri
tuesday,1:00 - 1:50,5,213__s1,CS23311,Computer Architecture,Lecture,2,272,G Dharani Devi,IT191,92,B425,B Block,68,3,0,theory,True,68/70,891__s1,Computer Science & Engineering_S3_G7,7,Computer Science & Engineering,3,Monday-Fri
thur,8:00 - 8:50,0,213__s1,CS23311,Computer Architecture,Lecture,3,272,G Dharani Devi,IT191,90,B423,B Block,68,3,0,theory,True,68/70,891__s1,Computer Science & Engineering_S3_G7,7,Computer Science & Engineering,3,Monday-Fri
thur,9:00 - 9:50,1,213__s1,CS23311,Computer Architecture,Lecture,4,272,G Dharani Devi,IT191,88,B419,B Block,68,3,0,theory,True,68/70,891__s1,Computer Science & Engineering_S3_G7,7,Computer Science & Engineering,3,Monday-Fri
fri,9:00 - 9:50,1,213__s1,CS23311,Computer Architecture,Lecture,5,272,G Dharani Devi,IT191,86,B417,B Block,68,3,0,theory,True,68/70,891__s1,Computer Science & Engineering_S3_G7,7,Computer Science & Engineering,3,Monday-Fri
fri,1:00 - 1:50,5,213__s1,CS23311,Computer Architecture,Lecture,6,272,G Dharani Devi,IT191,86,B417,B Block,68,3,0,theory,True,68/70,891__s1,Computer Science & Engineering_S3_G7,7,Computer Science & Engineering,3,Monday-Fri
tuesday,9:00 - 9:50,1,891__s1,CS23331,Design and Analysis of Algorithms,Lecture,1,240,Jenitha T,101349,93,B426,B Block,68,3,0,theory,True,68/70,213__s1,Computer Science & Engineering_S3_G8,8,Computer Science & Engineering,3,Monday-Fri
tuesday,1:00 - 1:50,5,891__s1,CS23331,Design and Analysis of Algorithms,Lecture,2,240,Jenitha T,101349,92,B425,B Block,68,3,0,theory,True,68/70,213__s1,Computer Science & Engineering_S3_G8,8,Computer Science & Engineering,3,Monday-Fri
thur,8:00 - 8:50,0,891__s1,CS23331,Design and Analysis of Algorithms,Lecture,3,240,Jenitha T,101349,90,B423,B Block,68,3,0,theory,True,68/70,213__s1,Computer Science & Engineering_S3_G8,8,Computer Science & Engineering,3,Monday-Fri
thur,9:00 - 9:50,1,891__s1,CS23331,Design and Analysis of Algorithms,Lecture,4,240,Jenitha T,101349,88,B419,B Block,68,3,0,theory,True,68/70,213__s1,Computer Science & Engineering_S3_G8,8,Computer Science & Engineering,3,Monday-Fri
fri,9:00 - 9:50,1,891__s1,CS23331,Design and Analysis of Algorithms,Lecture,5,240,Jenitha T,101349,86,B417,B Block,68,3,0,theory,True,68/70,213__s1,Computer Science & Engineering_S3_G8,8,Computer Science & Engineering,3,Monday-Fri
fri,1:00 - 1:50,5,891__s1,CS23331,Design and Analysis of Algorithms,Lecture,6,240,Jenitha T,101349,86,B417,B Block,68,3,0,theory,True,68/70,213__s1,Computer Science & Engineering_S3_G8,8,Computer Science & Engineering,3,Monday-Fri
monday,8:00 - 8:50,0,1033__s1,CS23334,Fundamentals of Data Science,Lecture,1,243,Salman Latheef Ta,101358,86,B417,B Block,68,3,0,theory,True,68/70,802__s1,Computer Science & Engineering_S3_G11,11,Computer Science & Engineering,3,Monday-Fri
tuesday,8:00 - 8:50,0,1033__s1,CS23334,Fundamentals of Data Science,Lecture,2,243,Salman Latheef Ta,101358,86,B417,B Block,68,3,0,theory,True,68/70,802__s1,Computer Science & Engineering_S3_G11,11,Computer Science & Engineering,3,Monday-Fri
wed,8:00 - 8:50,0,1033__s1,CS23334,Fundamentals of Data Science,Lecture,3,243,Salman Latheef Ta,101358,85,B416,B Block,68,3,0,theory,True,68/70,802__s1,Computer Science & Engineering_S3_G11,11,Computer Science & Engineering,3,Monday-Fri
wed,9:00 - 9:50,1,1033__s1,CS23334,Fundamentals of Data Science,Lecture,4,243,Salman Latheef Ta,101358,91,B424,B Block,68,3,0,theory,True,68/70,802__s1,Computer Science & Engineering_S3_G11,11,Computer Science & Engineering,3,Monday-Fri
fri,12:00 - 12:50,4,1033__s1,CS23334,Fundamentals of Data Science,Lecture,5,243,Salman Latheef Ta,101358,89,B422,B Block,68,3,0,theory,True,68/70,802__s1,Computer Science & Engineering_S3_G11,11,Computer Science & Engineering,3,Monday-Fri
fri,2:00 - 2:50,6,1033__s1,CS23334,Fundamentals of Data Science,Lecture,6,243,Salman Latheef Ta,101358,91,B424,B Block,68,3,0,theory,True,68/70,802__s1,Computer Science & Engineering_S3_G11,11,Computer Science & Engineering,3,Monday-Fri
monday,8:00 - 8:50,0,802__s1,MA23312,Fourier series and Number theory,Lecture,1,519,Prathab H,176158,86,B417,B Block,68,3,1,theory,True,68/70,1033__s1,Computer Science & Engineering_S3_G12,12,Computer Science & Engineering,3,Monday-Fri
monday,9:00 - 9:50,1,802__s1,MA23312,Fourier series and Number theory,Lecture,2,519,Prathab H,176158,87,B418,B Block,68,3,1,theory,False,68/70,,Computer Science & Engineering_S3_G12,12,Computer Science & Engineering,3,Monday-Fri
tuesday,8:00 - 8:50,0,802__s1,MA23312,Fourier series and Number theory,Lecture,3,519,Prathab H,176158,86,B417,B Block,68,3,1,theory,True,68/70,1033__s1,Computer Science & Engineering_S3_G12,12,Computer Science & Engineering,3,Monday-Fri
wed,8:00 - 8:50,0,802__s1,MA23312,Fourier series and Number theory,Tutorial,4,519,Prathab H,176158,85,B416,B Block,68,3,1,theory,True,68/70,1033__s1,Computer Science & Engineering_S3_G12,12,Computer Science & Engineering,3,Monday-Fri
wed,9:00 - 9:50,1,802__s1,MA23312,Fourier series and Number theory,Lecture,5,519,Prathab H,176158,91,B424,B Block,68,3,1,theory,True,68/70,1033__s1,Computer Science & Engineering_S3_G12,12,Computer Science & Engineering,3,Monday-Fri
fri,12:00 - 12:50,4,802__s1,MA23312,Fourier series and Number theory,Lecture,6,519,Prathab H,176158,89,B422,B Block,68,3,1,theory,True,68/70,1033__s1,Computer Science & Engineering_S3_G12,12,Computer Science & Engineering,3,Monday-Fri
fri,2:00 - 2:50,6,802__s1,MA23312,Fourier series and Number theory,Lecture,7,519,Prathab H,176158,91,B424,B Block,68,3,1,theory,True,68/70,1033__s1,Computer Science & Engineering_S3_G12,12,Computer Science & Engineering,3,Monday-Fri
monday,1:00 - 1:50,5,214__s2,CS23311,Computer Architecture,Lecture,1,273,Murali Bhaskaran V,101218,89,B422,B Block,68,3,0,theory,True,68/70,892__s2,Computer Science & Engineering_S3_G13,13,Computer Science & Engineering,3,Monday-Fri
tuesday,11:00 - 11:50,3,214__s2,CS23311,Computer Architecture,Lecture,2,273,Murali Bhaskaran V,101218,82,B411,B Block,68,3,0,theory,True,68/70,892__s2,Computer Science & Engineering_S3_G13,13,Computer Science & Engineering,3,Monday-Fri
tuesday,1:00 - 1:50,5,214__s2,CS23311,Computer Architecture,Lecture,3,273,Murali Bhaskaran V,101218,89,B422,B Block,68,3,0,theory,True,68/70,892__s2,Computer Science & Engineering_S3_G13,13,Computer Science & Engineering,3,Monday-Fri
thur,8:00 - 8:50,0,214__s2,CS23311,Computer Architecture,Lecture,4,273,Murali Bhaskaran V,101218,82,B411,B Block,68,3,0,theory,True,68/70,892__s2,Computer Science & Engineering_S3_G13,13,Computer Science & Engineering,3,Monday-Fri
thur,2:00 - 2:50,6,214__s2,CS23311,Computer Architecture,Lecture,5,273,Murali Bhaskaran V,101218,83,B412,B Block,68,3,0,theory,True,68/70,892__s2,Computer Science & Engineering_S3_G13,13,Computer Science & Engineering,3,Monday-Fri
fri,2:00 - 2:50,6,214__s2,CS23311,Computer Architecture,Lecture,6,273,Murali Bhaskaran V,101218,89,B422,B Block,68,3,0,theory,True,68/70,892__s2,Computer Science & Engineering_S3_G13,13,Computer Science & Engineering,3,Monday-Fri
monday,1:00 - 1:50,5,892__s2,CS23331,Design and Analysis of Algorithms,Lecture,1,241,Ramala T,101350,89,B422,B Block,68,3,0,theory,True,68/70,214__s2,Computer Science & Engineering_S3_G14,14,Computer Science & Engineering,3,Monday-Fri
tuesday,11:00 - 11:50,3,892__s2,CS23331,Design and Analysis of Algorithms,Lecture,2,241,Ramala T,101350,82,B411,B Block,68,3,0,theory,True,68/70,214__s2,Computer Science & Engineering_S3_G14,14,Computer Science & Engineering,3,Monday-Fri
tuesday,1:00 - 1:50,5,892__s2,CS23331,Design and Analysis of Algorithms,Lecture,3,241,Ramala T,101350,89,B422,B Block,68,3,0,theory,True,68/70,214__s2,Computer Science & Engineering_S3_G14,14,Computer Science & Engineering,3,Monday-Fri
thur,8:00 - 8:50,0,892__s2,CS23331,Design and Analysis of Algorithms,Lecture,4,241,Ramala T,101350,82,B411,B Block,68,3,0,theory,True,68/70,214__s2,Computer Science & Engineering_S3_G14,14,Computer Science & Engineering,3,Monday-Fri
thur,2:00 - 2:50,6,892__s2,CS23331,Design and Analysis of Algorithms,Lecture,5,241,Ramala T,101350,83,B412,B Block,68,3,0,theory,True,68/70,214__s2,Computer Science & Engineering_S3_G14,14,Computer Science & Engineering,3,Monday-Fri
fri,2:00 - 2:50,6,892__s2,CS23331,Design and Analysis of Algorithms,Lecture,6,241,Ramala T,101350,89,B422,B Block,68,3,0,theory,True,68/70,214__s2,Computer Science & Engineering_S3_G14,14,Computer Science & Engineering,3,Monday-Fri
monday,2:00 - 2:50,6,1034__s2,CS23334,Fundamentals of Data Science,Lecture,1,249,Karthikeyan N,103276,77,B404,B Block,68,3,0,theory,True,68/70,803__s2,Computer Science & Engineering_S3_G17,17,Computer Science & Engineering,3,Monday-Fri
tuesday,10:00 - 10:50,2,1034__s2,CS23334,Fundamentals of Data Science,Lecture,2,249,Karthikeyan N,103276,79,B408,B Block,68,3,0,theory,True,68/70,803__s2,Computer Science & Engineering_S3_G17,17,Computer Science & Engineering,3,Monday-Fri
tuesday,2:00 - 2:50,6,1034__s2,CS23334,Fundamentals of Data Science,Lecture,3,249,Karthikeyan N,103276,86,B417,B Block,68,3,0,theory,True,68/70,803__s2,Computer Science & Engineering_S3_G17,17,Computer Science & Engineering,3,Monday-Fri
thur,9:00 - 9:50,1,1034__s2,CS23334,Fundamentals of Data Science,Lecture,4,249,Karthikeyan N,103276,83,B412,B Block,68,3,0,theory,True,68/70,803__s2,Computer Science & Engineering_S3_G17,17,Computer Science & Engineering,3,Monday-Fri
fri,8:00 - 8:50,0,1034__s2,CS23334,Fundamentals of Data Science,Lecture,5,249,Karthikeyan N,103276,79,B408,B Block,68,3,0,theory,True,68/70,803__s2,Computer Science & Engineering_S3_G17,17,Computer Science & Engineering,3,Monday-Fri
fri,10:00 - 10:50,2,1034__s2,CS23334,Fundamentals of Data Science,Lecture,6,249,Karthikeyan N,103276,75,B402,B Block,68,3,0,theory,True,68/70,803__s2,Computer Science & Engineering_S3_G17,17,Computer Science & Engineering,3,Monday-Fri
monday,2:00 - 2:50,6,803__s2,MA23312,Fourier series and Number theory,Lecture,1,1181,Radha G,500011,77,B404,B Block,68,3,1,theory,True,68/70,1034__s2,Computer Science & Engineering_S3_G18,18,Computer Science & Engineering,3,Monday-Fri
tuesday,10:00 - 10:50,2,803__s2,MA23312,Fourier series and Number theory,Lecture,2,1181,Radha G,500011,79,B408,B Block,68,3,1,theory,True,68/70,1034__s2,Computer Science & Engineering_S3_G18,18,Computer Science & Engineering,3,Monday-Fri
tuesday,2:00 - 2:50,6,803__s2,MA23312,Fourier series and Number theory,Lecture,3,1181,Radha G,500011,86,B417,B Block,68,3,1,theory,True,68/70,1034__s2,Computer Science & Engineering_S3_G18,18,Computer Science & Engineering,3,Monday-Fri
thur,9:00 - 9:50,1,803__s2,MA23312,Fourier series and Number theory,Tutorial,4,1181,Radha G,500011,83,B412,B Block,68,3,1,theory,True,68/70,1034__s2,Computer Science & Engineering_S3_G18,18,Computer Science & Engineering,3,Monday-Fri
thur,12:00 - 12:50,4,803__s2,MA23312,Fourier series and Number theory,Lecture,5,1181,Radha G,500011,80,B409,B Block,68,3,1,theory,False,68/70,,Computer Science & Engineering_S3_G18,18,Computer Science & Engineering,3,Monday-Fri
fri,8:00 - 8:50,0,803__s2,MA23312,Fourier series and Number theory,Lecture,6,1181,Radha G,500011,79,B408,B Block,68,3,1,theory,True,68/70,1034__s2,Computer Science & Engineering_S3_G18,18,Computer Science & Engineering,3,Monday-Fri
fri,10:00 - 10:50,2,803__s2,MA23312,Fourier series and Number theory,Lecture,7,1181,Radha G,500011,75,B402,B Block,68,3,1,theory,True,68/70,1034__s2,Computer Science & Engineering_S3_G18,18,Computer Science & Engineering,3,Monday-Fri
monday,2:00 - 2:50,6,215__s3,CS23311,Computer Architecture,Lecture,1,273,Murali Bhaskaran V,101218,75,B402,B Block,68,3,0,theory,True,68/70,893__s3,Computer Science & Engineering_S3_G19,19,Computer Science & Engineering,3,Monday-Fri
tuesday,8:00 - 8:50,0,215__s3,CS23311,Computer Architecture,Lecture,2,273,Murali Bhaskaran V,101218,79,B408,B Block,68,3,0,theory,True,68/70,893__s3,Computer Science & Engineering_S3_G19,19,Computer Science & Engineering,3,Monday-Fri
wed,1:00 - 1:50,5,215__s3,CS23311,Computer Architecture,Lecture,3,273,Murali Bhaskaran V,101218,77,B404,B Block,68,3,0,theory,True,68/70,893__s3,Computer Science & Engineering_S3_G19,19,Computer Science & Engineering,3,Monday-Fri
thur,1:00 - 1:50,5,215__s3,CS23311,Computer Architecture,Lecture,4,273,Murali Bhaskaran V,101218,80,B409,B Block,68,3,0,theory,True,68/70,893__s3,Computer Science & Engineering_S3_G19,19,Computer Science & Engineering,3,Monday-Fri
fri,8:00 - 8:50,0,215__s3,CS23311,Computer Architecture,Lecture,5,273,Murali Bhaskaran V,101218,69,B322,B Block,68,3,0,theory,True,68/70,893__s3,Computer Science & Engineering_S3_G19,19,Computer Science & Engineering,3,Monday-Fri
fri,10:00 - 10:50,2,215__s3,CS23311,Computer Architecture,Lecture,6,273,Murali Bhaskaran V,101218,76,B403,B Block,68,3,0,theory,True,68/70,893__s3,Computer Science & Engineering_S3_G19,19,Computer Science & Engineering,3,Monday-Fri
monday,2:00 - 2:50,6,893__s3,CS23331,Design and Analysis of Algorithms,Lecture,1,241,Ramala T,101350,75,B402,B Block,68,3,0,theory,True,68/70,215__s3,Computer Science & Engineering_S3_G20,20,Computer Science & Engineering,3,Monday-Fri
tuesday,8:00 - 8:50,0,893__s3,CS23331,Design and Analysis of Algorithms,Lecture,2,241,Ramala T,101350,79,B408,B Block,68,3,0,theory,True,68/70,215__s3,Computer Science & Engineering_S3_G20,20,Computer Science & Engineering,3,Monday-Fri
wed,1:00 - 1:50,5,893__s3,CS23331,Design and Analysis of Algorithms,Lecture,3,241,Ramala T,101350,77,B404,B Block,68,3,0,theory,True,68/70,215__s3,Computer Science & Engineering_S3_G20,20,Computer Science & Engineering,3,Monday-Fri
thur,1:00 - 1:50,5,893__s3,CS23331,Design and Analysis of Algorithms,Lecture,4,241,Ramala T,101350,80,B409,B Block,68,3,0,theory,True,68/70,215__s3,Computer Science & Engineering_S3_G20,20,Computer Science & Engineering,3,Monday-Fri
fri,8:00 - 8:50,0,893__s3,CS23331,Design and Analysis of Algorithms,Lecture,5,241,Ramala T,101350,69,B322,B Block,68,3,0,theory,True,68/70,215__s3,Computer Science & Engineering_S3_G20,20,Computer Science & Engineering,3,Monday-Fri
fri,10:00 - 10:50,2,893__s3,CS23331,Design and Analysis of Algorithms,Lecture,6,241,Ramala T,101350,76,B403,B Block,68,3,0,theory,True,68/70,215__s3,Computer Science & Engineering_S3_G20,20,Computer Science & Engineering,3,Monday-Fri
monday,1:00 - 1:50,5,1035__s3,CS23334,Fundamentals of Data Science,Lecture,1,249,Karthikeyan N,103276,69,B322,B Block,68,3,0,theory,True,68/70,804__s3,Computer Science & Engineering_S3_G23,23,Computer Science & Engineering,3,Monday-Fri
tuesday,9:00 - 9:50,1,1035__s3,CS23334,Fundamentals of Data Science,Lecture,2,249,Karthikeyan N,103276,79,B408,B Block,68,3,0,theory,True,68/70,804__s3,Computer Science & Engineering_S3_G23,23,Computer Science & Engineering,3,Monday-Fri
wed,8:00 - 8:50,0,1035__s3,CS23334,Fundamentals of Data Science,Lecture,3,249,Karthikeyan N,103276,70,B325,B Block,68,3,0,theory,True,68/70,804__s3,Computer Science & Engineering_S3_G23,23,Computer Science & Engineering,3,Monday-Fri
wed,9:00 - 9:50,1,1035__s3,CS23334,Fundamentals of Data Science,Lecture,4,249,Karthikeyan N,103276,80,B409,B Block,68,3,0,theory,True,68/70,804__s3,Computer Science & Engineering_S3_G23,23,Computer Science & Engineering,3,Monday-Fri
thur,3:10 - 4:00,7,1035__s3,CS23334,Fundamentals of Data Science,Lecture,5,249,Karthikeyan N,103276,57,B219,B Block,68,3,0,theory,True,68/70,804__s3,Computer Science & Engineering_S3_G23,23,Computer Science & Engineering,3,Monday-Fri
fri,9:00 - 9:50,1,1035__s3,CS23334,Fundamentals of Data Science,Lecture,6,249,Karthikeyan N,103276,70,B325,B Block,68,3,0,theory,True,68/70,804__s3,Computer Science & Engineering_S3_G23,23,Computer Science & Engineering,3,Monday-Fri
monday,1:00 - 1:50,5,804__s3,MA23312,Fourier series and Number theory,Lecture,1,509,Nathiya R,176100,69,B322,B Block,68,3,1,theory,True,68/70,1035__s3,Computer Science & Engineering_S3_G24,24,Computer Science & Engineering,3,Monday-Fri
tuesday,9:00 - 9:50,1,804__s3,MA23312,Fourier series and Number theory,Lecture,2,509,Nathiya R,176100,79,B408,B Block,68,3,1,theory,True,68/70,1035__s3,Computer Science & Engineering_S3_G24,24,Computer Science & Engineering,3,Monday-Fri
wed,8:00 - 8:50,0,804__s3,MA23312,Fourier series and Number theory,Lecture,3,509,Nathiya R,176100,70,B325,B Block,68,3,1,theory,True,68/70,1035__s3,Computer Science & Engineering_S3_G24,24,Computer Science & Engineering,3,Monday-Fri
wed,9:00 - 9:50,1,804__s3,MA23312,Fourier series and Number theory,Tutorial,4,509,Nathiya R,176100,80,B409,B Block,68,3,1,theory,True,68/70,1035__s3,Computer Science & Engineering_S3_G24,24,Computer Science & Engineering,3,Monday-Fri
thur,3:10 - 4:00,7,804__s3,MA23312,Fourier series and Number theory,Lecture,5,509,Nathiya R,176100,57,B219,B Block,68,3,1,theory,True,68/70,1035__s3,Computer Science & Engineering_S3_G24,24,Computer Science & Engineering,3,Monday-Fri
thur,4:10 - 5:00,8,804__s3,MA23312,Fourier series and Number theory,Lecture,6,509,Nathiya R,176100,70,B325,B Block,68,3,1,theory,False,68/70,,Computer Science & Engineering_S3_G24,24,Computer Science & Engineering,3,Monday-Fri
fri,9:00 - 9:50,1,804__s3,MA23312,Fourier series and Number theory,Lecture,7,509,Nathiya R,176100,70,B325,B Block,68,3,1,theory,True,68/70,1035__s3,Computer Science & Engineering_S3_G24,24,Computer Science & Engineering,3,Monday-Fri
monday,1:00 - 1:50,5,216__s4,CS23311,Computer Architecture,Lecture,1,1166,Priyachitra M,103290,60,B222,B Block,68,3,0,theory,True,68/70,1036__s4,Computer Science & Engineering_S3_G25,25,Computer Science & Engineering,3,Monday-Fri
monday,2:00 - 2:50,6,216__s4,CS23311,Computer Architecture,Lecture,2,1166,Priyachitra M,103290,61,B302,B Block,68,3,0,theory,True,68/70,1036__s4,Computer Science & Engineering_S3_G25,25,Computer Science & Engineering,3,Monday-Fri
tuesday,1:00 - 1:50,5,216__s4,CS23311,Computer Architecture,Lecture,3,1166,Priyachitra M,103290,67,B320,B Block,68,3,0,theory,True,68/70,1036__s4,Computer Science & Engineering_S3_G25,25,Computer Science & Engineering,3,Monday-Fri
wed,9:00 - 9:50,1,216__s4,CS23311,Computer Architecture,Lecture,4,1166,Priyachitra M,103290,56,B218,B Block,68,3,0,theory,True,68/70,1036__s4,Computer Science & Engineering_S3_G25,25,Computer Science & Engineering,3,Monday-Fri
wed,3:10 - 4:00,7,216__s4,CS23311,Computer Architecture,Lecture,5,1166,Priyachitra M,103290,54,B212,B Block,68,3,0,theory,True,68/70,1036__s4,Computer Science & Engineering_S3_G25,25,Computer Science & Engineering,3,Monday-Fri
fri,12:00 - 12:50,4,216__s4,CS23311,Computer Architecture,Lecture,6,1166,Priyachitra M,103290,55,B213,B Block,68,3,0,theory,True,68/70,1036__s4,Computer Science & Engineering_S3_G25,25,Computer Science & Engineering,3,Monday-Fri
monday,8:00 - 8:50,0,894__s4,CS23331,Design and Analysis of Algorithms,Lecture,1,264,Shanmugam P,101251,67,B320,B Block,68,3,0,theory,True,68/70,805__s4,Computer Science & Engineering_S3_G26,26,Computer Science & Engineering,3,Monday-Fri
monday,9:00 - 9:50,1,894__s4,CS23331,Design and Analysis of Algorithms,Lecture,2,264,Shanmugam P,101251,54,B212,B Block,68,3,0,theory,True,68/70,805__s4,Computer Science & Engineering_S3_G26,26,Computer Science & Engineering,3,Monday-Fri
tuesday,8:00 - 8:50,0,894__s4,CS23331,Design and Analysis of Algorithms,Lecture,3,264,Shanmugam P,101251,57,B219,B Block,68,3,0,theory,True,68/70,805__s4,Computer Science & Engineering_S3_G26,26,Computer Science & Engineering,3,Monday-Fri
tuesday,9:00 - 9:50,1,894__s4,CS23331,Design and Analysis of Algorithms,Lecture,4,264,Shanmugam P,101251,55,B213,B Block,68,3,0,theory,True,68/70,805__s4,Computer Science & Engineering_S3_G26,26,Computer Science & Engineering,3,Monday-Fri
thur,3:10 - 4:00,7,894__s4,CS23331,Design and Analysis of Algorithms,Lecture,5,264,Shanmugam P,101251,59,B221,B Block,68,3,0,theory,True,68/70,805__s4,Computer Science & Engineering_S3_G26,26,Computer Science & Engineering,3,Monday-Fri
thur,4:10 - 5:00,8,894__s4,CS23331,Design and Analysis of Algorithms,Lecture,6,264,Shanmugam P,101251,55,B213,B Block,68,3,0,theory,True,68/70,805__s4,Computer Science & Engineering_S3_G26,26,Computer Science & Engineering,3,Monday-Fri
monday,1:00 - 1:50,5,1036__s4,CS23334,Fundamentals of Data Science,Lecture,1,268,Madhusudhanan S,101326,60,B222,B Block,68,3,0,theory,True,68/70,216__s4,Computer Science & Engineering_S3_G29,29,Computer Science & Engineering,3,Monday-Fri
monday,2:00 - 2:50,6,1036__s4,CS23334,Fundamentals of Data Science,Lecture,2,268,Madhusudhanan S,101326,61,B302,B Block,68,3,0,theory,True,68/70,216__s4,Computer Science & Engineering_S3_G29,29,Computer Science & Engineering,3,Monday-Fri
tuesday,1:00 - 1:50,5,1036__s4,CS23334,Fundamentals of Data Science,Lecture,3,268,Madhusudhanan S,101326,67,B320,B Block,68,3,0,theory,True,68/70,216__s4,Computer Science & Engineering_S3_G29,29,Computer Science & Engineering,3,Monday-Fri
wed,9:00 - 9:50,1,1036__s4,CS23334,Fundamentals of Data Science,Lecture,4,268,Madhusudhanan S,101326,56,B218,B Block,68,3,0,theory,True,68/70,216__s4,Computer Science & Engineering_S3_G29,29,Computer Science & Engineering,3,Monday-Fri
wed,3:10 - 4:00,7,1036__s4,CS23334,Fundamentals of Data Science,Lecture,5,268,Madhusudhanan S,101326,54,B212,B Block,68,3,0,theory,True,68/70,216__s4,Computer Science & Engineering_S3_G29,29,Computer Science & Engineering,3,Monday-Fri
fri,12:00 - 12:50,4,1036__s4,CS23334,Fundamentals of Data Science,Lecture,6,268,Madhusudhanan S,101326,55,B213,B Block,68,3,0,theory,True,68/70,216__s4,Computer Science & Engineering_S3_G29,29,Computer Science & Engineering,3,Monday-Fri
monday,8:00 - 8:50,0,805__s4,MA23312,Fourier series and Number theory,Lecture,1,1172,Purushoth Kumar S,500025,67,B320,B Block,68,3,1,theory,True,68/70,894__s4,Computer Science & Engineering_S3_G30,30,Computer Science & Engineering,3,Monday-Fri
monday,9:00 - 9:50,1,805__s4,MA23312,Fourier series and Number theory,Lecture,2,1172,Purushoth Kumar S,500025,54,B212,B Block,68,3,1,theory,True,68/70,894__s4,Computer Science & Engineering_S3_G30,30,Computer Science & Engineering,3,Monday-Fri
tuesday,8:00 - 8:50,0,805__s4,MA23312,Fourier series and Number theory,Lecture,3,1172,Purushoth Kumar S,500025,57,B219,B Block,68,3,1,theory,True,68/70,894__s4,Computer Science & Engineering_S3_G30,30,Computer Science & Engineering,3,Monday-Fri
tuesday,9:00 - 9:50,1,805__s4,MA23312,Fourier series and Number theory,Tutorial,4,1172,Purushoth Kumar S,500025,55,B213,B Block,68,3,1,theory,True,68/70,894__s4,Computer Science & Engineering_S3_G30,30,Computer Science & Engineering,3,Monday-Fri
wed,4:10 - 5:00,8,805__s4,MA23312,Fourier series and Number theory,Lecture,5,1172,Purushoth Kumar S,500025,55,B213,B Block,68,3,1,theory,False,68/70,,Computer Science & Engineering_S3_G30,30,Computer Science & Engineering,3,Monday-Fri
thur,3:10 - 4:00,7,805__s4,MA23312,Fourier series and Number theory,Lecture,6,1172,Purushoth Kumar S,500025,59,B221,B Block,68,3,1,theory,True,68/70,894__s4,Computer Science & Engineering_S3_G30,30,Computer Science & Engineering,3,Monday-Fri
thur,4:10 - 5:00,8,805__s4,MA23312,Fourier series and Number theory,Lecture,7,1172,Purushoth Kumar S,500025,55,B213,B Block,68,3,1,theory,True,68/70,894__s4,Computer Science & Engineering_S3_G30,30,Computer Science & Engineering,3,Monday-Fri
tuesday,10:00 - 10:50,2,217__s5,CS23311,Computer Architecture,Lecture,1,1166,Priyachitra M,103290,91,B424,B Block,68,3,0,theory,True,68/70,1037__s5,Computer Science & Engineering_S3_G31,31,Computer Science & Engineering,3,Monday-Fri
tuesday,11:00 - 11:50,3,217__s5,CS23311,Computer Architecture,Lecture,2,1166,Priyachitra M,103290,90,B423,B Block,68,3,0,theory,True,68/70,1037__s5,Computer Science & Engineering_S3_G31,31,Computer Science & Engineering,3,Monday-Fri
wed,11:00 - 11:50,3,217__s5,CS23311,Computer Architecture,Lecture,3,1166,Priyachitra M,103290,86,B417,B Block,68,3,0,theory,True,68/70,1037__s5,Computer Science & Engineering_S3_G31,31,Computer Science & Engineering,3,Monday-Fri
wed,1:00 - 1:50,5,217__s5,CS23311,Computer Architecture,Lecture,4,1166,Priyachitra M,103290,89,B422,B Block,68,3,0,theory,True,68/70,1037__s5,Computer Science & Engineering_S3_G31,31,Computer Science & Engineering,3,Monday-Fri
fri,8:00 - 8:50,0,217__s5,CS23311,Computer Architecture,Lecture,5,1166,Priyachitra M,103290,90,B423,B Block,68,3,0,theory,True,68/70,1037__s5,Computer Science & Engineering_S3_G31,31,Computer Science & Engineering,3,Monday-Fri
fri,9:00 - 9:50,1,217__s5,CS23311,Computer Architecture,Lecture,6,1166,Priyachitra M,103290,90,B423,B Block,68,3,0,theory,True,68/70,1037__s5,Computer Science & Engineering_S3_G31,31,Computer Science & Engineering,3,Monday-Fri
monday,10:00 - 10:50,2,895__s5,CS23331,Design and Analysis of Algorithms,Lecture,1,264,Shanmugam P,101251,87,B418,B Block,68,3,0,theory,True,68/70,806__s5,Computer Science & Engineering_S3_G32,32,Computer Science & Engineering,3,Monday-Fri
monday,11:00 - 11:50,3,895__s5,CS23331,Design and Analysis of Algorithms,Lecture,2,264,Shanmugam P,101251,86,B417,B Block,68,3,0,theory,True,68/70,806__s5,Computer Science & Engineering_S3_G32,32,Computer Science & Engineering,3,Monday-Fri
tuesday,1:00 - 1:50,5,895__s5,CS23331,Design and Analysis of Algorithms,Lecture,3,264,Shanmugam P,101251,91,B424,B Block,68,3,0,theory,True,68/70,806__s5,Computer Science & Engineering_S3_G32,32,Computer Science & Engineering,3,Monday-Fri
tuesday,2:00 - 2:50,6,895__s5,CS23331,Design and Analysis of Algorithms,Lecture,4,264,Shanmugam P,101251,91,B424,B Block,68,3,0,theory,True,68/70,806__s5,Computer Science & Engineering_S3_G32,32,Computer Science & Engineering,3,Monday-Fri
wed,8:00 - 8:50,0,895__s5,CS23331,Design and Analysis of Algorithms,Lecture,5,264,Shanmugam P,101251,86,B417,B Block,68,3,0,theory,True,68/70,806__s5,Computer Science & Engineering_S3_G32,32,Computer Science & Engineering,3,Monday-Fri
wed,10:00 - 10:50,2,895__s5,CS23331,Design and Analysis of Algorithms,Lecture,6,264,Shanmugam P,101251,86,B417,B Block,68,3,0,theory,True,68/70,806__s5,Computer Science & Engineering_S3_G32,32,Computer Science & Engineering,3,Monday-Fri
tuesday,10:00 - 10:50,2,1037__s5,CS23334,Fundamentals of Data Science,Lecture,1,268,Madhusudhanan S,101326,91,B424,B Block,68,3,0,theory,True,68/70,217__s5,Computer Science & Engineering_S3_G35,35,Computer Science & Engineering,3,Monday-Fri
tuesday,11:00 - 11:50,3,1037__s5,CS23334,Fundamentals of Data Science,Lecture,2,268,Madhusudhanan S,101326,90,B423,B Block,68,3,0,theory,True,68/70,217__s5,Computer Science & Engineering_S3_G35,35,Computer Science & Engineering,3,Monday-Fri
wed,11:00 - 11:50,3,1037__s5,CS23334,Fundamentals of Data Science,Lecture,3,268,Madhusudhanan S,101326,86,B417,B Block,68,3,0,theory,True,68/70,217__s5,Computer Science & Engineering_S3_G35,35,Computer Science & Engineering,3,Monday-Fri
wed,1:00 - 1:50,5,1037__s5,CS23334,Fundamentals of Data Science,Lecture,4,268,Madhusudhanan S,101326,89,B422,B Block,68,3,0,theory,True,68/70,217__s5,Computer Science & Engineering_S3_G35,35,Computer Science & Engineering,3,Monday-Fri
fri,8:00 - 8:50,0,1037__s5,CS23334,Fundamentals of Data Science,Lecture,5,268,Madhusudhanan S,101326,90,B423,B Block,68,3,0,theory,True,68/70,217__s5,Computer Science & Engineering_S3_G35,35,Computer Science & Engineering,3,Monday-Fri
fri,9:00 - 9:50,1,1037__s5,CS23334,Fundamentals of Data Science,Lecture,6,268,Madhusudhanan S,101326,90,B423,B Block,68,3,0,theory,True,68/70,217__s5,Computer Science & Engineering_S3_G35,35,Computer Science & Engineering,3,Monday-Fri
monday,10:00 - 10:50,2,806__s5,MA23312,Fourier series and Number theory,Lecture,1,514,V Bharathi,176131,87,B418,B Block,68,3,1,theory,True,68/70,895__s5,Computer Science & Engineering_S3_G36,36,Computer Science & Engineering,3,Monday-Fri
monday,11:00 - 11:50,3,806__s5,MA23312,Fourier series and Number theory,Lecture,2,514,V Bharathi,176131,86,B417,B Block,68,3,1,theory,True,68/70,895__s5,Computer Science & Engineering_S3_G36,36,Computer Science & Engineering,3,Monday-Fri
tuesday,1:00 - 1:50,5,806__s5,MA23312,Fourier series and Number theory,Lecture,3,514,V Bharathi,176131,91,B424,B Block,68,3,1,theory,True,68/70,895__s5,Computer Science & Engineering_S3_G36,36,Computer Science & Engineering,3,Monday-Fri
tuesday,2:00 - 2:50,6,806__s5,MA23312,Fourier series and Number theory,Tutorial,4,514,V Bharathi,176131,91,B424,B Block,68,3,1,theory,True,68/70,895__s5,Computer Science & Engineering_S3_G36,36,Computer Science & Engineering,3,Monday-Fri
wed,8:00 - 8:50,0,806__s5,MA23312,Fourier series and Number theory,Lecture,5,514,V Bharathi,176131,86,B417,B Block,68,3,1,theory,True,68/70,895__s5,Computer Science & Engineering_S3_G36,36,Computer Science & Engineering,3,Monday-Fri
wed,10:00 - 10:50,2,806__s5,MA23312,Fourier series and Number theory,Lecture,6,514,V Bharathi,176131,86,B417,B Block,68,3,1,theory,True,68/70,895__s5,Computer Science & Engineering_S3_G36,36,Computer Science & Engineering,3,Monday-Fri
thur,3:10 - 4:00,7,806__s5,MA23312,Fourier series and Number theory,Lecture,7,514,V Bharathi,176131,91,B424,B Block,68,3,1,theory,False,68/70,,Computer Science & Engineering_S3_G36,36,Computer Science & Engineering,3,Monday-Fri
monday,1:00 - 1:50,5,218__s6,CS23311,Computer Architecture,Lecture,1,262,Harikumar M,101361,77,B404,B Block,68,3,0,theory,True,68/70,896__s6,Computer Science & Engineering_S3_G37,37,Computer Science & Engineering,3,Monday-Fri
tuesday,8:00 - 8:50,0,218__s6,CS23311,Computer Architecture,Lecture,2,262,Harikumar M,101361,82,B411,B Block,68,3,0,theory,True,68/70,896__s6,Computer Science & Engineering_S3_G37,37,Computer Science & Engineering,3,Monday-Fri
wed,8:00 - 8:50,0,218__s6,CS23311,Computer Architecture,Lecture,3,262,Harikumar M,101361,82,B411,B Block,68,3,0,theory,True,68/70,896__s6,Computer Science & Engineering_S3_G37,37,Computer Science & Engineering,3,Monday-Fri
wed,2:00 - 2:50,6,218__s6,CS23311,Computer Architecture,Lecture,4,262,Harikumar M,101361,81,B410,B Block,68,3,0,theory,True,68/70,896__s6,Computer Science & Engineering_S3_G37,37,Computer Science & Engineering,3,Monday-Fri
thur,8:00 - 8:50,0,218__s6,CS23311,Computer Architecture,Lecture,5,262,Harikumar M,101361,81,B410,B Block,68,3,0,theory,True,68/70,896__s6,Computer Science & Engineering_S3_G37,37,Computer Science & Engineering,3,Monday-Fri
fri,8:00 - 8:50,0,218__s6,CS23311,Computer Architecture,Lecture,6,262,Harikumar M,101361,83,B412,B Block,68,3,0,theory,True,68/70,896__s6,Computer Science & Engineering_S3_G37,37,Computer Science & Engineering,3,Monday-Fri
monday,1:00 - 1:50,5,896__s6,CS23331,Design and Analysis of Algorithms,Lecture,1,228,Mahesmeena .,101293,77,B404,B Block,68,3,0,theory,True,68/70,218__s6,Computer Science & Engineering_S3_G38,38,Computer Science & Engineering,3,Monday-Fri
tuesday,8:00 - 8:50,0,896__s6,CS23331,Design and Analysis of Algorithms,Lecture,2,228,Mahesmeena .,101293,82,B411,B Block,68,3,0,theory,True,68/70,218__s6,Computer Science & Engineering_S3_G38,38,Computer Science & Engineering,3,Monday-Fri
wed,8:00 - 8:50,0,896__s6,CS23331,Design and Analysis of Algorithms,Lecture,3,228,Mahesmeena .,101293,82,B411,B Block,68,3,0,theory,True,68/70,218__s6,Computer Science & Engineering_S3_G38,38,Computer Science & Engineering,3,Monday-Fri
wed,2:00 - 2:50,6,896__s6,CS23331,Design and Analysis of Algorithms,Lecture,4,228,Mahesmeena .,101293,81,B410,B Block,68,3,0,theory,True,68/70,218__s6,Computer Science & Engineering_S3_G38,38,Computer Science & Engineering,3,Monday-Fri
thur,8:00 - 8:50,0,896__s6,CS23331,Design and Analysis of Algorithms,Lecture,5,228,Mahesmeena .,101293,81,B410,B Block,68,3,0,theory,True,68/70,218__s6,Computer Science & Engineering_S3_G38,38,Computer Science & Engineering,3,Monday-Fri
fri,8:00 - 8:50,0,896__s6,CS23331,Design and Analysis of Algorithms,Lecture,6,228,Mahesmeena .,101293,83,B412,B Block,68,3,0,theory,True,68/70,218__s6,Computer Science & Engineering_S3_G38,38,Computer Science & Engineering,3,Monday-Fri
monday,2:00 - 2:50,6,1038__s6,CS23334,Fundamentals of Data Science,Lecture,1,245,Poornima A,101368,76,B403,B Block,68,3,0,theory,True,68/70,807__s6,Computer Science & Engineering_S3_G41,41,Computer Science & Engineering,3,Monday-Fri
tuesday,9:00 - 9:50,1,1038__s6,CS23334,Fundamentals of Data Science,Lecture,2,245,Poornima A,101368,82,B411,B Block,68,3,0,theory,True,68/70,807__s6,Computer Science & Engineering_S3_G41,41,Computer Science & Engineering,3,Monday-Fri
tuesday,12:00 - 12:50,4,1038__s6,CS23334,Fundamentals of Data Science,Lecture,3,245,Poornima A,101368,87,B418,B Block,68,3,0,theory,True,68/70,807__s6,Computer Science & Engineering_S3_G41,41,Computer Science & Engineering,3,Monday-Fri
wed,12:00 - 12:50,4,1038__s6,CS23334,Fundamentals of Data Science,Lecture,4,245,Poornima A,101368,84,B415,B Block,68,3,0,theory,True,68/70,807__s6,Computer Science & Engineering_S3_G41,41,Computer Science & Engineering,3,Monday-Fri
fri,9:00 - 9:50,1,1038__s6,CS23334,Fundamentals of Data Science,Lecture,5,245,Poornima A,101368,77,B404,B Block,68,3,0,theory,True,68/70,807__s6,Computer Science & Engineering_S3_G41,41,Computer Science & Engineering,3,Monday-Fri
fri,11:00 - 11:50,3,1038__s6,CS23334,Fundamentals of Data Science,Lecture,6,245,Poornima A,101368,79,B408,B Block,68,3,0,theory,True,68/70,807__s6,Computer Science & Engineering_S3_G41,41,Computer Science & Engineering,3,Monday-Fri
monday,2:00 - 2:50,6,807__s6,MA23312,Fourier series and Number theory,Lecture,1,517,Vinod Kumar R,176153,76,B403,B Block,68,3,1,theory,True,68/70,1038__s6,Computer Science & Engineering_S3_G42,42,Computer Science & Engineering,3,Monday-Fri
tuesday,9:00 - 9:50,1,807__s6,MA23312,Fourier series and Number theory,Lecture,2,517,Vinod Kumar R,176153,82,B411,B Block,68,3,1,theory,True,68/70,1038__s6,Computer Science & Engineering_S3_G42,42,Computer Science & Engineering,3,Monday-Fri
tuesday,12:00 - 12:50,4,807__s6,MA23312,Fourier series and Number theory,Lecture,3,517,Vinod Kumar R,176153,87,B418,B Block,68,3,1,theory,True,68/70,1038__s6,Computer Science & Engineering_S3_G42,42,Computer Science & Engineering,3,Monday-Fri
wed,9:00 - 9:50,1,807__s6,MA23312,Fourier series and Number theory,Tutorial,4,517,Vinod Kumar R,176153,81,B410,B Block,68,3,1,theory,False,68/70,,Computer Science & Engineering_S3_G42,42,Computer Science & Engineering,3,Monday-Fri
wed,12:00 - 12:50,4,807__s6,MA23312,Fourier series and Number theory,Lecture,5,517,Vinod Kumar R,176153,84,B415,B Block,68,3,1,theory,True,68/70,1038__s6,Computer Science & Engineering_S3_G42,42,Computer Science & Engineering,3,Monday-Fri
fri,9:00 - 9:50,1,807__s6,MA23312,Fourier series and Number theory,Lecture,6,517,Vinod Kumar R,176153,77,B404,B Block,68,3,1,theory,True,68/70,1038__s6,Computer Science & Engineering_S3_G42,42,Computer Science & Engineering,3,Monday-Fri
fri,11:00 - 11:50,3,807__s6,MA23312,Fourier series and Number theory,Lecture,7,517,Vinod Kumar R,176153,79,B408,B Block,68,3,1,theory,True,68/70,1038__s6,Computer Science & Engineering_S3_G42,42,Computer Science & Engineering,3,Monday-Fri
monday,2:00 - 2:50,6,219__s7,CS23311,Computer Architecture,Lecture,1,262,Harikumar M,101361,79,B408,B Block,68,3,0,theory,True,68/70,897__s7,Computer Science & Engineering_S3_G43,43,Computer Science & Engineering,3,Monday-Fri
tuesday,2:00 - 2:50,6,219__s7,CS23311,Computer Architecture,Lecture,2,262,Harikumar M,101361,81,B410,B Block,68,3,0,theory,True,68/70,897__s7,Computer Science & Engineering_S3_G43,43,Computer Science & Engineering,3,Monday-Fri
thur,9:00 - 9:50,1,219__s7,CS23311,Computer Architecture,Lecture,3,262,Harikumar M,101361,79,B408,B Block,68,3,0,theory,True,68/70,897__s7,Computer Science & Engineering_S3_G43,43,Computer Science & Engineering,3,Monday-Fri
thur,2:00 - 2:50,6,219__s7,CS23311,Computer Architecture,Lecture,4,262,Harikumar M,101361,81,B410,B Block,68,3,0,theory,True,68/70,897__s7,Computer Science & Engineering_S3_G43,43,Computer Science & Engineering,3,Monday-Fri
fri,9:00 - 9:50,1,219__s7,CS23311,Computer Architecture,Lecture,5,262,Harikumar M,101361,81,B410,B Block,68,3,0,theory,True,68/70,897__s7,Computer Science & Engineering_S3_G43,43,Computer Science & Engineering,3,Monday-Fri
fri,12:00 - 12:50,4,219__s7,CS23311,Computer Architecture,Lecture,6,262,Harikumar M,101361,80,B409,B Block,68,3,0,theory,True,68/70,897__s7,Computer Science & Engineering_S3_G43,43,Computer Science & Engineering,3,Monday-Fri
monday,2:00 - 2:50,6,897__s7,CS23331,Design and Analysis of Algorithms,Lecture,1,228,Mahesmeena .,101293,79,B408,B Block,68,3,0,theory,True,68/70,219__s7,Computer Science & Engineering_S3_G44,44,Computer Science & Engineering,3,Monday-Fri
tuesday,2:00 - 2:50,6,897__s7,CS23331,Design and Analysis of Algorithms,Lecture,2,228,Mahesmeena .,101293,81,B410,B Block,68,3,0,theory,True,68/70,219__s7,Computer Science & Engineering_S3_G44,44,Computer Science & Engineering,3,Monday-Fri
thur,9:00 - 9:50,1,897__s7,CS23331,Design and Analysis of Algorithms,Lecture,3,228,Mahesmeena .,101293,79,B408,B Block,68,3,0,theory,True,68/70,219__s7,Computer Science & Engineering_S3_G44,44,Computer Science & Engineering,3,Monday-Fri
thur,2:00 - 2:50,6,897__s7,CS23331,Design and Analysis of Algorithms,Lecture,4,228,Mahesmeena .,101293,81,B410,B Block,68,3,0,theory,True,68/70,219__s7,Computer Science & Engineering_S3_G44,44,Computer Science & Engineering,3,Monday-Fri
fri,9:00 - 9:50,1,897__s7,CS23331,Design and Analysis of Algorithms,Lecture,5,228,Mahesmeena .,101293,81,B410,B Block,68,3,0,theory,True,68/70,219__s7,Computer Science & Engineering_S3_G44,44,Computer Science & Engineering,3,Monday-Fri
fri,12:00 - 12:50,4,897__s7,CS23331,Design and Analysis of Algorithms,Lecture,6,228,Mahesmeena .,101293,80,B409,B Block,68,3,0,theory,True,68/70,219__s7,Computer Science & Engineering_S3_G44,44,Computer Science & Engineering,3,Monday-Fri
monday,10:00 - 10:50,2,1039__s7,CS23334,Fundamentals of Data Science,Lecture,1,245,Poornima A,101368,68,B321,B Block,68,3,0,theory,True,68/70,808__s7,Computer Science & Engineering_S3_G47,47,Computer Science & Engineering,3,Monday-Fri
tuesday,1:00 - 1:50,5,1039__s7,CS23334,Fundamentals of Data Science,Lecture,2,245,Poornima A,101368,76,B403,B Block,68,3,0,theory,True,68/70,808__s7,Computer Science & Engineering_S3_G47,47,Computer Science & Engineering,3,Monday-Fri
wed,1:00 - 1:50,5,1039__s7,CS23334,Fundamentals of Data Science,Lecture,3,245,Poornima A,101368,59,B221,B Block,68,3,0,theory,True,68/70,808__s7,Computer Science & Engineering_S3_G47,47,Computer Science & Engineering,3,Monday-Fri
thur,8:00 - 8:50,0,1039__s7,CS23334,Fundamentals of Data Science,Lecture,4,245,Poornima A,101368,80,B409,B Block,68,3,0,theory,True,68/70,808__s7,Computer Science & Engineering_S3_G47,47,Computer Science & Engineering,3,Monday-Fri
thur,10:00 - 10:50,2,1039__s7,CS23334,Fundamentals of Data Science,Lecture,5,245,Poornima A,101368,80,B409,B Block,68,3,0,theory,True,68/70,808__s7,Computer Science & Engineering_S3_G47,47,Computer Science & Engineering,3,Monday-Fri
fri,8:00 - 8:50,0,1039__s7,CS23334,Fundamentals of Data Science,Lecture,6,245,Poornima A,101368,81,B410,B Block,68,3,0,theory,True,68/70,808__s7,Computer Science & Engineering_S3_G47,47,Computer Science & Engineering,3,Monday-Fri
monday,10:00 - 10:50,2,808__s7,MA23312,Fourier series and Number theory,Lecture,1,1202,Shanmugavalli M,176169,68,B321,B Block,68,3,1,theory,True,68/70,1039__s7,Computer Science & Engineering_S3_G48,48,Computer Science & Engineering,3,Monday-Fri
tuesday,1:00 - 1:50,5,808__s7,MA23312,Fourier series and Number theory,Lecture,2,1202,Shanmugavalli M,176169,76,B403,B Block,68,3,1,theory,True,68/70,1039__s7,Computer Science & Engineering_S3_G48,48,Computer Science & Engineering,3,Monday-Fri
wed,1:00 - 1:50,5,808__s7,MA23312,Fourier series and Number theory,Lecture,3,1202,Shanmugavalli M,176169,59,B221,B Block,68,3,1,theory,True,68/70,1039__s7,Computer Science & Engineering_S3_G48,48,Computer Science & Engineering,3,Monday-Fri
thur,8:00 - 8:50,0,808__s7,MA23312,Fourier series and Number theory,Tutorial,4,1202,Shanmugavalli M,176169,80,B409,B Block,68,3,1,theory,True,68/70,1039__s7,Computer Science & Engineering_S3_G48,48,Computer Science & Engineering,3,Monday-Fri
thur,10:00 - 10:50,2,808__s7,MA23312,Fourier series and Number theory,Lecture,5,1202,Shanmugavalli M,176169,80,B409,B Block,68,3,1,theory,True,68/70,1039__s7,Computer Science & Engineering_S3_G48,48,Computer Science & Engineering,3,Monday-Fri
fri,8:00 - 8:50,0,808__s7,MA23312,Fourier series and Number theory,Lecture,6,1202,Shanmugavalli M,176169,81,B410,B Block,68,3,1,theory,True,68/70,1039__s7,Computer Science & Engineering_S3_G48,48,Computer Science & Engineering,3,Monday-Fri
fri,10:00 - 10:50,2,808__s7,MA23312,Fourier series and Number theory,Lecture,7,1202,Shanmugavalli M,176169,80,B409,B Block,68,3,1,theory,False,68/70,,Computer Science & Engineering_S3_G48,48,Computer Science & Engineering,3,Monday-Fri
tuesday,10:00 - 10:50,2,220__s8,CS23311,Computer Architecture,Lecture,1,670,Balakumar B L,101376,107,C302,C Block,68,3,0,theory,False,68/70,,Computer Science & Engineering_S3_G49,49,Computer Science & Engineering,3,Monday-Fri
fri,12:00 - 12:50,4,220__s8,CS23311,Computer Architecture,Lecture,2,670,Balakumar B L,101376,61,B302,B Block,68,3,0,theory,False,68/70,,Computer Science & Engineering_S3_G49,49,Computer Science & Engineering,3,Monday-Fri
fri,1:00 - 1:50,5,220__s8,CS23311,Computer Architecture,Lecture,3,670,Balakumar B L,101376,104,C201,C Block,68,3,0,theory,False,68/70,,Computer Science & Engineering_S3_G49,49,Computer Science & Engineering,3,Monday-Fri
monday,10:00 - 10:50,2,898__s8,CS23331,Design and Analysis of Algorithms,Lecture,1,277,Srinivasan N,101239,67,B320,B Block,68,3,0,theory,True,68/70,809__s8,Computer Science & Engineering_S3_G50,50,Computer Science & Engineering,3,Monday-Fri
tuesday,12:00 - 12:50,4,898__s8,CS23331,Design and Analysis of Algorithms,Lecture,2,277,Srinivasan N,101239,58,B220,B Block,68,3,0,theory,True,68/70,809__s8,Computer Science & Engineering_S3_G50,50,Computer Science & Engineering,3,Monday-Fri
wed,12:00 - 12:50,4,898__s8,CS23331,Design and Analysis of Algorithms,Lecture,3,277,Srinivasan N,101239,68,B321,B Block,68,3,0,theory,True,68/70,809__s8,Computer Science & Engineering_S3_G50,50,Computer Science & Engineering,3,Monday-Fri
thur,1:00 - 1:50,5,898__s8,CS23331,Design and Analysis of Algorithms,Lecture,4,277,Srinivasan N,101239,58,B220,B Block,68,3,0,theory,True,68/70,809__s8,Computer Science & Engineering_S3_G50,50,Computer Science & Engineering,3,Monday-Fri
fri,8:00 - 8:50,0,898__s8,CS23331,Design and Analysis of Algorithms,Lecture,5,277,Srinivasan N,101239,55,B213,B Block,68,3,0,theory,True,68/70,809__s8,Computer Science & Engineering_S3_G50,50,Computer Science & Engineering,3,Monday-Fri
fri,10:00 - 10:50,2,898__s8,CS23331,Design and Analysis of Algorithms,Lecture,6,277,Srinivasan N,101239,68,B321,B Block,68,3,0,theory,True,68/70,809__s8,Computer Science & Engineering_S3_G50,50,Computer Science & Engineering,3,Monday-Fri
tuesday,4:10 - 5:00,8,1040__s8,CS23334,Fundamentals of Data Science,Lecture,1,253,Jinu Sophia J,101221,53,B211,B Block,68,3,0,theory,False,68/70,,Computer Science & Engineering_S3_G53,53,Computer Science & Engineering,3,Monday-Fri
fri,9:00 - 9:50,1,1040__s8,CS23334,Fundamentals of Data Science,Lecture,2,253,Jinu Sophia J,101221,108,C307,C Block,68,3,0,theory,False,68/70,,Computer Science & Engineering_S3_G53,53,Computer Science & Engineering,3,Monday-Fri
fri,2:00 - 2:50,6,1040__s8,CS23334,Fundamentals of Data Science,Lecture,3,253,Jinu Sophia J,101221,108,C307,C Block,68,3,0,theory,False,68/70,,Computer Science & Engineering_S3_G53,53,Computer Science & Engineering,3,Monday-Fri
monday,10:00 - 10:50,2,809__s8,MA23312,Fourier series and Number theory,Lecture,1,495,Anbarasi V,176130,67,B320,B Block,68,3,1,theory,True,68/70,898__s8,Computer Science & Engineering_S3_G54,54,Computer Science & Engineering,3,Monday-Fri
tuesday,12:00 - 12:50,4,809__s8,MA23312,Fourier series and Number theory,Lecture,2,495,Anbarasi V,176130,58,B220,B Block,68,3,1,theory,True,68/70,898__s8,Computer Science & Engineering_S3_G54,54,Computer Science & Engineering,3,Monday-Fri
tuesday,3:10 - 4:00,7,809__s8,MA23312,Fourier series and Number theory,Lecture,3,495,Anbarasi V,176130,67,B320,B Block,68,3,1,theory,False,68/70,,Computer Science & Engineering_S3_G54,54,Computer Science & Engineering,3,Monday-Fri
wed,12:00 - 12:50,4,809__s8,MA23312,Fourier series and Number theory,Tutorial,4,495,Anbarasi V,176130,68,B321,B Block,68,3,1,theory,True,68/70,898__s8,Computer Science & Engineering_S3_G54,54,Computer Science & Engineering,3,Monday-Fri
thur,1:00 - 1:50,5,809__s8,MA23312,Fourier series and Number theory,Lecture,5,495,Anbarasi V,176130,58,B220,B Block,68,3,1,theory,True,68/70,898__s8,Computer Science & Engineering_S3_G54,54,Computer Science & Engineering,3,Monday-Fri
fri,8:00 - 8:50,0,809__s8,MA23312,Fourier series and Number theory,Lecture,6,495,Anbarasi V,176130,55,B213,B Block,68,3,1,theory,True,68/70,898__s8,Computer Science & Engineering_S3_G54,54,Computer Science & Engineering,3,Monday-Fri
fri,10:00 - 10:50,2,809__s8,MA23312,Fourier series and Number theory,Lecture,7,495,Anbarasi V,176130,68,B321,B Block,68,3,1,theory,True,68/70,898__s8,Computer Science & Engineering_S3_G54,54,Computer Science & Engineering,3,Monday-Fri
tuesday,8:00 - 8:50,0,221__s9,CS23311,Computer Architecture,Lecture,1,670,Balakumar B L,101376,87,B418,B Block,68,3,0,theory,True,68/70,810__s9,Computer Science & Engineering_S3_G55,55,Computer Science & Engineering,3,Monday-Fri
tuesday,9:00 - 9:50,1,221__s9,CS23311,Computer Architecture,Lecture,2,670,Balakumar B L,101376,87,B418,B Block,68,3,0,theory,True,68/70,810__s9,Computer Science & Engineering_S3_G55,55,Computer Science & Engineering,3,Monday-Fri
wed,12:00 - 12:50,4,221__s9,CS23311,Computer Architecture,Lecture,3,670,Balakumar B L,101376,90,B423,B Block,68,3,0,theory,True,68/70,810__s9,Computer Science & Engineering_S3_G55,55,Computer Science & Engineering,3,Monday-Fri
thur,8:00 - 8:50,0,221__s9,CS23311,Computer Architecture,Lecture,4,670,Balakumar B L,101376,88,B419,B Block,68,3,0,theory,True,68/70,810__s9,Computer Science & Engineering_S3_G55,55,Computer Science & Engineering,3,Monday-Fri
fri,10:00 - 10:50,2,221__s9,CS23311,Computer Architecture,Lecture,5,670,Balakumar B L,101376,89,B422,B Block,68,3,0,theory,True,68/70,810__s9,Computer Science & Engineering_S3_G55,55,Computer Science & Engineering,3,Monday-Fri
fri,2:00 - 2:50,6,221__s9,CS23311,Computer Architecture,Lecture,6,670,Balakumar B L,101376,93,B426,B Block,68,3,0,theory,True,68/70,810__s9,Computer Science & Engineering_S3_G55,55,Computer Science & Engineering,3,Monday-Fri
monday,4:10 - 5:00,8,899__s9,CS23331,Design and Analysis of Algorithms,Lecture,1,277,Srinivasan N,101239,40,B106,B Block,68,3,0,theory,True,68/70,1041__s9,Computer Science & Engineering_S3_G56,56,Computer Science & Engineering,3,Monday-Fri
tuesday,3:10 - 4:00,7,899__s9,CS23331,Design and Analysis of Algorithms,Lecture,2,277,Srinivasan N,101239,88,B419,B Block,68,3,0,theory,True,68/70,1041__s9,Computer Science & Engineering_S3_G56,56,Computer Science & Engineering,3,Monday-Fri
tuesday,4:10 - 5:00,8,899__s9,CS23331,Design and Analysis of Algorithms,Lecture,3,277,Srinivasan N,101239,87,B418,B Block,68,3,0,theory,True,68/70,1041__s9,Computer Science & Engineering_S3_G56,56,Computer Science & Engineering,3,Monday-Fri
thur,10:00 - 10:50,2,899__s9,CS23331,Design and Analysis of Algorithms,Lecture,4,277,Srinivasan N,101239,87,B418,B Block,68,3,0,theory,True,68/70,1041__s9,Computer Science & Engineering_S3_G56,56,Computer Science & Engineering,3,Monday-Fri
thur,2:00 - 2:50,6,899__s9,CS23331,Design and Analysis of Algorithms,Lecture,5,277,Srinivasan N,101239,88,B419,B Block,68,3,0,theory,True,68/70,1041__s9,Computer Science & Engineering_S3_G56,56,Computer Science & Engineering,3,Monday-Fri
fri,9:00 - 9:50,1,899__s9,CS23331,Design and Analysis of Algorithms,Lecture,6,277,Srinivasan N,101239,89,B422,B Block,68,3,0,theory,True,68/70,1041__s9,Computer Science & Engineering_S3_G56,56,Computer Science & Engineering,3,Monday-Fri
monday,4:10 - 5:00,8,1041__s9,CS23334,Fundamentals of Data Science,Lecture,1,246,J M Akshai Khaanth,101372,40,B106,B Block,68,3,0,theory,True,68/70,899__s9,Computer Science & Engineering_S3_G59,59,Computer Science & Engineering,3,Monday-Fri
tuesday,3:10 - 4:00,7,1041__s9,CS23334,Fundamentals of Data Science,Lecture,2,246,J M Akshai Khaanth,101372,88,B419,B Block,68,3,0,theory,True,68/70,899__s9,Computer Science & Engineering_S3_G59,59,Computer Science & Engineering,3,Monday-Fri
tuesday,4:10 - 5:00,8,1041__s9,CS23334,Fundamentals of Data Science,Lecture,3,246,J M Akshai Khaanth,101372,87,B418,B Block,68,3,0,theory,True,68/70,899__s9,Computer Science & Engineering_S3_G59,59,Computer Science & Engineering,3,Monday-Fri
thur,10:00 - 10:50,2,1041__s9,CS23334,Fundamentals of Data Science,Lecture,4,246,J M Akshai Khaanth,101372,87,B418,B Block,68,3,0,theory,True,68/70,899__s9,Computer Science & Engineering_S3_G59,59,Computer Science & Engineering,3,Monday-Fri
thur,2:00 - 2:50,6,1041__s9,CS23334,Fundamentals of Data Science,Lecture,5,246,J M Akshai Khaanth,101372,88,B419,B Block,68,3,0,theory,True,68/70,899__s9,Computer Science & Engineering_S3_G59,59,Computer Science & Engineering,3,Monday-Fri
fri,9:00 - 9:50,1,1041__s9,CS23334,Fundamentals of Data Science,Lecture,6,246,J M Akshai Khaanth,101372,89,B422,B Block,68,3,0,theory,True,68/70,899__s9,Computer Science & Engineering_S3_G59,59,Computer Science & Engineering,3,Monday-Fri
monday,3:10 - 4:00,7,810__s9,MA23312,Fourier series and Number theory,Lecture,1,520,Azhagarasu A,176111,52,B210,B Block,68,3,1,theory,False,68/70,,Computer Science & Engineering_S3_G60,60,Computer Science & Engineering,3,Monday-Fri
tuesday,8:00 - 8:50,0,810__s9,MA23312,Fourier series and Number theory,Lecture,2,520,Azhagarasu A,176111,87,B418,B Block,68,3,1,theory,True,68/70,221__s9,Computer Science & Engineering_S3_G60,60,Computer Science & Engineering,3,Monday-Fri
tuesday,9:00 - 9:50,1,810__s9,MA23312,Fourier series and Number theory,Lecture,3,520,Azhagarasu A,176111,87,B418,B Block,68,3,1,theory,True,68/70,221__s9,Computer Science & Engineering_S3_G60,60,Computer Science & Engineering,3,Monday-Fri
wed,12:00 - 12:50,4,810__s9,MA23312,Fourier series and Number theory,Tutorial,4,520,Azhagarasu A,176111,90,B423,B Block,68,3,1,theory,True,68/70,221__s9,Computer Science & Engineering_S3_G60,60,Computer Science & Engineering,3,Monday-Fri
thur,8:00 - 8:50,0,810__s9,MA23312,Fourier series and Number theory,Lecture,5,520,Azhagarasu A,176111,88,B419,B Block,68,3,1,theory,True,68/70,221__s9,Computer Science & Engineering_S3_G60,60,Computer Science & Engineering,3,Monday-Fri
fri,10:00 - 10:50,2,810__s9,MA23312,Fourier series and Number theory,Lecture,6,520,Azhagarasu A,176111,89,B422,B Block,68,3,1,theory,True,68/70,221__s9,Computer Science & Engineering_S3_G60,60,Computer Science & Engineering,3,Monday-Fri
fri,2:00 - 2:50,6,810__s9,MA23312,Fourier series and Number theory,Lecture,7,520,Azhagarasu A,176111,93,B426,B Block,68,3,1,theory,True,68/70,221__s9,Computer Science & Engineering_S3_G60,60,Computer Science & Engineering,3,Monday-Fri
tuesday,8:00 - 8:50,0,132__s0,MA23311,Transforms and Applied Partial Differential Equations,Lecture,1,493,Rajkumar V,176112,54,B212,B Block,72,3,1,theory,True,72/70,831__s0,Robotics & Automation_S3_G2,2,Robotics & Automation,3,Tuesday-Saturday
wed,2:00 - 2:50,6,132__s0,MA23311,Transforms and Applied Partial Differential Equations,Lecture,2,493,Rajkumar V,176112,56,B218,B Block,72,3,1,theory,True,72/70,831__s0,Robotics & Automation_S3_G2,2,Robotics & Automation,3,Tuesday-Saturday
wed,4:10 - 5:00,8,132__s0,MA23311,Transforms and Applied Partial Differential Equations,Lecture,3,493,Rajkumar V,176112,59,B221,B Block,72,3,1,theory,True,72/70,831__s0,Robotics & Automation_S3_G2,2,Robotics & Automation,3,Tuesday-Saturday
thur,3:10 - 4:00,7,132__s0,MA23311,Transforms and Applied Partial Differential Equations,Tutorial,4,493,Rajkumar V,176112,58,B220,B Block,72,3,1,theory,True,72/70,831__s0,Robotics & Automation_S3_G2,2,Robotics & Automation,3,Tuesday-Saturday
thur,4:10 - 5:00,8,132__s0,MA23311,Transforms and Applied Partial Differential Equations,Lecture,5,493,Rajkumar V,176112,61,B302,B Block,72,3,1,theory,False,72/70,,Robotics & Automation_S3_G2,2,Robotics & Automation,3,Tuesday-Saturday
fri,1:00 - 1:50,5,132__s0,MA23311,Transforms and Applied Partial Differential Equations,Lecture,6,493,Rajkumar V,176112,61,B302,B Block,72,3,1,theory,True,72/70,831__s0,Robotics & Automation_S3_G2,2,Robotics & Automation,3,Tuesday-Saturday
saturday,8:00 - 8:50,0,132__s0,MA23311,Transforms and Applied Partial Differential Equations,Lecture,7,493,Rajkumar V,176112,67,B320,B Block,72,3,1,theory,True,72/70,831__s0,Robotics & Automation_S3_G2,2,Robotics & Automation,3,Tuesday-Saturday
tuesday,12:00 - 12:50,4,1059__s0,RO23311,Analog and Digital Electronics,Lecture,1,628,Ravindra Kumar B,104277,60,B222,B Block,72,3,1,theory,True,72/70,1060__s0,Robotics & Automation_S3_G3,3,Robotics & Automation,3,Tuesday-Saturday
tuesday,3:10 - 4:00,7,1059__s0,RO23311,Analog and Digital Electronics,Lecture,2,628,Ravindra Kumar B,104277,58,B220,B Block,72,3,1,theory,True,72/70,1060__s0,Robotics & Automation_S3_G3,3,Robotics & Automation,3,Tuesday-Saturday
wed,1:00 - 1:50,5,1059__s0,RO23311,Analog and Digital Electronics,Lecture,3,628,Ravindra Kumar B,104277,53,B211,B Block,72,3,1,theory,True,72/70,1060__s0,Robotics & Automation_S3_G3,3,Robotics & Automation,3,Tuesday-Saturday
wed,3:10 - 4:00,7,1059__s0,RO23311,Analog and Digital Electronics,Tutorial,4,628,Ravindra Kumar B,104277,58,B220,B Block,72,3,1,theory,True,72/70,1060__s0,Robotics & Automation_S3_G3,3,Robotics & Automation,3,Tuesday-Saturday
thur,12:00 - 12:50,4,1059__s0,RO23311,Analog and Digital Electronics,Lecture,5,628,Ravindra Kumar B,104277,58,B220,B Block,72,3,1,theory,True,72/70,1060__s0,Robotics & Automation_S3_G3,3,Robotics & Automation,3,Tuesday-Saturday
thur,1:00 - 1:50,5,1059__s0,RO23311,Analog and Digital Electronics,Lecture,6,628,Ravindra Kumar B,104277,54,B212,B Block,72,3,1,theory,True,72/70,1060__s0,Robotics & Automation_S3_G3,3,Robotics & Automation,3,Tuesday-Saturday
saturday,9:00 - 9:50,1,1059__s0,RO23311,Analog and Digital Electronics,Lecture,7,628,Ravindra Kumar B,104277,58,B220,B Block,72,3,1,theory,True,72/70,1060__s0,Robotics & Automation_S3_G3,3,Robotics & Automation,3,Tuesday-Saturday
saturday,2:00 - 2:50,6,1059__s0,RO23311,Analog and Digital Electronics,Tutorial,8,628,Ravindra Kumar B,104277,56,B218,B Block,72,3,1,theory,True,72/70,1060__s0,Robotics & Automation_S3_G3,3,Robotics & Automation,3,Tuesday-Saturday
tuesday,12:00 - 12:50,4,1060__s0,RO23312,Theory of Mechanisms and Machines-I,Lecture,1,626,R Saravanan,104246,60,B222,B Block,72,3,1,theory,True,72/70,1059__s0,Robotics & Automation_S3_G4,4,Robotics & Automation,3,Tuesday-Saturday
tuesday,3:10 - 4:00,7,1060__s0,RO23312,Theory of Mechanisms and Machines-I,Lecture,2,626,R Saravanan,104246,58,B220,B Block,72,3,1,theory,True,72/70,1059__s0,Robotics & Automation_S3_G4,4,Robotics & Automation,3,Tuesday-Saturday
wed,1:00 - 1:50,5,1060__s0,RO23312,Theory of Mechanisms and Machines-I,Lecture,3,626,R Saravanan,104246,53,B211,B Block,72,3,1,theory,True,72/70,1059__s0,Robotics & Automation_S3_G4,4,Robotics & Automation,3,Tuesday-Saturday
wed,3:10 - 4:00,7,1060__s0,RO23312,Theory of Mechanisms and Machines-I,Tutorial,4,626,R Saravanan,104246,58,B220,B Block,72,3,1,theory,True,72/70,1059__s0,Robotics & Automation_S3_G4,4,Robotics & Automation,3,Tuesday-Saturday
thur,12:00 - 12:50,4,1060__s0,RO23312,Theory of Mechanisms and Machines-I,Lecture,5,626,R Saravanan,104246,58,B220,B Block,72,3,1,theory,True,72/70,1059__s0,Robotics & Automation_S3_G4,4,Robotics & Automation,3,Tuesday-Saturday
thur,1:00 - 1:50,5,1060__s0,RO23312,Theory of Mechanisms and Machines-I,Lecture,6,626,R Saravanan,104246,54,B212,B Block,72,3,1,theory,True,72/70,1059__s0,Robotics & Automation_S3_G4,4,Robotics & Automation,3,Tuesday-Saturday
saturday,9:00 - 9:50,1,1060__s0,RO23312,Theory of Mechanisms and Machines-I,Lecture,7,626,R Saravanan,104246,58,B220,B Block,72,3,1,theory,True,72/70,1059__s0,Robotics & Automation_S3_G4,4,Robotics & Automation,3,Tuesday-Saturday
saturday,2:00 - 2:50,6,1060__s0,RO23312,Theory of Mechanisms and Machines-I,Tutorial,8,626,R Saravanan,104246,56,B218,B Block,72,3,1,theory,True,72/70,1059__s0,Robotics & Automation_S3_G4,4,Robotics & Automation,3,Tuesday-Saturday
tuesday,8:00 - 8:50,0,831__s0,RO23313,Sensors in Automation,Lecture,1,1040,New Staff 1,500097,54,B212,B Block,72,3,0,theory,True,72/70,132__s0,Robotics & Automation_S3_G5,5,Robotics & Automation,3,Tuesday-Saturday
wed,2:00 - 2:50,6,831__s0,RO23313,Sensors in Automation,Lecture,2,1040,New Staff 1,500097,56,B218,B Block,72,3,0,theory,True,72/70,132__s0,Robotics & Automation_S3_G5,5,Robotics & Automation,3,Tuesday-Saturday
wed,4:10 - 5:00,8,831__s0,RO23313,Sensors in Automation,Lecture,3,1040,New Staff 1,500097,59,B221,B Block,72,3,0,theory,True,72/70,132__s0,Robotics & Automation_S3_G5,5,Robotics & Automation,3,Tuesday-Saturday
thur,3:10 - 4:00,7,831__s0,RO23313,Sensors in Automation,Lecture,4,1040,New Staff 1,500097,58,B220,B Block,72,3,0,theory,True,72/70,132__s0,Robotics & Automation_S3_G5,5,Robotics & Automation,3,Tuesday-Saturday
fri,1:00 - 1:50,5,831__s0,RO23313,Sensors in Automation,Lecture,5,1040,New Staff 1,500097,61,B302,B Block,72,3,0,theory,True,72/70,132__s0,Robotics & Automation_S3_G5,5,Robotics & Automation,3,Tuesday-Saturday
saturday,8:00 - 8:50,0,831__s0,RO23313,Sensors in Automation,Lecture,6,1040,New Staff 1,500097,67,B320,B Block,72,3,0,theory,True,72/70,132__s0,Robotics & Automation_S3_G5,5,Robotics & Automation,3,Tuesday-Saturday
tuesday,4:10 - 5:00,8,1061__s0,RO23331,Elements of Manufacturing Processes,Lecture,1,630,Eswaran A,104185,92,B425,B Block,70,3,0,theory,False,70/70,,Robotics & Automation_S3_G6,6,Robotics & Automation,3,Tuesday-Saturday
wed,9:00 - 9:50,1,1061__s0,RO23331,Elements of Manufacturing Processes,Lecture,2,630,Eswaran A,104185,93,B426,B Block,70,3,0,theory,False,70/70,,Robotics & Automation_S3_G6,6,Robotics & Automation,3,Tuesday-Saturday
wed,11:00 - 11:50,3,1061__s0,RO23331,Elements of Manufacturing Processes,Lecture,3,630,Eswaran A,104185,93,B426,B Block,70,3,0,theory,False,70/70,,Robotics & Automation_S3_G6,6,Robotics & Automation,3,Tuesday-Saturday
tuesday,9:00 - 9:50,1,1062__s0,RO23332,Mechanics of Materials,Lecture,1,1232,S Senthilrajan,104249,91,B424,B Block,70,3,1,theory,False,70/70,,Robotics & Automation_S3_G7,7,Robotics & Automation,3,Tuesday-Saturday
wed,12:00 - 12:50,4,1062__s0,RO23332,Mechanics of Materials,Lecture,2,1232,S Senthilrajan,104249,93,B426,B Block,70,3,1,theory,False,70/70,,Robotics & Automation_S3_G7,7,Robotics & Automation,3,Tuesday-Saturday
thur,2:00 - 2:50,6,1062__s0,RO23332,Mechanics of Materials,Lecture,3,1232,S Senthilrajan,104249,104,C201,C Block,70,3,1,theory,False,70/70,,Robotics & Automation_S3_G7,7,Robotics & Automation,3,Tuesday-Saturday
fri,12:00 - 12:50,4,1062__s0,RO23332,Mechanics of Materials,Tutorial,4,1232,S Senthilrajan,104249,92,B425,B Block,70,3,1,theory,False,70/70,,Robotics & Automation_S3_G7,7,Robotics & Automation,3,Tuesday-Saturday
tuesday,3:10 - 4:00,7,569__s0,AE23331,Solid Mechanics,Lecture,1,8,Harikrishnan Ravichandran,114083,70,B325,B Block,66,2,1,theory,True,66/70,596__s0,Aeronautical Engineering_S3_G2,2,Aeronautical Engineering,3,Tuesday-Saturday
wed,2:00 - 2:50,6,569__s0,AE23331,Solid Mechanics,Lecture,2,8,Harikrishnan Ravichandran,114083,82,B411,B Block,66,2,1,theory,True,66/70,596__s0,Aeronautical Engineering_S3_G2,2,Aeronautical Engineering,3,Tuesday-Saturday
fri,10:00 - 10:50,2,569__s0,AE23331,Solid Mechanics,Tutorial,3,8,Harikrishnan Ravichandran,114083,82,B411,B Block,66,2,1,theory,True,66/70,596__s0,Aeronautical Engineering_S3_G2,2,Aeronautical Engineering,3,Tuesday-Saturday
fri,3:10 - 4:00,7,569__s0,AE23331,Solid Mechanics,Lecture,4,8,Harikrishnan Ravichandran,114083,53,B211,B Block,66,2,1,theory,True,66/70,596__s0,Aeronautical Engineering_S3_G2,2,Aeronautical Engineering,3,Tuesday-Saturday
saturday,3:10 - 4:00,7,569__s0,AE23331,Solid Mechanics,Lecture,5,8,Harikrishnan Ravichandran,114083,86,B417,B Block,66,2,1,theory,True,66/70,596__s0,Aeronautical Engineering_S3_G2,2,Aeronautical Engineering,3,Tuesday-Saturday
saturday,4:10 - 5:00,8,569__s0,AE23331,Solid Mechanics,Tutorial,6,8,Harikrishnan Ravichandran,114083,86,B417,B Block,66,2,1,theory,True,66/70,596__s0,Aeronautical Engineering_S3_G2,2,Aeronautical Engineering,3,Tuesday-Saturday
tuesday,3:10 - 4:00,7,596__s0,AE23332,Fluid Mechanics and Fluid Machinery,Lecture,1,11,Vasthadu Vasu Kannah D L,114072,70,B325,B Block,66,2,1,theory,True,66/70,569__s0,Aeronautical Engineering_S3_G3,3,Aeronautical Engineering,3,Tuesday-Saturday
wed,2:00 - 2:50,6,596__s0,AE23332,Fluid Mechanics and Fluid Machinery,Lecture,2,11,Vasthadu Vasu Kannah D L,114072,82,B411,B Block,66,2,1,theory,True,66/70,569__s0,Aeronautical Engineering_S3_G3,3,Aeronautical Engineering,3,Tuesday-Saturday
fri,10:00 - 10:50,2,596__s0,AE23332,Fluid Mechanics and Fluid Machinery,Tutorial,3,11,Vasthadu Vasu Kannah D L,114072,82,B411,B Block,66,2,1,theory,True,66/70,569__s0,Aeronautical Engineering_S3_G3,3,Aeronautical Engineering,3,Tuesday-Saturday
fri,3:10 - 4:00,7,596__s0,AE23332,Fluid Mechanics and Fluid Machinery,Lecture,4,11,Vasthadu Vasu Kannah D L,114072,53,B211,B Block,66,2,1,theory,True,66/70,569__s0,Aeronautical Engineering_S3_G3,3,Aeronautical Engineering,3,Tuesday-Saturday
saturday,3:10 - 4:00,7,596__s0,AE23332,Fluid Mechanics and Fluid Machinery,Lecture,5,11,Vasthadu Vasu Kannah D L,114072,86,B417,B Block,66,2,1,theory,True,66/70,569__s0,Aeronautical Engineering_S3_G3,3,Aeronautical Engineering,3,Tuesday-Saturday
saturday,4:10 - 5:00,8,596__s0,AE23332,Fluid Mechanics and Fluid Machinery,Tutorial,6,11,Vasthadu Vasu Kannah D L,114072,86,B417,B Block,66,2,1,theory,True,66/70,569__s0,Aeronautical Engineering_S3_G3,3,Aeronautical Engineering,3,Tuesday-Saturday
tuesday,1:00 - 1:50,5,814__s0,AE23333,Aero Engineering Thermodynamics,Lecture,1,16,Kathiravan B,114077,79,B408,B Block,66,2,1,theory,True,66/70,1146__s0,Aeronautical Engineering_S3_G4,4,Aeronautical Engineering,3,Tuesday-Saturday
tuesday,2:00 - 2:50,6,814__s0,AE23333,Aero Engineering Thermodynamics,Lecture,2,16,Kathiravan B,114077,82,B411,B Block,66,2,1,theory,True,66/70,1146__s0,Aeronautical Engineering_S3_G4,4,Aeronautical Engineering,3,Tuesday-Saturday
wed,12:00 - 12:50,4,814__s0,AE23333,Aero Engineering Thermodynamics,Tutorial,3,16,Kathiravan B,114077,81,B410,B Block,66,2,1,theory,True,66/70,1146__s0,Aeronautical Engineering_S3_G4,4,Aeronautical Engineering,3,Tuesday-Saturday
fri,11:00 - 11:50,3,814__s0,AE23333,Aero Engineering Thermodynamics,Lecture,4,16,Kathiravan B,114077,76,B403,B Block,66,2,1,theory,True,66/70,1146__s0,Aeronautical Engineering_S3_G4,4,Aeronautical Engineering,3,Tuesday-Saturday
saturday,10:00 - 10:50,2,814__s0,AE23333,Aero Engineering Thermodynamics,Lecture,5,16,Kathiravan B,114077,69,B322,B Block,66,2,1,theory,True,66/70,1146__s0,Aeronautical Engineering_S3_G4,4,Aeronautical Engineering,3,Tuesday-Saturday
saturday,12:00 - 12:50,4,814__s0,AE23333,Aero Engineering Thermodynamics,Tutorial,6,16,Kathiravan B,114077,84,B415,B Block,66,2,1,theory,True,66/70,1146__s0,Aeronautical Engineering_S3_G4,4,Aeronautical Engineering,3,Tuesday-Saturday
tuesday,1:00 - 1:50,5,1146__s0,MA23311,Transforms and Applied Partial Differential Equations,Lecture,1,1180,Racshitha N,176168,79,B408,B Block,66,3,1,theory,True,66/70,814__s0,Aeronautical Engineering_S3_G6,6,Aeronautical Engineering,3,Tuesday-Saturday
tuesday,2:00 - 2:50,6,1146__s0,MA23311,Transforms and Applied Partial Differential Equations,Lecture,2,1180,Racshitha N,176168,82,B411,B Block,66,3,1,theory,True,66/70,814__s0,Aeronautical Engineering_S3_G6,6,Aeronautical Engineering,3,Tuesday-Saturday
wed,12:00 - 12:50,4,1146__s0,MA23311,Transforms and Applied Partial Differential Equations,Lecture,3,1180,Racshitha N,176168,81,B410,B Block,66,3,1,theory,True,66/70,814__s0,Aeronautical Engineering_S3_G6,6,Aeronautical Engineering,3,Tuesday-Saturday
fri,11:00 - 11:50,3,1146__s0,MA23311,Transforms and Applied Partial Differential Equations,Tutorial,4,1180,Racshitha N,176168,76,B403,B Block,66,3,1,theory,True,66/70,814__s0,Aeronautical Engineering_S3_G6,6,Aeronautical Engineering,3,Tuesday-Saturday
fri,4:10 - 5:00,8,1146__s0,MA23311,Transforms and Applied Partial Differential Equations,Lecture,5,1180,Racshitha N,176168,53,B211,B Block,66,3,1,theory,False,66/70,,Aeronautical Engineering_S3_G6,6,Aeronautical Engineering,3,Tuesday-Saturday
saturday,10:00 - 10:50,2,1146__s0,MA23311,Transforms and Applied Partial Differential Equations,Lecture,6,1180,Racshitha N,176168,69,B322,B Block,66,3,1,theory,True,66/70,814__s0,Aeronautical Engineering_S3_G6,6,Aeronautical Engineering,3,Tuesday-Saturday
saturday,12:00 - 12:50,4,1146__s0,MA23311,Transforms and Applied Partial Differential Equations,Lecture,7,1180,Racshitha N,176168,84,B415,B Block,66,3,1,theory,True,66/70,814__s0,Aeronautical Engineering_S3_G6,6,Aeronautical Engineering,3,Tuesday-Saturday
tuesday,9:00 - 9:50,1,27__s0,BM23311,Human Anatomy and Physiology,Lecture,1,97,Subathra Y,121070.0,74,B401,B Block,58,3,0,theory,True,58/70,348__s0,Biomedical Engineering_S3_G1,1,Biomedical Engineering,3,Tuesday-Saturday
tuesday,2:00 - 2:50,6,27__s0,BM23311,Human Anatomy and Physiology,Lecture,2,97,Subathra Y,121070.0,83,B412,B Block,58,3,0,theory,True,58/70,348__s0,Biomedical Engineering_S3_G1,1,Biomedical Engineering,3,Tuesday-Saturday
wed,1:00 - 1:50,5,27__s0,BM23311,Human Anatomy and Physiology,Lecture,3,97,Subathra Y,121070.0,52,B210,B Block,58,3,0,theory,True,58/70,348__s0,Biomedical Engineering_S3_G1,1,Biomedical Engineering,3,Tuesday-Saturday
thur,10:00 - 10:50,2,27__s0,BM23311,Human Anatomy and Physiology,Lecture,4,97,Subathra Y,121070.0,86,B417,B Block,58,3,0,theory,True,58/70,348__s0,Biomedical Engineering_S3_G1,1,Biomedical Engineering,3,Tuesday-Saturday
thur,12:00 - 12:50,4,27__s0,BM23311,Human Anatomy and Physiology,Lecture,5,97,Subathra Y,121070.0,79,B408,B Block,58,3,0,theory,True,58/70,348__s0,Biomedical Engineering_S3_G1,1,Biomedical Engineering,3,Tuesday-Saturday
fri,12:00 - 12:50,4,27__s0,BM23311,Human Anatomy and Physiology,Lecture,6,97,Subathra Y,121070.0,85,B416,B Block,58,3,0,theory,True,58/70,348__s0,Biomedical Engineering_S3_G1,1,Biomedical Engineering,3,Tuesday-Saturday
tuesday,1:00 - 1:50,5,29__s0,BM23312,Biomedical Instrumentation,Lecture,1,97,Subathra Y,121070.0,69,B322,B Block,58,3,0,theory,True,58/70,44__s0,Biomedical Engineering_S3_G2,2,Biomedical Engineering,3,Tuesday-Saturday
thur,3:10 - 4:00,7,29__s0,BM23312,Biomedical Instrumentation,Lecture,2,97,Subathra Y,121070.0,84,B415,B Block,58,3,0,theory,True,58/70,44__s0,Biomedical Engineering_S3_G2,2,Biomedical Engineering,3,Tuesday-Saturday
thur,4:10 - 5:00,8,29__s0,BM23312,Biomedical Instrumentation,Lecture,3,97,Subathra Y,121070.0,69,B322,B Block,58,3,0,theory,False,58/70,,Biomedical Engineering_S3_G2,2,Biomedical Engineering,3,Tuesday-Saturday
fri,4:10 - 5:00,8,29__s0,BM23312,Biomedical Instrumentation,Lecture,4,97,Subathra Y,121070.0,86,B417,B Block,58,3,0,theory,True,58/70,44__s0,Biomedical Engineering_S3_G2,2,Biomedical Engineering,3,Tuesday-Saturday
saturday,1:00 - 1:50,5,29__s0,BM23312,Biomedical Instrumentation,Lecture,5,97,Subathra Y,121070.0,82,B411,B Block,58,3,0,theory,True,58/70,44__s0,Biomedical Engineering_S3_G2,2,Biomedical Engineering,3,Tuesday-Saturday
tuesday,8:00 - 8:50,0,41__s0,BM23313,Biochemical Science,Lecture,1,99,Sudha S,121022.0,81,B410,B Block,58,3,0,theory,True,58/70,49__s0,Biomedical Engineering_S3_G3,3,Biomedical Engineering,3,Tuesday-Saturday
tuesday,12:00 - 12:50,4,41__s0,BM23313,Biochemical Science,Lecture,2,99,Sudha S,121022.0,79,B408,B Block,58,3,0,theory,True,58/70,49__s0,Biomedical Engineering_S3_G3,3,Biomedical Engineering,3,Tuesday-Saturday
wed,12:00 - 12:50,4,41__s0,BM23313,Biochemical Science,Lecture,3,99,Sudha S,121022.0,86,B417,B Block,58,3,0,theory,True,58/70,49__s0,Biomedical Engineering_S3_G3,3,Biomedical Engineering,3,Tuesday-Saturday
thur,11:00 - 11:50,3,41__s0,BM23313,Biochemical Science,Lecture,4,99,Sudha S,121022.0,80,B409,B Block,58,3,0,theory,True,58/70,49__s0,Biomedical Engineering_S3_G3,3,Biomedical Engineering,3,Tuesday-Saturday
saturday,12:00 - 12:50,4,41__s0,BM23313,Biochemical Science,Lecture,5,99,Sudha S,121022.0,69,B322,B Block,58,3,0,theory,True,58/70,49__s0,Biomedical Engineering_S3_G3,3,Biomedical Engineering,3,Tuesday-Saturday
saturday,2:00 - 2:50,6,41__s0,BM23313,Biochemical Science,Lecture,6,99,Sudha S,121022.0,68,B321,B Block,58,3,0,theory,True,58/70,49__s0,Biomedical Engineering_S3_G3,3,Biomedical Engineering,3,Tuesday-Saturday
tuesday,8:00 - 8:50,0,49__s0,BM23331,Electronic Devices & Circuits,Lecture,1,1046,Anjana Gayathri Arunachalam,500040.0,81,B410,B Block,58,3,0,theory,True,58/70,41__s0,Biomedical Engineering_S3_G6,6,Biomedical Engineering,3,Tuesday-Saturday
tuesday,12:00 - 12:50,4,49__s0,BM23331,Electronic Devices & Circuits,Lecture,2,1046,Anjana Gayathri Arunachalam,500040.0,79,B408,B Block,58,3,0,theory,True,58/70,41__s0,Biomedical Engineering_S3_G6,6,Biomedical Engineering,3,Tuesday-Saturday
wed,12:00 - 12:50,4,49__s0,BM23331,Electronic Devices & Circuits,Lecture,3,1046,Anjana Gayathri Arunachalam,500040.0,86,B417,B Block,58,3,0,theory,True,58/70,41__s0,Biomedical Engineering_S3_G6,6,Biomedical Engineering,3,Tuesday-Saturday
thur,11:00 - 11:50,3,49__s0,BM23331,Electronic Devices & Circuits,Lecture,4,1046,Anjana Gayathri Arunachalam,500040.0,80,B409,B Block,58,3,0,theory,True,58/70,41__s0,Biomedical Engineering_S3_G6,6,Biomedical Engineering,3,Tuesday-Saturday
saturday,12:00 - 12:50,4,49__s0,BM23331,Electronic Devices & Circuits,Lecture,5,1046,Anjana Gayathri Arunachalam,500040.0,69,B322,B Block,58,3,0,theory,True,58/70,41__s0,Biomedical Engineering_S3_G6,6,Biomedical Engineering,3,Tuesday-Saturday
saturday,2:00 - 2:50,6,49__s0,BM23331,Electronic Devices & Circuits,Lecture,6,1046,Anjana Gayathri Arunachalam,500040.0,68,B321,B Block,58,3,0,theory,True,58/70,41__s0,Biomedical Engineering_S3_G6,6,Biomedical Engineering,3,Tuesday-Saturday
tuesday,1:00 - 1:50,5,44__s0,BM23332,Sensors and Measurements,Lecture,1,1046,Anjana Gayathri Arunachalam,500040.0,69,B322,B Block,58,2,0,theory,True,58/70,29__s0,Biomedical Engineering_S3_G7,7,Biomedical Engineering,3,Tuesday-Saturday
thur,3:10 - 4:00,7,44__s0,BM23332,Sensors and Measurements,Lecture,2,1046,Anjana Gayathri Arunachalam,500040.0,84,B415,B Block,58,2,0,theory,True,58/70,29__s0,Biomedical Engineering_S3_G7,7,Biomedical Engineering,3,Tuesday-Saturday
fri,4:10 - 5:00,8,44__s0,BM23332,Sensors and Measurements,Lecture,3,1046,Anjana Gayathri Arunachalam,500040.0,86,B417,B Block,58,2,0,theory,True,58/70,29__s0,Biomedical Engineering_S3_G7,7,Biomedical Engineering,3,Tuesday-Saturday
saturday,1:00 - 1:50,5,44__s0,BM23332,Sensors and Measurements,Lecture,4,1046,Anjana Gayathri Arunachalam,500040.0,82,B411,B Block,58,2,0,theory,True,58/70,29__s0,Biomedical Engineering_S3_G7,7,Biomedical Engineering,3,Tuesday-Saturday
tuesday,9:00 - 9:50,1,348__s0,MA23312,Fourier series and Number theory,Lecture,1,535,Lakshmi V,176008.0,74,B401,B Block,58,3,1,theory,True,58/70,27__s0,Biomedical Engineering_S3_G8,8,Biomedical Engineering,3,Tuesday-Saturday
tuesday,2:00 - 2:50,6,348__s0,MA23312,Fourier series and Number theory,Lecture,2,535,Lakshmi V,176008.0,83,B412,B Block,58,3,1,theory,True,58/70,27__s0,Biomedical Engineering_S3_G8,8,Biomedical Engineering,3,Tuesday-Saturday
wed,1:00 - 1:50,5,348__s0,MA23312,Fourier series and Number theory,Lecture,3,535,Lakshmi V,176008.0,52,B210,B Block,58,3,1,theory,True,58/70,27__s0,Biomedical Engineering_S3_G8,8,Biomedical Engineering,3,Tuesday-Saturday
thur,10:00 - 10:50,2,348__s0,MA23312,Fourier series and Number theory,Tutorial,4,535,Lakshmi V,176008.0,86,B417,B Block,58,3,1,theory,True,58/70,27__s0,Biomedical Engineering_S3_G8,8,Biomedical Engineering,3,Tuesday-Saturday
thur,12:00 - 12:50,4,348__s0,MA23312,Fourier series and Number theory,Lecture,5,535,Lakshmi V,176008.0,79,B408,B Block,58,3,1,theory,True,58/70,27__s0,Biomedical Engineering_S3_G8,8,Biomedical Engineering,3,Tuesday-Saturday
fri,12:00 - 12:50,4,348__s0,MA23312,Fourier series and Number theory,Lecture,6,535,Lakshmi V,176008.0,85,B416,B Block,58,3,1,theory,True,58/70,27__s0,Biomedical Engineering_S3_G8,8,Biomedical Engineering,3,Tuesday-Saturday
fri,3:10 - 4:00,7,348__s0,MA23312,Fourier series and Number theory,Lecture,7,535,Lakshmi V,176008.0,70,B325,B Block,58,3,1,theory,False,58/70,,Biomedical Engineering_S3_G8,8,Biomedical Engineering,3,Tuesday-Saturday
tuesday,12:00 - 12:50,4,28__s1,BM23311,Human Anatomy and Physiology,Lecture,1,1041,Dr.ak Jayanthi,nan,76,B403,B Block,58,3,0,theory,True,58/70,349__s1,Biomedical Engineering_S3_G9,9,Biomedical Engineering,3,Tuesday-Saturday
tuesday,3:10 - 4:00,7,28__s1,BM23311,Human Anatomy and Physiology,Lecture,2,1041,Dr.ak Jayanthi,nan,56,B218,B Block,58,3,0,theory,True,58/70,349__s1,Biomedical Engineering_S3_G9,9,Biomedical Engineering,3,Tuesday-Saturday
wed,12:00 - 12:50,4,28__s1,BM23311,Human Anatomy and Physiology,Lecture,3,1041,Dr.ak Jayanthi,nan,75,B402,B Block,58,3,0,theory,True,58/70,349__s1,Biomedical Engineering_S3_G9,9,Biomedical Engineering,3,Tuesday-Saturday
thur,1:00 - 1:50,5,28__s1,BM23311,Human Anatomy and Physiology,Lecture,4,1041,Dr.ak Jayanthi,nan,74,B401,B Block,58,3,0,theory,True,58/70,349__s1,Biomedical Engineering_S3_G9,9,Biomedical Engineering,3,Tuesday-Saturday
thur,4:10 - 5:00,8,28__s1,BM23311,Human Anatomy and Physiology,Lecture,5,1041,Dr.ak Jayanthi,nan,54,B212,B Block,58,3,0,theory,True,58/70,349__s1,Biomedical Engineering_S3_G9,9,Biomedical Engineering,3,Tuesday-Saturday
fri,9:00 - 9:50,1,28__s1,BM23311,Human Anatomy and Physiology,Lecture,6,1041,Dr.ak Jayanthi,nan,75,B402,B Block,58,3,0,theory,True,58/70,349__s1,Biomedical Engineering_S3_G9,9,Biomedical Engineering,3,Tuesday-Saturday
wed,2:00 - 2:50,6,30__s1,BM23312,Biomedical Instrumentation,Lecture,1,93,Revathy P,121084.0,74,B401,B Block,58,3,0,theory,True,58/70,45__s1,Biomedical Engineering_S3_G10,10,Biomedical Engineering,3,Tuesday-Saturday
thur,12:00 - 12:50,4,30__s1,BM23312,Biomedical Instrumentation,Lecture,2,93,Revathy P,121084.0,57,B219,B Block,58,3,0,theory,True,58/70,45__s1,Biomedical Engineering_S3_G10,10,Biomedical Engineering,3,Tuesday-Saturday
thur,3:10 - 4:00,7,30__s1,BM23312,Biomedical Instrumentation,Lecture,3,93,Revathy P,121084.0,54,B212,B Block,58,3,0,theory,False,58/70,,Biomedical Engineering_S3_G10,10,Biomedical Engineering,3,Tuesday-Saturday
saturday,8:00 - 8:50,0,30__s1,BM23312,Biomedical Instrumentation,Lecture,4,93,Revathy P,121084.0,69,B322,B Block,58,3,0,theory,True,58/70,45__s1,Biomedical Engineering_S3_G10,10,Biomedical Engineering,3,Tuesday-Saturday
saturday,2:00 - 2:50,6,30__s1,BM23312,Biomedical Instrumentation,Lecture,5,93,Revathy P,121084.0,60,B222,B Block,58,3,0,theory,True,58/70,45__s1,Biomedical Engineering_S3_G10,10,Biomedical Engineering,3,Tuesday-Saturday
tuesday,4:10 - 5:00,8,42__s1,BM23313,Biochemical Science,Lecture,1,93,Revathy P,121084.0,68,B321,B Block,58,3,0,theory,True,58/70,50__s1,Biomedical Engineering_S3_G11,11,Biomedical Engineering,3,Tuesday-Saturday
wed,1:00 - 1:50,5,42__s1,BM23313,Biochemical Science,Lecture,2,93,Revathy P,121084.0,54,B212,B Block,58,3,0,theory,True,58/70,50__s1,Biomedical Engineering_S3_G11,11,Biomedical Engineering,3,Tuesday-Saturday
fri,8:00 - 8:50,0,42__s1,BM23313,Biochemical Science,Lecture,3,93,Revathy P,121084.0,70,B325,B Block,58,3,0,theory,True,58/70,50__s1,Biomedical Engineering_S3_G11,11,Biomedical Engineering,3,Tuesday-Saturday
fri,12:00 - 12:50,4,42__s1,BM23313,Biochemical Science,Lecture,4,93,Revathy P,121084.0,67,B320,B Block,58,3,0,theory,True,58/70,50__s1,Biomedical Engineering_S3_G11,11,Biomedical Engineering,3,Tuesday-Saturday
saturday,9:00 - 9:50,1,42__s1,BM23313,Biochemical Science,Lecture,5,93,Revathy P,121084.0,52,B210,B Block,58,3,0,theory,True,58/70,50__s1,Biomedical Engineering_S3_G11,11,Biomedical Engineering,3,Tuesday-Saturday
saturday,1:00 - 1:50,5,42__s1,BM23313,Biochemical Science,Lecture,6,93,Revathy P,121084.0,58,B220,B Block,58,3,0,theory,True,58/70,50__s1,Biomedical Engineering_S3_G11,11,Biomedical Engineering,3,Tuesday-Saturday
tuesday,4:10 - 5:00,8,50__s1,BM23331,Electronic Devices & Circuits,Lecture,1,94,Muralidharan C,121026.0,68,B321,B Block,58,3,0,theory,True,58/70,42__s1,Biomedical Engineering_S3_G14,14,Biomedical Engineering,3,Tuesday-Saturday
wed,1:00 - 1:50,5,50__s1,BM23331,Electronic Devices & Circuits,Lecture,2,94,Muralidharan C,121026.0,54,B212,B Block,58,3,0,theory,True,58/70,42__s1,Biomedical Engineering_S3_G14,14,Biomedical Engineering,3,Tuesday-Saturday
fri,8:00 - 8:50,0,50__s1,BM23331,Electronic Devices & Circuits,Lecture,3,94,Muralidharan C,121026.0,70,B325,B Block,58,3,0,theory,True,58/70,42__s1,Biomedical Engineering_S3_G14,14,Biomedical Engineering,3,Tuesday-Saturday
fri,12:00 - 12:50,4,50__s1,BM23331,Electronic Devices & Circuits,Lecture,4,94,Muralidharan C,121026.0,67,B320,B Block,58,3,0,theory,True,58/70,42__s1,Biomedical Engineering_S3_G14,14,Biomedical Engineering,3,Tuesday-Saturday
saturday,9:00 - 9:50,1,50__s1,BM23331,Electronic Devices & Circuits,Lecture,5,94,Muralidharan C,121026.0,52,B210,B Block,58,3,0,theory,True,58/70,42__s1,Biomedical Engineering_S3_G14,14,Biomedical Engineering,3,Tuesday-Saturday
saturday,1:00 - 1:50,5,50__s1,BM23331,Electronic Devices & Circuits,Lecture,6,94,Muralidharan C,121026.0,58,B220,B Block,58,3,0,theory,True,58/70,42__s1,Biomedical Engineering_S3_G14,14,Biomedical Engineering,3,Tuesday-Saturday
wed,2:00 - 2:50,6,45__s1,BM23332,Sensors and Measurements,Lecture,1,87,Sankar K,121071.0,74,B401,B Block,58,2,0,theory,True,58/70,30__s1,Biomedical Engineering_S3_G15,15,Biomedical Engineering,3,Tuesday-Saturday
thur,12:00 - 12:50,4,45__s1,BM23332,Sensors and Measurements,Lecture,2,87,Sankar K,121071.0,57,B219,B Block,58,2,0,theory,True,58/70,30__s1,Biomedical Engineering_S3_G15,15,Biomedical Engineering,3,Tuesday-Saturday
saturday,8:00 - 8:50,0,45__s1,BM23332,Sensors and Measurements,Lecture,3,87,Sankar K,121071.0,69,B322,B Block,58,2,0,theory,True,58/70,30__s1,Biomedical Engineering_S3_G15,15,Biomedical Engineering,3,Tuesday-Saturday
saturday,2:00 - 2:50,6,45__s1,BM23332,Sensors and Measurements,Lecture,4,87,Sankar K,121071.0,60,B222,B Block,58,2,0,theory,True,58/70,30__s1,Biomedical Engineering_S3_G15,15,Biomedical Engineering,3,Tuesday-Saturday
tuesday,12:00 - 12:50,4,349__s1,MA23312,Fourier series and Number theory,Lecture,1,529,Rajalakshmy D,176072.0,76,B403,B Block,58,3,1,theory,True,58/70,28__s1,Biomedical Engineering_S3_G16,16,Biomedical Engineering,3,Tuesday-Saturday
tuesday,3:10 - 4:00,7,349__s1,MA23312,Fourier series and Number theory,Lecture,2,529,Rajalakshmy D,176072.0,56,B218,B Block,58,3,1,theory,True,58/70,28__s1,Biomedical Engineering_S3_G16,16,Biomedical Engineering,3,Tuesday-Saturday
wed,12:00 - 12:50,4,349__s1,MA23312,Fourier series and Number theory,Lecture,3,529,Rajalakshmy D,176072.0,75,B402,B Block,58,3,1,theory,True,58/70,28__s1,Biomedical Engineering_S3_G16,16,Biomedical Engineering,3,Tuesday-Saturday
thur,1:00 - 1:50,5,349__s1,MA23312,Fourier series and Number theory,Tutorial,4,529,Rajalakshmy D,176072.0,74,B401,B Block,58,3,1,theory,True,58/70,28__s1,Biomedical Engineering_S3_G16,16,Biomedical Engineering,3,Tuesday-Saturday
thur,4:10 - 5:00,8,349__s1,MA23312,Fourier series and Number theory,Lecture,5,529,Rajalakshmy D,176072.0,54,B212,B Block,58,3,1,theory,True,58/70,28__s1,Biomedical Engineering_S3_G16,16,Biomedical Engineering,3,Tuesday-Saturday
fri,9:00 - 9:50,1,349__s1,MA23312,Fourier series and Number theory,Lecture,6,529,Rajalakshmy D,176072.0,75,B402,B Block,58,3,1,theory,True,58/70,28__s1,Biomedical Engineering_S3_G16,16,Biomedical Engineering,3,Tuesday-Saturday
saturday,12:00 - 12:50,4,349__s1,MA23312,Fourier series and Number theory,Lecture,7,529,Rajalakshmy D,176072.0,76,B403,B Block,58,3,1,theory,False,58/70,,Biomedical Engineering_S3_G16,16,Biomedical Engineering,3,Tuesday-Saturday
wed,10:00 - 10:50,2,1217__s0,CE23311,Strength of Materials I,Lecture,1,187,M Umamaguesvari,128081,80,B409,B Block,64,3,0,theory,True,64/70,1215__s0,Civil Engineering_S3_G1,1,Civil Engineering,3,Tuesday-Saturday
wed,2:00 - 2:50,6,1217__s0,CE23311,Strength of Materials I,Lecture,2,187,M Umamaguesvari,128081,93,B426,B Block,64,3,0,theory,True,64/70,1215__s0,Civil Engineering_S3_G1,1,Civil Engineering,3,Tuesday-Saturday
fri,8:00 - 8:50,0,1217__s0,CE23311,Strength of Materials I,Lecture,3,187,M Umamaguesvari,128081,85,B416,B Block,64,3,0,theory,True,64/70,1215__s0,Civil Engineering_S3_G1,1,Civil Engineering,3,Tuesday-Saturday
fri,9:00 - 9:50,1,1217__s0,CE23311,Strength of Materials I,Lecture,4,187,M Umamaguesvari,128081,82,B411,B Block,64,3,0,theory,True,64/70,1215__s0,Civil Engineering_S3_G1,1,Civil Engineering,3,Tuesday-Saturday
saturday,1:00 - 1:50,5,1217__s0,CE23311,Strength of Materials I,Lecture,5,187,M Umamaguesvari,128081,52,B210,B Block,64,3,0,theory,True,64/70,1215__s0,Civil Engineering_S3_G1,1,Civil Engineering,3,Tuesday-Saturday
saturday,2:00 - 2:50,6,1217__s0,CE23311,Strength of Materials I,Lecture,6,187,M Umamaguesvari,128081,53,B211,B Block,64,3,0,theory,True,64/70,1215__s0,Civil Engineering_S3_G1,1,Civil Engineering,3,Tuesday-Saturday
wed,10:00 - 10:50,2,1215__s0,CE23312,Fluid Mechanics,Lecture,1,184,Ammaiapppan M,128067,80,B409,B Block,64,3,0,theory,True,64/70,1217__s0,Civil Engineering_S3_G2,2,Civil Engineering,3,Tuesday-Saturday
wed,2:00 - 2:50,6,1215__s0,CE23312,Fluid Mechanics,Lecture,2,184,Ammaiapppan M,128067,93,B426,B Block,64,3,0,theory,True,64/70,1217__s0,Civil Engineering_S3_G2,2,Civil Engineering,3,Tuesday-Saturday
fri,8:00 - 8:50,0,1215__s0,CE23312,Fluid Mechanics,Lecture,3,184,Ammaiapppan M,128067,85,B416,B Block,64,3,0,theory,True,64/70,1217__s0,Civil Engineering_S3_G2,2,Civil Engineering,3,Tuesday-Saturday
fri,9:00 - 9:50,1,1215__s0,CE23312,Fluid Mechanics,Lecture,4,184,Ammaiapppan M,128067,82,B411,B Block,64,3,0,theory,True,64/70,1217__s0,Civil Engineering_S3_G2,2,Civil Engineering,3,Tuesday-Saturday
saturday,1:00 - 1:50,5,1215__s0,CE23312,Fluid Mechanics,Lecture,5,184,Ammaiapppan M,128067,52,B210,B Block,64,3,0,theory,True,64/70,1217__s0,Civil Engineering_S3_G2,2,Civil Engineering,3,Tuesday-Saturday
saturday,2:00 - 2:50,6,1215__s0,CE23312,Fluid Mechanics,Lecture,6,184,Ammaiapppan M,128067,53,B211,B Block,64,3,0,theory,True,64/70,1217__s0,Civil Engineering_S3_G2,2,Civil Engineering,3,Tuesday-Saturday
tuesday,3:10 - 4:00,7,1216__s0,CE23313,"Construction Techniques, Equipment and Practice",Lecture,1,178,Muthu Lakshmi S,128029,93,B426,B Block,64,3,0,theory,True,64/70,1228__s0,Civil Engineering_S3_G3,3,Civil Engineering,3,Tuesday-Saturday
tuesday,4:10 - 5:00,8,1216__s0,CE23313,"Construction Techniques, Equipment and Practice",Lecture,2,178,Muthu Lakshmi S,128029,80,B409,B Block,64,3,0,theory,True,64/70,1228__s0,Civil Engineering_S3_G3,3,Civil Engineering,3,Tuesday-Saturday
wed,11:00 - 11:50,3,1216__s0,CE23313,"Construction Techniques, Equipment and Practice",Lecture,3,178,Muthu Lakshmi S,128029,80,B409,B Block,64,3,0,theory,True,64/70,1228__s0,Civil Engineering_S3_G3,3,Civil Engineering,3,Tuesday-Saturday
wed,1:00 - 1:50,5,1216__s0,CE23313,"Construction Techniques, Equipment and Practice",Lecture,4,178,Muthu Lakshmi S,128029,84,B415,B Block,64,3,0,theory,True,64/70,1228__s0,Civil Engineering_S3_G3,3,Civil Engineering,3,Tuesday-Saturday
saturday,10:00 - 10:50,2,1216__s0,CE23313,"Construction Techniques, Equipment and Practice",Lecture,5,178,Muthu Lakshmi S,128029,80,B409,B Block,64,3,0,theory,True,64/70,1228__s0,Civil Engineering_S3_G3,3,Civil Engineering,3,Tuesday-Saturday
saturday,11:00 - 11:50,3,1216__s0,CE23313,"Construction Techniques, Equipment and Practice",Lecture,6,178,Muthu Lakshmi S,128029,81,B410,B Block,64,3,0,theory,True,64/70,1228__s0,Civil Engineering_S3_G3,3,Civil Engineering,3,Tuesday-Saturday
wed,3:10 - 4:00,7,1230__s0,CE23331,Surveying,Lecture,1,179,Goutham Priya M,128035,87,B418,B Block,64,3,0,theory,False,64/70,,Civil Engineering_S3_G5,5,Civil Engineering,3,Tuesday-Saturday
wed,4:10 - 5:00,8,1230__s0,CE23331,Surveying,Lecture,2,179,Goutham Priya M,128035,83,B412,B Block,64,3,0,theory,False,64/70,,Civil Engineering_S3_G5,5,Civil Engineering,3,Tuesday-Saturday
saturday,3:10 - 4:00,7,1230__s0,CE23331,Surveying,Lecture,3,179,Goutham Priya M,128035,93,B426,B Block,64,3,0,theory,False,64/70,,Civil Engineering_S3_G5,5,Civil Engineering,3,Tuesday-Saturday
tuesday,3:10 - 4:00,7,1228__s0,MA23331,Transforms and Statistics,Lecture,1,531,J Julie Charles,176114,93,B426,B Block,64,3,0,theory,True,64/70,1216__s0,Civil Engineering_S3_G7,7,Civil Engineering,3,Tuesday-Saturday
tuesday,4:10 - 5:00,8,1228__s0,MA23331,Transforms and Statistics,Lecture,2,531,J Julie Charles,176114,80,B409,B Block,64,3,0,theory,True,64/70,1216__s0,Civil Engineering_S3_G7,7,Civil Engineering,3,Tuesday-Saturday
wed,11:00 - 11:50,3,1228__s0,MA23331,Transforms and Statistics,Lecture,3,531,J Julie Charles,176114,80,B409,B Block,64,3,0,theory,True,64/70,1216__s0,Civil Engineering_S3_G7,7,Civil Engineering,3,Tuesday-Saturday
wed,1:00 - 1:50,5,1228__s0,MA23331,Transforms and Statistics,Lecture,4,531,J Julie Charles,176114,84,B415,B Block,64,3,0,theory,True,64/70,1216__s0,Civil Engineering_S3_G7,7,Civil Engineering,3,Tuesday-Saturday
saturday,10:00 - 10:50,2,1228__s0,MA23331,Transforms and Statistics,Lecture,5,531,J Julie Charles,176114,80,B409,B Block,64,3,0,theory,True,64/70,1216__s0,Civil Engineering_S3_G7,7,Civil Engineering,3,Tuesday-Saturday
saturday,11:00 - 11:50,3,1228__s0,MA23331,Transforms and Statistics,Lecture,6,531,J Julie Charles,176114,81,B410,B Block,64,3,0,theory,True,64/70,1216__s0,Civil Engineering_S3_G7,7,Civil Engineering,3,Tuesday-Saturday
monday,2:00 - 2:50,6,51__s0,AT23331,Automotive Engines,Lecture,1,83,K Bhaskar,120037.0,86,B417,B Block,50,3,0,theory,True,50/70,39__s0,Automobile Engineering_S3_G2,2,Automobile Engineering,3,Monday-Fri
tuesday,11:00 - 11:50,3,51__s0,AT23331,Automotive Engines,Lecture,2,83,K Bhaskar,120037.0,86,B417,B Block,50,3,0,theory,True,50/70,39__s0,Automobile Engineering_S3_G2,2,Automobile Engineering,3,Monday-Fri
tuesday,12:00 - 12:50,4,51__s0,AT23331,Automotive Engines,Lecture,3,83,K Bhaskar,120037.0,89,B422,B Block,50,3,0,theory,True,50/70,39__s0,Automobile Engineering_S3_G2,2,Automobile Engineering,3,Monday-Fri
wed,1:00 - 1:50,5,51__s0,AT23331,Automotive Engines,Lecture,4,83,K Bhaskar,120037.0,93,B426,B Block,50,3,0,theory,True,50/70,39__s0,Automobile Engineering_S3_G2,2,Automobile Engineering,3,Monday-Fri
wed,2:00 - 2:50,6,51__s0,AT23331,Automotive Engines,Lecture,5,83,K Bhaskar,120037.0,88,B419,B Block,50,3,0,theory,True,50/70,39__s0,Automobile Engineering_S3_G2,2,Automobile Engineering,3,Monday-Fri
fri,12:00 - 12:50,4,51__s0,AT23331,Automotive Engines,Lecture,6,83,K Bhaskar,120037.0,87,B418,B Block,50,3,0,theory,True,50/70,39__s0,Automobile Engineering_S3_G2,2,Automobile Engineering,3,Monday-Fri
tuesday,3:10 - 4:00,7,38__s0,AT23332,Applied Thermodynamics,Lecture,1,80,Mullai Sudaroli B,104232.0,89,B422,B Block,50,2,1,theory,False,50/70,,Automobile Engineering_S3_G3,3,Automobile Engineering,3,Monday-Fri
tuesday,4:10 - 5:00,8,38__s0,AT23332,Applied Thermodynamics,Lecture,2,80,Mullai Sudaroli B,104232.0,52,B210,B Block,50,2,1,theory,False,50/70,,Automobile Engineering_S3_G3,3,Automobile Engineering,3,Monday-Fri
wed,12:00 - 12:50,4,38__s0,AT23332,Applied Thermodynamics,Tutorial,3,80,Mullai Sudaroli B,104232.0,87,B418,B Block,50,2,1,theory,False,50/70,,Automobile Engineering_S3_G3,3,Automobile Engineering,3,Monday-Fri
monday,2:00 - 2:50,6,39__s0,AT23333,Strength of Materials for Automobile Engineers,Lecture,1,81,Selvaraju P N,120014.0,86,B417,B Block,50,2,1,theory,True,50/70,51__s0,Automobile Engineering_S3_G4,4,Automobile Engineering,3,Monday-Fri
tuesday,11:00 - 11:50,3,39__s0,AT23333,Strength of Materials for Automobile Engineers,Lecture,2,81,Selvaraju P N,120014.0,86,B417,B Block,50,2,1,theory,True,50/70,51__s0,Automobile Engineering_S3_G4,4,Automobile Engineering,3,Monday-Fri
tuesday,12:00 - 12:50,4,39__s0,AT23333,Strength of Materials for Automobile Engineers,Tutorial,3,81,Selvaraju P N,120014.0,89,B422,B Block,50,2,1,theory,True,50/70,51__s0,Automobile Engineering_S3_G4,4,Automobile Engineering,3,Monday-Fri
wed,1:00 - 1:50,5,39__s0,AT23333,Strength of Materials for Automobile Engineers,Lecture,4,81,Selvaraju P N,120014.0,93,B426,B Block,50,2,1,theory,True,50/70,51__s0,Automobile Engineering_S3_G4,4,Automobile Engineering,3,Monday-Fri
wed,2:00 - 2:50,6,39__s0,AT23333,Strength of Materials for Automobile Engineers,Lecture,5,81,Selvaraju P N,120014.0,88,B419,B Block,50,2,1,theory,True,50/70,51__s0,Automobile Engineering_S3_G4,4,Automobile Engineering,3,Monday-Fri
fri,12:00 - 12:50,4,39__s0,AT23333,Strength of Materials for Automobile Engineers,Tutorial,6,81,Selvaraju P N,120014.0,87,B418,B Block,50,2,1,theory,True,50/70,51__s0,Automobile Engineering_S3_G4,4,Automobile Engineering,3,Monday-Fri
tuesday,10:00 - 10:50,2,48__s0,AT23334,Production Technology - II,Lecture,1,76,Karthikeyan R,120051.0,92,B425,B Block,50,3,0,theory,True,50/70,456__s0,Automobile Engineering_S3_G5,5,Automobile Engineering,3,Monday-Fri
wed,10:00 - 10:50,2,48__s0,AT23334,Production Technology - II,Lecture,2,76,Karthikeyan R,120051.0,90,B423,B Block,50,3,0,theory,True,50/70,456__s0,Automobile Engineering_S3_G5,5,Automobile Engineering,3,Monday-Fri
wed,11:00 - 11:50,3,48__s0,AT23334,Production Technology - II,Lecture,3,76,Karthikeyan R,120051.0,87,B418,B Block,50,3,0,theory,True,50/70,456__s0,Automobile Engineering_S3_G5,5,Automobile Engineering,3,Monday-Fri
thur,12:00 - 12:50,4,48__s0,AT23334,Production Technology - II,Lecture,4,76,Karthikeyan R,120051.0,88,B419,B Block,50,3,0,theory,True,50/70,456__s0,Automobile Engineering_S3_G5,5,Automobile Engineering,3,Monday-Fri
fri,1:00 - 1:50,5,48__s0,AT23334,Production Technology - II,Lecture,5,76,Karthikeyan R,120051.0,87,B418,B Block,50,3,0,theory,True,50/70,456__s0,Automobile Engineering_S3_G5,5,Automobile Engineering,3,Monday-Fri
fri,2:00 - 2:50,6,48__s0,AT23334,Production Technology - II,Lecture,6,76,Karthikeyan R,120051.0,86,B417,B Block,50,3,0,theory,True,50/70,456__s0,Automobile Engineering_S3_G5,5,Automobile Engineering,3,Monday-Fri
tuesday,10:00 - 10:50,2,456__s0,MA23331,Transforms and Statistics,Lecture,1,1026,Vijaya Nan,nan,92,B425,B Block,50,3,0,theory,True,50/70,48__s0,Automobile Engineering_S3_G6,6,Automobile Engineering,3,Monday-Fri
wed,10:00 - 10:50,2,456__s0,MA23331,Transforms and Statistics,Lecture,2,1026,Vijaya Nan,nan,90,B423,B Block,50,3,0,theory,True,50/70,48__s0,Automobile Engineering_S3_G6,6,Automobile Engineering,3,Monday-Fri
wed,11:00 - 11:50,3,456__s0,MA23331,Transforms and Statistics,Lecture,3,1026,Vijaya Nan,nan,87,B418,B Block,50,3,0,theory,True,50/70,48__s0,Automobile Engineering_S3_G6,6,Automobile Engineering,3,Monday-Fri
thur,12:00 - 12:50,4,456__s0,MA23331,Transforms and Statistics,Lecture,4,1026,Vijaya Nan,nan,88,B419,B Block,50,3,0,theory,True,50/70,48__s0,Automobile Engineering_S3_G6,6,Automobile Engineering,3,Monday-Fri
fri,1:00 - 1:50,5,456__s0,MA23331,Transforms and Statistics,Lecture,5,1026,Vijaya Nan,nan,87,B418,B Block,50,3,0,theory,True,50/70,48__s0,Automobile Engineering_S3_G6,6,Automobile Engineering,3,Monday-Fri
fri,2:00 - 2:50,6,456__s0,MA23331,Transforms and Statistics,Lecture,6,1026,Vijaya Nan,nan,86,B417,B Block,50,3,0,theory,True,50/70,48__s0,Automobile Engineering_S3_G6,6,Automobile Engineering,3,Monday-Fri
tuesday,8:00 - 8:50,0,152__s0,CS23336,Introduction to Python Programming,Lecture,1,1193,Saravana Kumar S.s,500058,68,B321,B Block,66,1,0,theory,True,66/70,3__s0,Electronics & Communication Engineering_S3_G1,1,Electronics & Communication Engineering,3,Monday-Fri
thur,12:00 - 12:50,4,152__s0,CS23336,Introduction to Python Programming,Lecture,2,1193,Saravana Kumar S.s,500058,75,B402,B Block,66,1,0,theory,True,66/70,3__s0,Electronics & Communication Engineering_S3_G1,1,Electronics & Communication Engineering,3,Monday-Fri
monday,10:00 - 10:50,2,78__s0,EC23311,Analog Circuits –I,Lecture,1,381,Selva Kumar V S,102067,54,B212,B Block,66,3,1,theory,True,66/70,52__s0,Electronics & Communication Engineering_S3_G2,2,Electronics & Communication Engineering,3,Monday-Fri
monday,11:00 - 11:50,3,78__s0,EC23311,Analog Circuits –I,Lecture,2,381,Selva Kumar V S,102067,54,B212,B Block,66,3,1,theory,True,66/70,52__s0,Electronics & Communication Engineering_S3_G2,2,Electronics & Communication Engineering,3,Monday-Fri
tuesday,9:00 - 9:50,1,78__s0,EC23311,Analog Circuits –I,Lecture,3,381,Selva Kumar V S,102067,68,B321,B Block,66,3,1,theory,True,66/70,52__s0,Electronics & Communication Engineering_S3_G2,2,Electronics & Communication Engineering,3,Monday-Fri
wed,8:00 - 8:50,0,78__s0,EC23311,Analog Circuits –I,Tutorial,4,381,Selva Kumar V S,102067,74,B401,B Block,66,3,1,theory,True,66/70,52__s0,Electronics & Communication Engineering_S3_G2,2,Electronics & Communication Engineering,3,Monday-Fri
wed,1:00 - 1:50,5,78__s0,EC23311,Analog Circuits –I,Lecture,5,381,Selva Kumar V S,102067,70,B325,B Block,66,3,1,theory,True,66/70,52__s0,Electronics & Communication Engineering_S3_G2,2,Electronics & Communication Engineering,3,Monday-Fri
thur,2:00 - 2:50,6,78__s0,EC23311,Analog Circuits –I,Lecture,6,381,Selva Kumar V S,102067,108,C307,C Block,66,3,1,theory,False,66/70,,Electronics & Communication Engineering_S3_G2,2,Electronics & Communication Engineering,3,Monday-Fri
fri,11:00 - 11:50,3,78__s0,EC23311,Analog Circuits –I,Lecture,7,381,Selva Kumar V S,102067,60,B222,B Block,66,3,1,theory,True,66/70,52__s0,Electronics & Communication Engineering_S3_G2,2,Electronics & Communication Engineering,3,Monday-Fri
monday,10:00 - 10:50,2,52__s0,EC23312,Electromagnetic Fields,Lecture,1,351,B Indhu Bala,102219,54,B212,B Block,66,3,0,theory,True,66/70,78__s0,Electronics & Communication Engineering_S3_G3,3,Electronics & Communication Engineering,3,Monday-Fri
monday,11:00 - 11:50,3,52__s0,EC23312,Electromagnetic Fields,Lecture,2,351,B Indhu Bala,102219,54,B212,B Block,66,3,0,theory,True,66/70,78__s0,Electronics & Communication Engineering_S3_G3,3,Electronics & Communication Engineering,3,Monday-Fri
tuesday,9:00 - 9:50,1,52__s0,EC23312,Electromagnetic Fields,Lecture,3,351,B Indhu Bala,102219,68,B321,B Block,66,3,0,theory,True,66/70,78__s0,Electronics & Communication Engineering_S3_G3,3,Electronics & Communication Engineering,3,Monday-Fri
wed,8:00 - 8:50,0,52__s0,EC23312,Electromagnetic Fields,Lecture,4,351,B Indhu Bala,102219,74,B401,B Block,66,3,0,theory,True,66/70,78__s0,Electronics & Communication Engineering_S3_G3,3,Electronics & Communication Engineering,3,Monday-Fri
wed,1:00 - 1:50,5,52__s0,EC23312,Electromagnetic Fields,Lecture,5,351,B Indhu Bala,102219,70,B325,B Block,66,3,0,theory,True,66/70,78__s0,Electronics & Communication Engineering_S3_G3,3,Electronics & Communication Engineering,3,Monday-Fri
fri,11:00 - 11:50,3,52__s0,EC23312,Electromagnetic Fields,Lecture,6,351,B Indhu Bala,102219,60,B222,B Block,66,3,0,theory,True,66/70,78__s0,Electronics & Communication Engineering_S3_G3,3,Electronics & Communication Engineering,3,Monday-Fri
monday,9:00 - 9:50,1,109__s0,EC23313,Digital Principles and System Design,Lecture,1,1227,Thaiyalnayaki K,102227,61,B302,B Block,66,3,0,theory,False,66/70,,Electronics & Communication Engineering_S3_G4,4,Electronics & Communication Engineering,3,Monday-Fri
monday,1:00 - 1:50,5,109__s0,EC23313,Digital Principles and System Design,Lecture,2,1227,Thaiyalnayaki K,102227,55,B213,B Block,66,3,0,theory,False,66/70,,Electronics & Communication Engineering_S3_G4,4,Electronics & Communication Engineering,3,Monday-Fri
wed,11:00 - 11:50,3,109__s0,EC23313,Digital Principles and System Design,Lecture,3,1227,Thaiyalnayaki K,102227,69,B322,B Block,66,3,0,theory,False,66/70,,Electronics & Communication Engineering_S3_G4,4,Electronics & Communication Engineering,3,Monday-Fri
monday,2:00 - 2:50,6,3__s0,EC23332,Principles of Microprocessor and Microcontrollers,Lecture,1,375,M Latha,102204,68,B321,B Block,66,3,0,theory,False,66/70,,Electronics & Communication Engineering_S3_G6,6,Electronics & Communication Engineering,3,Monday-Fri
tuesday,8:00 - 8:50,0,3__s0,EC23332,Principles of Microprocessor and Microcontrollers,Lecture,2,375,M Latha,102204,68,B321,B Block,66,3,0,theory,True,66/70,152__s0,Electronics & Communication Engineering_S3_G6,6,Electronics & Communication Engineering,3,Monday-Fri
wed,9:00 - 9:50,1,3__s0,EC23332,Principles of Microprocessor and Microcontrollers,Lecture,3,375,M Latha,102204,69,B322,B Block,66,3,0,theory,False,66/70,,Electronics & Communication Engineering_S3_G6,6,Electronics & Communication Engineering,3,Monday-Fri
thur,12:00 - 12:50,4,3__s0,EC23332,Principles of Microprocessor and Microcontrollers,Lecture,4,375,M Latha,102204,75,B402,B Block,66,3,0,theory,True,66/70,152__s0,Electronics & Communication Engineering_S3_G6,6,Electronics & Communication Engineering,3,Monday-Fri
monday,8:00 - 8:50,0,820__s0,MA23312,Fourier series and Number theory,Lecture,1,515,Ponmana Selvan Arumugam,176134,68,B321,B Block,66,3,1,theory,False,66/70,,Electronics & Communication Engineering_S3_G7,7,Electronics & Communication Engineering,3,Monday-Fri
monday,12:00 - 12:50,4,820__s0,MA23312,Fourier series and Number theory,Lecture,2,515,Ponmana Selvan Arumugam,176134,40,B106,B Block,66,3,1,theory,False,66/70,,Electronics & Communication Engineering_S3_G7,7,Electronics & Communication Engineering,3,Monday-Fri
wed,12:00 - 12:50,4,820__s0,MA23312,Fourier series and Number theory,Lecture,3,515,Ponmana Selvan Arumugam,176134,109,C308,C Block,66,3,1,theory,False,66/70,,Electronics & Communication Engineering_S3_G7,7,Electronics & Communication Engineering,3,Monday-Fri
thur,1:00 - 1:50,5,820__s0,MA23312,Fourier series and Number theory,Tutorial,4,515,Ponmana Selvan Arumugam,176134,68,B321,B Block,66,3,1,theory,False,66/70,,Electronics & Communication Engineering_S3_G7,7,Electronics & Communication Engineering,3,Monday-Fri
monday,2:00 - 2:50,6,153__s1,CS23336,Introduction to Python Programming,Lecture,1,355,Helan Vidhya T,102171,91,B424,B Block,66,1,0,theory,True,66/70,110__s1,Electronics & Communication Engineering_S3_G8,8,Electronics & Communication Engineering,3,Monday-Fri
fri,8:00 - 8:50,0,153__s1,CS23336,Introduction to Python Programming,Lecture,2,355,Helan Vidhya T,102171,91,B424,B Block,66,1,0,theory,True,66/70,110__s1,Electronics & Communication Engineering_S3_G8,8,Electronics & Communication Engineering,3,Monday-Fri
monday,9:00 - 9:50,1,79__s1,EC23311,Analog Circuits –I,Lecture,1,1193,Saravana Kumar S.s,500058,56,B218,B Block,66,3,1,theory,True,66/70,4__s1,Electronics & Communication Engineering_S3_G9,9,Electronics & Communication Engineering,3,Monday-Fri
wed,11:00 - 11:50,3,79__s1,EC23311,Analog Circuits –I,Lecture,2,1193,Saravana Kumar S.s,500058,91,B424,B Block,66,3,1,theory,True,66/70,4__s1,Electronics & Communication Engineering_S3_G9,9,Electronics & Communication Engineering,3,Monday-Fri
wed,12:00 - 12:50,4,79__s1,EC23311,Analog Circuits –I,Lecture,3,1193,Saravana Kumar S.s,500058,91,B424,B Block,66,3,1,theory,True,66/70,4__s1,Electronics & Communication Engineering_S3_G9,9,Electronics & Communication Engineering,3,Monday-Fri
thur,8:00 - 8:50,0,79__s1,EC23311,Analog Circuits –I,Tutorial,4,1193,Saravana Kumar S.s,500058,56,B218,B Block,66,3,1,theory,False,66/70,,Electronics & Communication Engineering_S3_G9,9,Electronics & Communication Engineering,3,Monday-Fri
thur,11:00 - 11:50,3,79__s1,EC23311,Analog Circuits –I,Lecture,5,1193,Saravana Kumar S.s,500058,55,B213,B Block,66,3,1,theory,True,66/70,4__s1,Electronics & Communication Engineering_S3_G9,9,Electronics & Communication Engineering,3,Monday-Fri
fri,9:00 - 9:50,1,79__s1,EC23311,Analog Circuits –I,Lecture,6,1193,Saravana Kumar S.s,500058,93,B426,B Block,66,3,1,theory,True,66/70,4__s1,Electronics & Communication Engineering_S3_G9,9,Electronics & Communication Engineering,3,Monday-Fri
fri,10:00 - 10:50,2,79__s1,EC23311,Analog Circuits –I,Lecture,7,1193,Saravana Kumar S.s,500058,91,B424,B Block,66,3,1,theory,True,66/70,4__s1,Electronics & Communication Engineering_S3_G9,9,Electronics & Communication Engineering,3,Monday-Fri
monday,11:00 - 11:50,3,53__s1,EC23312,Electromagnetic Fields,Lecture,1,363,Anitha Mary M,102149,92,B425,B Block,66,3,0,theory,True,66/70,821__s1,Electronics & Communication Engineering_S3_G10,10,Electronics & Communication Engineering,3,Monday-Fri
tuesday,12:00 - 12:50,4,53__s1,EC23312,Electromagnetic Fields,Lecture,2,363,Anitha Mary M,102149,91,B424,B Block,66,3,0,theory,True,66/70,821__s1,Electronics & Communication Engineering_S3_G10,10,Electronics & Communication Engineering,3,Monday-Fri
tuesday,1:00 - 1:50,5,53__s1,EC23312,Electromagnetic Fields,Lecture,3,363,Anitha Mary M,102149,52,B210,B Block,66,3,0,theory,True,66/70,821__s1,Electronics & Communication Engineering_S3_G10,10,Electronics & Communication Engineering,3,Monday-Fri
thur,9:00 - 9:50,1,53__s1,EC23312,Electromagnetic Fields,Lecture,4,363,Anitha Mary M,102149,91,B424,B Block,66,3,0,theory,True,66/70,821__s1,Electronics & Communication Engineering_S3_G10,10,Electronics & Communication Engineering,3,Monday-Fri
thur,12:00 - 12:50,4,53__s1,EC23312,Electromagnetic Fields,Lecture,5,363,Anitha Mary M,102149,91,B424,B Block,66,3,0,theory,True,66/70,821__s1,Electronics & Communication Engineering_S3_G10,10,Electronics & Communication Engineering,3,Monday-Fri
fri,12:00 - 12:50,4,53__s1,EC23312,Electromagnetic Fields,Lecture,6,363,Anitha Mary M,102149,91,B424,B Block,66,3,0,theory,True,66/70,821__s1,Electronics & Communication Engineering_S3_G10,10,Electronics & Communication Engineering,3,Monday-Fri
monday,2:00 - 2:50,6,110__s1,EC23313,Digital Principles and System Design,Lecture,1,388,Jayanthi D,102213,91,B424,B Block,66,3,0,theory,True,66/70,153__s1,Electronics & Communication Engineering_S3_G11,11,Electronics & Communication Engineering,3,Monday-Fri
tuesday,11:00 - 11:50,3,110__s1,EC23313,Digital Principles and System Design,Lecture,2,388,Jayanthi D,102213,93,B426,B Block,66,3,0,theory,False,66/70,,Electronics & Communication Engineering_S3_G11,11,Electronics & Communication Engineering,3,Monday-Fri
fri,8:00 - 8:50,0,110__s1,EC23313,Digital Principles and System Design,Lecture,3,388,Jayanthi D,102213,91,B424,B Block,66,3,0,theory,True,66/70,153__s1,Electronics & Communication Engineering_S3_G11,11,Electronics & Communication Engineering,3,Monday-Fri
fri,11:00 - 11:50,3,110__s1,EC23313,Digital Principles and System Design,Lecture,4,388,Jayanthi D,102213,52,B210,B Block,66,3,0,theory,False,66/70,,Electronics & Communication Engineering_S3_G11,11,Electronics & Communication Engineering,3,Monday-Fri
monday,9:00 - 9:50,1,4__s1,EC23332,Principles of Microprocessor and Microcontrollers,Lecture,1,348,Senthilraja B,102212,56,B218,B Block,66,3,0,theory,True,66/70,79__s1,Electronics & Communication Engineering_S3_G13,13,Electronics & Communication Engineering,3,Monday-Fri
wed,11:00 - 11:50,3,4__s1,EC23332,Principles of Microprocessor and Microcontrollers,Lecture,2,348,Senthilraja B,102212,91,B424,B Block,66,3,0,theory,True,66/70,79__s1,Electronics & Communication Engineering_S3_G13,13,Electronics & Communication Engineering,3,Monday-Fri
wed,12:00 - 12:50,4,4__s1,EC23332,Principles of Microprocessor and Microcontrollers,Lecture,3,348,Senthilraja B,102212,91,B424,B Block,66,3,0,theory,True,66/70,79__s1,Electronics & Communication Engineering_S3_G13,13,Electronics & Communication Engineering,3,Monday-Fri
thur,11:00 - 11:50,3,4__s1,EC23332,Principles of Microprocessor and Microcontrollers,Lecture,4,348,Senthilraja B,102212,55,B213,B Block,66,3,0,theory,True,66/70,79__s1,Electronics & Communication Engineering_S3_G13,13,Electronics & Communication Engineering,3,Monday-Fri
fri,9:00 - 9:50,1,4__s1,EC23332,Principles of Microprocessor and Microcontrollers,Lecture,5,348,Senthilraja B,102212,93,B426,B Block,66,3,0,theory,True,66/70,79__s1,Electronics & Communication Engineering_S3_G13,13,Electronics & Communication Engineering,3,Monday-Fri
fri,10:00 - 10:50,2,4__s1,EC23332,Principles of Microprocessor and Microcontrollers,Lecture,6,348,Senthilraja B,102212,91,B424,B Block,66,3,0,theory,True,66/70,79__s1,Electronics & Communication Engineering_S3_G13,13,Electronics & Communication Engineering,3,Monday-Fri
monday,8:00 - 8:50,0,821__s1,MA23312,Fourier series and Number theory,Lecture,1,523,Bhavani S,176119,93,B426,B Block,66,3,1,theory,False,66/70,,Electronics & Communication Engineering_S3_G14,14,Electronics & Communication Engineering,3,Monday-Fri
monday,11:00 - 11:50,3,821__s1,MA23312,Fourier series and Number theory,Lecture,2,523,Bhavani S,176119,92,B425,B Block,66,3,1,theory,True,66/70,53__s1,Electronics & Communication Engineering_S3_G14,14,Electronics & Communication Engineering,3,Monday-Fri
tuesday,12:00 - 12:50,4,821__s1,MA23312,Fourier series and Number theory,Lecture,3,523,Bhavani S,176119,91,B424,B Block,66,3,1,theory,True,66/70,53__s1,Electronics & Communication Engineering_S3_G14,14,Electronics & Communication Engineering,3,Monday-Fri
tuesday,1:00 - 1:50,5,821__s1,MA23312,Fourier series and Number theory,Tutorial,4,523,Bhavani S,176119,52,B210,B Block,66,3,1,theory,True,66/70,53__s1,Electronics & Communication Engineering_S3_G14,14,Electronics & Communication Engineering,3,Monday-Fri
thur,9:00 - 9:50,1,821__s1,MA23312,Fourier series and Number theory,Lecture,5,523,Bhavani S,176119,91,B424,B Block,66,3,1,theory,True,66/70,53__s1,Electronics & Communication Engineering_S3_G14,14,Electronics & Communication Engineering,3,Monday-Fri
thur,12:00 - 12:50,4,821__s1,MA23312,Fourier series and Number theory,Lecture,6,523,Bhavani S,176119,91,B424,B Block,66,3,1,theory,True,66/70,53__s1,Electronics & Communication Engineering_S3_G14,14,Electronics & Communication Engineering,3,Monday-Fri
fri,12:00 - 12:50,4,821__s1,MA23312,Fourier series and Number theory,Lecture,7,523,Bhavani S,176119,91,B424,B Block,66,3,1,theory,True,66/70,53__s1,Electronics & Communication Engineering_S3_G14,14,Electronics & Communication Engineering,3,Monday-Fri
fri,8:00 - 8:50,0,154__s2,CS23336,Introduction to Python Programming,Lecture,1,357,Yogalakshmi V,102186,82,B411,B Block,66,1,0,theory,True,66/70,54__s2,Electronics & Communication Engineering_S3_G15,15,Electronics & Communication Engineering,3,Monday-Fri
fri,10:00 - 10:50,2,154__s2,CS23336,Introduction to Python Programming,Lecture,2,357,Yogalakshmi V,102186,83,B412,B Block,66,1,0,theory,True,66/70,54__s2,Electronics & Communication Engineering_S3_G15,15,Electronics & Communication Engineering,3,Monday-Fri
monday,9:00 - 9:50,1,80__s2,EC23311,Analog Circuits –I,Lecture,1,383,S Suganthi,102104,85,B416,B Block,66,3,1,theory,True,66/70,111__s2,Electronics & Communication Engineering_S3_G16,16,Electronics & Communication Engineering,3,Monday-Fri
tuesday,8:00 - 8:50,0,80__s2,EC23311,Analog Circuits –I,Lecture,2,383,S Suganthi,102104,90,B423,B Block,66,3,1,theory,True,66/70,111__s2,Electronics & Communication Engineering_S3_G16,16,Electronics & Communication Engineering,3,Monday-Fri
tuesday,12:00 - 12:50,4,80__s2,EC23311,Analog Circuits –I,Lecture,3,383,S Suganthi,102104,81,B410,B Block,66,3,1,theory,True,66/70,111__s2,Electronics & Communication Engineering_S3_G16,16,Electronics & Communication Engineering,3,Monday-Fri
wed,9:00 - 9:50,1,80__s2,EC23311,Analog Circuits –I,Tutorial,4,383,S Suganthi,102104,85,B416,B Block,66,3,1,theory,True,66/70,111__s2,Electronics & Communication Engineering_S3_G16,16,Electronics & Communication Engineering,3,Monday-Fri
wed,11:00 - 11:50,3,80__s2,EC23311,Analog Circuits –I,Lecture,5,383,S Suganthi,102104,89,B422,B Block,66,3,1,theory,True,66/70,111__s2,Electronics & Communication Engineering_S3_G16,16,Electronics & Communication Engineering,3,Monday-Fri
thur,11:00 - 11:50,3,80__s2,EC23311,Analog Circuits –I,Lecture,6,383,S Suganthi,102104,81,B410,B Block,66,3,1,theory,True,66/70,111__s2,Electronics & Communication Engineering_S3_G16,16,Electronics & Communication Engineering,3,Monday-Fri
fri,1:00 - 1:50,5,80__s2,EC23311,Analog Circuits –I,Lecture,7,383,S Suganthi,102104,82,B411,B Block,66,3,1,theory,False,66/70,,Electronics & Communication Engineering_S3_G16,16,Electronics & Communication Engineering,3,Monday-Fri
tuesday,1:00 - 1:50,5,54__s2,EC23312,Electromagnetic Fields,Lecture,1,385,M Sathish,102114,86,B417,B Block,66,3,0,theory,False,66/70,,Electronics & Communication Engineering_S3_G17,17,Electronics & Communication Engineering,3,Monday-Fri
wed,2:00 - 2:50,6,54__s2,EC23312,Electromagnetic Fields,Lecture,2,385,M Sathish,102114,90,B423,B Block,66,3,0,theory,False,66/70,,Electronics & Communication Engineering_S3_G17,17,Electronics & Communication Engineering,3,Monday-Fri
fri,8:00 - 8:50,0,54__s2,EC23312,Electromagnetic Fields,Lecture,3,385,M Sathish,102114,82,B411,B Block,66,3,0,theory,True,66/70,154__s2,Electronics & Communication Engineering_S3_G17,17,Electronics & Communication Engineering,3,Monday-Fri
fri,10:00 - 10:50,2,54__s2,EC23312,Electromagnetic Fields,Lecture,4,385,M Sathish,102114,83,B412,B Block,66,3,0,theory,True,66/70,154__s2,Electronics & Communication Engineering_S3_G17,17,Electronics & Communication Engineering,3,Monday-Fri
monday,9:00 - 9:50,1,111__s2,EC23313,Digital Principles and System Design,Lecture,1,1047,Annamalai S,500056,85,B416,B Block,66,3,0,theory,True,66/70,80__s2,Electronics & Communication Engineering_S3_G18,18,Electronics & Communication Engineering,3,Monday-Fri
tuesday,8:00 - 8:50,0,111__s2,EC23313,Digital Principles and System Design,Lecture,2,1047,Annamalai S,500056,90,B423,B Block,66,3,0,theory,True,66/70,80__s2,Electronics & Communication Engineering_S3_G18,18,Electronics & Communication Engineering,3,Monday-Fri
tuesday,12:00 - 12:50,4,111__s2,EC23313,Digital Principles and System Design,Lecture,3,1047,Annamalai S,500056,81,B410,B Block,66,3,0,theory,True,66/70,80__s2,Electronics & Communication Engineering_S3_G18,18,Electronics & Communication Engineering,3,Monday-Fri
wed,9:00 - 9:50,1,111__s2,EC23313,Digital Principles and System Design,Lecture,4,1047,Annamalai S,500056,85,B416,B Block,66,3,0,theory,True,66/70,80__s2,Electronics & Communication Engineering_S3_G18,18,Electronics & Communication Engineering,3,Monday-Fri
wed,11:00 - 11:50,3,111__s2,EC23313,Digital Principles and System Design,Lecture,5,1047,Annamalai S,500056,89,B422,B Block,66,3,0,theory,True,66/70,80__s2,Electronics & Communication Engineering_S3_G18,18,Electronics & Communication Engineering,3,Monday-Fri
thur,11:00 - 11:50,3,111__s2,EC23313,Digital Principles and System Design,Lecture,6,1047,Annamalai S,500056,81,B410,B Block,66,3,0,theory,True,66/70,80__s2,Electronics & Communication Engineering_S3_G18,18,Electronics & Communication Engineering,3,Monday-Fri
monday,8:00 - 8:50,0,5__s2,EC23332,Principles of Microprocessor and Microcontrollers,Lecture,1,1244,Nirmala R,500019,89,B422,B Block,66,3,0,theory,True,66/70,822__s2,Electronics & Communication Engineering_S3_G20,20,Electronics & Communication Engineering,3,Monday-Fri
monday,2:00 - 2:50,6,5__s2,EC23332,Principles of Microprocessor and Microcontrollers,Lecture,2,1244,Nirmala R,500019,90,B423,B Block,66,3,0,theory,True,66/70,822__s2,Electronics & Communication Engineering_S3_G20,20,Electronics & Communication Engineering,3,Monday-Fri
tuesday,11:00 - 11:50,3,5__s2,EC23332,Principles of Microprocessor and Microcontrollers,Lecture,3,1244,Nirmala R,500019,89,B422,B Block,66,3,0,theory,True,66/70,822__s2,Electronics & Communication Engineering_S3_G20,20,Electronics & Communication Engineering,3,Monday-Fri
wed,10:00 - 10:50,2,5__s2,EC23332,Principles of Microprocessor and Microcontrollers,Lecture,4,1244,Nirmala R,500019,83,B412,B Block,66,3,0,theory,True,66/70,822__s2,Electronics & Communication Engineering_S3_G20,20,Electronics & Communication Engineering,3,Monday-Fri
thur,10:00 - 10:50,2,5__s2,EC23332,Principles of Microprocessor and Microcontrollers,Lecture,5,1244,Nirmala R,500019,84,B415,B Block,66,3,0,theory,True,66/70,822__s2,Electronics & Communication Engineering_S3_G20,20,Electronics & Communication Engineering,3,Monday-Fri
fri,11:00 - 11:50,3,5__s2,EC23332,Principles of Microprocessor and Microcontrollers,Lecture,6,1244,Nirmala R,500019,88,B419,B Block,66,3,0,theory,True,66/70,822__s2,Electronics & Communication Engineering_S3_G20,20,Electronics & Communication Engineering,3,Monday-Fri
monday,8:00 - 8:50,0,822__s2,MA23312,Fourier series and Number theory,Lecture,1,498,Sathiragavan M,176136,89,B422,B Block,66,3,1,theory,True,66/70,5__s2,Electronics & Communication Engineering_S3_G21,21,Electronics & Communication Engineering,3,Monday-Fri
monday,2:00 - 2:50,6,822__s2,MA23312,Fourier series and Number theory,Lecture,2,498,Sathiragavan M,176136,90,B423,B Block,66,3,1,theory,True,66/70,5__s2,Electronics & Communication Engineering_S3_G21,21,Electronics & Communication Engineering,3,Monday-Fri
tuesday,11:00 - 11:50,3,822__s2,MA23312,Fourier series and Number theory,Lecture,3,498,Sathiragavan M,176136,89,B422,B Block,66,3,1,theory,True,66/70,5__s2,Electronics & Communication Engineering_S3_G21,21,Electronics & Communication Engineering,3,Monday-Fri
wed,10:00 - 10:50,2,822__s2,MA23312,Fourier series and Number theory,Tutorial,4,498,Sathiragavan M,176136,83,B412,B Block,66,3,1,theory,True,66/70,5__s2,Electronics & Communication Engineering_S3_G21,21,Electronics & Communication Engineering,3,Monday-Fri
thur,10:00 - 10:50,2,822__s2,MA23312,Fourier series and Number theory,Lecture,5,498,Sathiragavan M,176136,84,B415,B Block,66,3,1,theory,True,66/70,5__s2,Electronics & Communication Engineering_S3_G21,21,Electronics & Communication Engineering,3,Monday-Fri
fri,11:00 - 11:50,3,822__s2,MA23312,Fourier series and Number theory,Lecture,6,498,Sathiragavan M,176136,88,B419,B Block,66,3,1,theory,True,66/70,5__s2,Electronics & Communication Engineering_S3_G21,21,Electronics & Communication Engineering,3,Monday-Fri
fri,12:00 - 12:50,4,822__s2,MA23312,Fourier series and Number theory,Lecture,7,498,Sathiragavan M,176136,90,B423,B Block,66,3,1,theory,False,66/70,,Electronics & Communication Engineering_S3_G21,21,Electronics & Communication Engineering,3,Monday-Fri
thur,1:00 - 1:50,5,155__s3,CS23336,Introduction to Python Programming,Lecture,1,361,Gururaj D,102143,84,B415,B Block,66,1,0,theory,True,66/70,112__s3,Electronics & Communication Engineering_S3_G22,22,Electronics & Communication Engineering,3,Monday-Fri
fri,1:00 - 1:50,5,155__s3,CS23336,Introduction to Python Programming,Lecture,2,361,Gururaj D,102143,81,B410,B Block,66,1,0,theory,True,66/70,112__s3,Electronics & Communication Engineering_S3_G22,22,Electronics & Communication Engineering,3,Monday-Fri
monday,9:00 - 9:50,1,81__s3,EC23311,Analog Circuits –I,Lecture,1,392,Mariammal T,105098,80,B409,B Block,66,3,1,theory,True,66/70,6__s3,Electronics & Communication Engineering_S3_G23,23,Electronics & Communication Engineering,3,Monday-Fri
tuesday,12:00 - 12:50,4,81__s3,EC23311,Analog Circuits –I,Lecture,2,392,Mariammal T,105098,68,B321,B Block,66,3,1,theory,True,66/70,6__s3,Electronics & Communication Engineering_S3_G23,23,Electronics & Communication Engineering,3,Monday-Fri
wed,10:00 - 10:50,2,81__s3,EC23311,Analog Circuits –I,Lecture,3,392,Mariammal T,105098,85,B416,B Block,66,3,1,theory,True,66/70,6__s3,Electronics & Communication Engineering_S3_G23,23,Electronics & Communication Engineering,3,Monday-Fri
wed,11:00 - 11:50,3,81__s3,EC23311,Analog Circuits –I,Tutorial,4,392,Mariammal T,105098,84,B415,B Block,66,3,1,theory,True,66/70,6__s3,Electronics & Communication Engineering_S3_G23,23,Electronics & Communication Engineering,3,Monday-Fri
thur,11:00 - 11:50,3,81__s3,EC23311,Analog Circuits –I,Lecture,5,392,Mariammal T,105098,70,B325,B Block,66,3,1,theory,True,66/70,6__s3,Electronics & Communication Engineering_S3_G23,23,Electronics & Communication Engineering,3,Monday-Fri
fri,9:00 - 9:50,1,81__s3,EC23311,Analog Circuits –I,Lecture,6,392,Mariammal T,105098,83,B412,B Block,66,3,1,theory,True,66/70,6__s3,Electronics & Communication Engineering_S3_G23,23,Electronics & Communication Engineering,3,Monday-Fri
fri,10:00 - 10:50,2,81__s3,EC23311,Analog Circuits –I,Lecture,7,392,Mariammal T,105098,86,B417,B Block,66,3,1,theory,False,66/70,,Electronics & Communication Engineering_S3_G23,23,Electronics & Communication Engineering,3,Monday-Fri
monday,1:00 - 1:50,5,55__s3,EC23312,Electromagnetic Fields,Lecture,1,366,Karthi J,102163,40,B106,B Block,66,3,0,theory,True,66/70,823__s3,Electronics & Communication Engineering_S3_G24,24,Electronics & Communication Engineering,3,Monday-Fri
tuesday,9:00 - 9:50,1,55__s3,EC23312,Electromagnetic Fields,Lecture,2,366,Karthi J,102163,85,B416,B Block,66,3,0,theory,True,66/70,823__s3,Electronics & Communication Engineering_S3_G24,24,Electronics & Communication Engineering,3,Monday-Fri
thur,9:00 - 9:50,1,55__s3,EC23312,Electromagnetic Fields,Lecture,3,366,Karthi J,102163,80,B409,B Block,66,3,0,theory,True,66/70,823__s3,Electronics & Communication Engineering_S3_G24,24,Electronics & Communication Engineering,3,Monday-Fri
thur,12:00 - 12:50,4,55__s3,EC23312,Electromagnetic Fields,Lecture,4,366,Karthi J,102163,83,B412,B Block,66,3,0,theory,True,66/70,823__s3,Electronics & Communication Engineering_S3_G24,24,Electronics & Communication Engineering,3,Monday-Fri
fri,8:00 - 8:50,0,55__s3,EC23312,Electromagnetic Fields,Lecture,5,366,Karthi J,102163,86,B417,B Block,66,3,0,theory,True,66/70,823__s3,Electronics & Communication Engineering_S3_G24,24,Electronics & Communication Engineering,3,Monday-Fri
fri,2:00 - 2:50,6,55__s3,EC23312,Electromagnetic Fields,Lecture,6,366,Karthi J,102163,83,B412,B Block,66,3,0,theory,True,66/70,823__s3,Electronics & Communication Engineering_S3_G24,24,Electronics & Communication Engineering,3,Monday-Fri
monday,12:00 - 12:50,4,112__s3,EC23313,Digital Principles and System Design,Lecture,1,347,Loganathan G,102209,76,B403,B Block,66,3,0,theory,False,66/70,,Electronics & Communication Engineering_S3_G25,25,Electronics & Communication Engineering,3,Monday-Fri
monday,2:00 - 2:50,6,112__s3,EC23313,Digital Principles and System Design,Lecture,2,347,Loganathan G,102209,83,B412,B Block,66,3,0,theory,False,66/70,,Electronics & Communication Engineering_S3_G25,25,Electronics & Communication Engineering,3,Monday-Fri
thur,1:00 - 1:50,5,112__s3,EC23313,Digital Principles and System Design,Lecture,3,347,Loganathan G,102209,84,B415,B Block,66,3,0,theory,True,66/70,155__s3,Electronics & Communication Engineering_S3_G25,25,Electronics & Communication Engineering,3,Monday-Fri
fri,1:00 - 1:50,5,112__s3,EC23313,Digital Principles and System Design,Lecture,4,347,Loganathan G,102209,81,B410,B Block,66,3,0,theory,True,66/70,155__s3,Electronics & Communication Engineering_S3_G25,25,Electronics & Communication Engineering,3,Monday-Fri
monday,9:00 - 9:50,1,6__s3,EC23332,Principles of Microprocessor and Microcontrollers,Lecture,1,349,Nirmala D,102214,80,B409,B Block,66,3,0,theory,True,66/70,81__s3,Electronics & Communication Engineering_S3_G27,27,Electronics & Communication Engineering,3,Monday-Fri
tuesday,12:00 - 12:50,4,6__s3,EC23332,Principles of Microprocessor and Microcontrollers,Lecture,2,349,Nirmala D,102214,68,B321,B Block,66,3,0,theory,True,66/70,81__s3,Electronics & Communication Engineering_S3_G27,27,Electronics & Communication Engineering,3,Monday-Fri
wed,10:00 - 10:50,2,6__s3,EC23332,Principles of Microprocessor and Microcontrollers,Lecture,3,349,Nirmala D,102214,85,B416,B Block,66,3,0,theory,True,66/70,81__s3,Electronics & Communication Engineering_S3_G27,27,Electronics & Communication Engineering,3,Monday-Fri
wed,11:00 - 11:50,3,6__s3,EC23332,Principles of Microprocessor and Microcontrollers,Lecture,4,349,Nirmala D,102214,84,B415,B Block,66,3,0,theory,True,66/70,81__s3,Electronics & Communication Engineering_S3_G27,27,Electronics & Communication Engineering,3,Monday-Fri
thur,11:00 - 11:50,3,6__s3,EC23332,Principles of Microprocessor and Microcontrollers,Lecture,5,349,Nirmala D,102214,70,B325,B Block,66,3,0,theory,True,66/70,81__s3,Electronics & Communication Engineering_S3_G27,27,Electronics & Communication Engineering,3,Monday-Fri
fri,9:00 - 9:50,1,6__s3,EC23332,Principles of Microprocessor and Microcontrollers,Lecture,6,349,Nirmala D,102214,83,B412,B Block,66,3,0,theory,True,66/70,81__s3,Electronics & Communication Engineering_S3_G27,27,Electronics & Communication Engineering,3,Monday-Fri
monday,8:00 - 8:50,0,823__s3,MA23312,Fourier series and Number theory,Lecture,1,497,Charles Sagayaraj A C,176135,78,B405,B Block,66,3,1,theory,False,66/70,,Electronics & Communication Engineering_S3_G28,28,Electronics & Communication Engineering,3,Monday-Fri
monday,1:00 - 1:50,5,823__s3,MA23312,Fourier series and Number theory,Lecture,2,497,Charles Sagayaraj A C,176135,40,B106,B Block,66,3,1,theory,True,66/70,55__s3,Electronics & Communication Engineering_S3_G28,28,Electronics & Communication Engineering,3,Monday-Fri
tuesday,9:00 - 9:50,1,823__s3,MA23312,Fourier series and Number theory,Lecture,3,497,Charles Sagayaraj A C,176135,85,B416,B Block,66,3,1,theory,True,66/70,55__s3,Electronics & Communication Engineering_S3_G28,28,Electronics & Communication Engineering,3,Monday-Fri
thur,9:00 - 9:50,1,823__s3,MA23312,Fourier series and Number theory,Tutorial,4,497,Charles Sagayaraj A C,176135,80,B409,B Block,66,3,1,theory,True,66/70,55__s3,Electronics & Communication Engineering_S3_G28,28,Electronics & Communication Engineering,3,Monday-Fri
thur,12:00 - 12:50,4,823__s3,MA23312,Fourier series and Number theory,Lecture,5,497,Charles Sagayaraj A C,176135,83,B412,B Block,66,3,1,theory,True,66/70,55__s3,Electronics & Communication Engineering_S3_G28,28,Electronics & Communication Engineering,3,Monday-Fri
fri,8:00 - 8:50,0,823__s3,MA23312,Fourier series and Number theory,Lecture,6,497,Charles Sagayaraj A C,176135,86,B417,B Block,66,3,1,theory,True,66/70,55__s3,Electronics & Communication Engineering_S3_G28,28,Electronics & Communication Engineering,3,Monday-Fri
fri,2:00 - 2:50,6,823__s3,MA23312,Fourier series and Number theory,Lecture,7,497,Charles Sagayaraj A C,176135,83,B412,B Block,66,3,1,theory,True,66/70,55__s3,Electronics & Communication Engineering_S3_G28,28,Electronics & Communication Engineering,3,Monday-Fri
tuesday,9:00 - 9:50,1,156__s4,CS23336,Introduction to Python Programming,Lecture,1,369,Tamilarasi M,102177,76,B403,B Block,66,1,0,theory,True,66/70,824__s4,Electronics & Communication Engineering_S3_G29,29,Electronics & Communication Engineering,3,Monday-Fri
thur,1:00 - 1:50,5,156__s4,CS23336,Introduction to Python Programming,Lecture,2,369,Tamilarasi M,102177,57,B219,B Block,66,1,0,theory,True,66/70,824__s4,Electronics & Communication Engineering_S3_G29,29,Electronics & Communication Engineering,3,Monday-Fri
monday,8:00 - 8:50,0,82__s4,EC23311,Analog Circuits –I,Lecture,1,391,Umapathy K,102221,56,B218,B Block,66,3,1,theory,True,66/70,56__s4,Electronics & Communication Engineering_S3_G30,30,Electronics & Communication Engineering,3,Monday-Fri
monday,3:10 - 4:00,7,82__s4,EC23311,Analog Circuits –I,Lecture,2,391,Umapathy K,102221,55,B213,B Block,66,3,1,theory,False,66/70,,Electronics & Communication Engineering_S3_G30,30,Electronics & Communication Engineering,3,Monday-Fri
tuesday,8:00 - 8:50,0,82__s4,EC23311,Analog Circuits –I,Lecture,3,391,Umapathy K,102221,53,B211,B Block,66,3,1,theory,True,66/70,56__s4,Electronics & Communication Engineering_S3_G30,30,Electronics & Communication Engineering,3,Monday-Fri
wed,8:00 - 8:50,0,82__s4,EC23311,Analog Circuits –I,Tutorial,4,391,Umapathy K,102221,76,B403,B Block,66,3,1,theory,True,66/70,56__s4,Electronics & Communication Engineering_S3_G30,30,Electronics & Communication Engineering,3,Monday-Fri
wed,11:00 - 11:50,3,82__s4,EC23311,Analog Circuits –I,Lecture,5,391,Umapathy K,102221,70,B325,B Block,66,3,1,theory,True,66/70,56__s4,Electronics & Communication Engineering_S3_G30,30,Electronics & Communication Engineering,3,Monday-Fri
thur,8:00 - 8:50,0,82__s4,EC23311,Analog Circuits –I,Lecture,6,391,Umapathy K,102221,70,B325,B Block,66,3,1,theory,True,66/70,56__s4,Electronics & Communication Engineering_S3_G30,30,Electronics & Communication Engineering,3,Monday-Fri
fri,9:00 - 9:50,1,82__s4,EC23311,Analog Circuits –I,Lecture,7,391,Umapathy K,102221,76,B403,B Block,66,3,1,theory,True,66/70,56__s4,Electronics & Communication Engineering_S3_G30,30,Electronics & Communication Engineering,3,Monday-Fri
monday,8:00 - 8:50,0,56__s4,EC23312,Electromagnetic Fields,Lecture,1,1240,Smitha P B,500010,56,B218,B Block,66,3,0,theory,True,66/70,82__s4,Electronics & Communication Engineering_S3_G31,31,Electronics & Communication Engineering,3,Monday-Fri
tuesday,8:00 - 8:50,0,56__s4,EC23312,Electromagnetic Fields,Lecture,2,1240,Smitha P B,500010,53,B211,B Block,66,3,0,theory,True,66/70,82__s4,Electronics & Communication Engineering_S3_G31,31,Electronics & Communication Engineering,3,Monday-Fri
wed,8:00 - 8:50,0,56__s4,EC23312,Electromagnetic Fields,Lecture,3,1240,Smitha P B,500010,76,B403,B Block,66,3,0,theory,True,66/70,82__s4,Electronics & Communication Engineering_S3_G31,31,Electronics & Communication Engineering,3,Monday-Fri
wed,11:00 - 11:50,3,56__s4,EC23312,Electromagnetic Fields,Lecture,4,1240,Smitha P B,500010,70,B325,B Block,66,3,0,theory,True,66/70,82__s4,Electronics & Communication Engineering_S3_G31,31,Electronics & Communication Engineering,3,Monday-Fri
thur,8:00 - 8:50,0,56__s4,EC23312,Electromagnetic Fields,Lecture,5,1240,Smitha P B,500010,70,B325,B Block,66,3,0,theory,True,66/70,82__s4,Electronics & Communication Engineering_S3_G31,31,Electronics & Communication Engineering,3,Monday-Fri
fri,9:00 - 9:50,1,56__s4,EC23312,Electromagnetic Fields,Lecture,6,1240,Smitha P B,500010,76,B403,B Block,66,3,0,theory,True,66/70,82__s4,Electronics & Communication Engineering_S3_G31,31,Electronics & Communication Engineering,3,Monday-Fri
monday,9:00 - 9:50,1,113__s4,EC23313,Digital Principles and System Design,Lecture,1,350,S R Balaji,102218,59,B221,B Block,66,3,0,theory,True,66/70,7__s4,Electronics & Communication Engineering_S3_G32,32,Electronics & Communication Engineering,3,Monday-Fri
monday,12:00 - 12:50,4,113__s4,EC23313,Digital Principles and System Design,Lecture,2,350,S R Balaji,102218,58,B220,B Block,66,3,0,theory,True,66/70,7__s4,Electronics & Communication Engineering_S3_G32,32,Electronics & Communication Engineering,3,Monday-Fri
wed,9:00 - 9:50,1,113__s4,EC23313,Digital Principles and System Design,Lecture,3,350,S R Balaji,102218,74,B401,B Block,66,3,0,theory,True,66/70,7__s4,Electronics & Communication Engineering_S3_G32,32,Electronics & Communication Engineering,3,Monday-Fri
thur,12:00 - 12:50,4,113__s4,EC23313,Digital Principles and System Design,Lecture,4,350,S R Balaji,102218,69,B322,B Block,66,3,0,theory,True,66/70,7__s4,Electronics & Communication Engineering_S3_G32,32,Electronics & Communication Engineering,3,Monday-Fri
fri,10:00 - 10:50,2,113__s4,EC23313,Digital Principles and System Design,Lecture,5,350,S R Balaji,102218,70,B325,B Block,66,3,0,theory,True,66/70,7__s4,Electronics & Communication Engineering_S3_G32,32,Electronics & Communication Engineering,3,Monday-Fri
fri,11:00 - 11:50,3,113__s4,EC23313,Digital Principles and System Design,Lecture,6,350,S R Balaji,102218,70,B325,B Block,66,3,0,theory,True,66/70,7__s4,Electronics & Communication Engineering_S3_G32,32,Electronics & Communication Engineering,3,Monday-Fri
monday,9:00 - 9:50,1,7__s4,EC23332,Principles of Microprocessor and Microcontrollers,Lecture,1,364,Jhanani Shree U,102160,59,B221,B Block,66,3,0,theory,True,66/70,113__s4,Electronics & Communication Engineering_S3_G34,34,Electronics & Communication Engineering,3,Monday-Fri
monday,12:00 - 12:50,4,7__s4,EC23332,Principles of Microprocessor and Microcontrollers,Lecture,2,364,Jhanani Shree U,102160,58,B220,B Block,66,3,0,theory,True,66/70,113__s4,Electronics & Communication Engineering_S3_G34,34,Electronics & Communication Engineering,3,Monday-Fri
wed,9:00 - 9:50,1,7__s4,EC23332,Principles of Microprocessor and Microcontrollers,Lecture,3,364,Jhanani Shree U,102160,74,B401,B Block,66,3,0,theory,True,66/70,113__s4,Electronics & Communication Engineering_S3_G34,34,Electronics & Communication Engineering,3,Monday-Fri
thur,12:00 - 12:50,4,7__s4,EC23332,Principles of Microprocessor and Microcontrollers,Lecture,4,364,Jhanani Shree U,102160,69,B322,B Block,66,3,0,theory,True,66/70,113__s4,Electronics & Communication Engineering_S3_G34,34,Electronics & Communication Engineering,3,Monday-Fri
fri,10:00 - 10:50,2,7__s4,EC23332,Principles of Microprocessor and Microcontrollers,Lecture,5,364,Jhanani Shree U,102160,70,B325,B Block,66,3,0,theory,True,66/70,113__s4,Electronics & Communication Engineering_S3_G34,34,Electronics & Communication Engineering,3,Monday-Fri
fri,11:00 - 11:50,3,7__s4,EC23332,Principles of Microprocessor and Microcontrollers,Lecture,6,364,Jhanani Shree U,102160,70,B325,B Block,66,3,0,theory,True,66/70,113__s4,Electronics & Communication Engineering_S3_G34,34,Electronics & Communication Engineering,3,Monday-Fri
monday,4:10 - 5:00,8,824__s4,MA23312,Fourier series and Number theory,Lecture,1,526,Meenakumari R,176144,60,B222,B Block,66,3,1,theory,False,66/70,,Electronics & Communication Engineering_S3_G35,35,Electronics & Communication Engineering,3,Monday-Fri
tuesday,9:00 - 9:50,1,824__s4,MA23312,Fourier series and Number theory,Lecture,2,526,Meenakumari R,176144,76,B403,B Block,66,3,1,theory,True,66/70,156__s4,Electronics & Communication Engineering_S3_G35,35,Electronics & Communication Engineering,3,Monday-Fri
tuesday,11:00 - 11:50,3,824__s4,MA23312,Fourier series and Number theory,Lecture,3,526,Meenakumari R,176144,109,C308,C Block,66,3,1,theory,False,66/70,,Electronics & Communication Engineering_S3_G35,35,Electronics & Communication Engineering,3,Monday-Fri
thur,9:00 - 9:50,1,824__s4,MA23312,Fourier series and Number theory,Tutorial,4,526,Meenakumari R,176144,109,C308,C Block,66,3,1,theory,False,66/70,,Electronics & Communication Engineering_S3_G35,35,Electronics & Communication Engineering,3,Monday-Fri
thur,1:00 - 1:50,5,824__s4,MA23312,Fourier series and Number theory,Lecture,5,526,Meenakumari R,176144,57,B219,B Block,66,3,1,theory,True,66/70,156__s4,Electronics & Communication Engineering_S3_G35,35,Electronics & Communication Engineering,3,Monday-Fri
tuesday,11:00 - 11:50,3,157__s5,CS23336,Introduction to Python Programming,Lecture,1,365,Benazir Begam R,102162,92,B425,B Block,66,1,0,theory,True,66/70,8__s5,Electronics & Communication Engineering_S3_G36,36,Electronics & Communication Engineering,3,Monday-Fri
thur,11:00 - 11:50,3,157__s5,CS23336,Introduction to Python Programming,Lecture,2,365,Benazir Begam R,102162,92,B425,B Block,66,1,0,theory,True,66/70,8__s5,Electronics & Communication Engineering_S3_G36,36,Electronics & Communication Engineering,3,Monday-Fri
tuesday,8:00 - 8:50,0,83__s5,EC23311,Analog Circuits –I,Lecture,1,338,Sushma S Jagtap,102179,92,B425,B Block,66,3,1,theory,True,66/70,114__s5,Electronics & Communication Engineering_S3_G37,37,Electronics & Communication Engineering,3,Monday-Fri
tuesday,2:00 - 2:50,6,83__s5,EC23311,Analog Circuits –I,Lecture,2,338,Sushma S Jagtap,102179,92,B425,B Block,66,3,1,theory,True,66/70,114__s5,Electronics & Communication Engineering_S3_G37,37,Electronics & Communication Engineering,3,Monday-Fri
wed,8:00 - 8:50,0,83__s5,EC23311,Analog Circuits –I,Lecture,3,338,Sushma S Jagtap,102179,92,B425,B Block,66,3,1,theory,False,66/70,,Electronics & Communication Engineering_S3_G37,37,Electronics & Communication Engineering,3,Monday-Fri
wed,11:00 - 11:50,3,83__s5,EC23311,Analog Circuits –I,Tutorial,4,338,Sushma S Jagtap,102179,92,B425,B Block,66,3,1,theory,True,66/70,114__s5,Electronics & Communication Engineering_S3_G37,37,Electronics & Communication Engineering,3,Monday-Fri
thur,12:00 - 12:50,4,83__s5,EC23311,Analog Circuits –I,Lecture,5,338,Sushma S Jagtap,102179,93,B426,B Block,66,3,1,theory,True,66/70,114__s5,Electronics & Communication Engineering_S3_G37,37,Electronics & Communication Engineering,3,Monday-Fri
thur,1:00 - 1:50,5,83__s5,EC23311,Analog Circuits –I,Lecture,6,338,Sushma S Jagtap,102179,92,B425,B Block,66,3,1,theory,True,66/70,114__s5,Electronics & Communication Engineering_S3_G37,37,Electronics & Communication Engineering,3,Monday-Fri
fri,9:00 - 9:50,1,83__s5,EC23311,Analog Circuits –I,Lecture,7,338,Sushma S Jagtap,102179,58,B220,B Block,66,3,1,theory,True,66/70,114__s5,Electronics & Communication Engineering_S3_G37,37,Electronics & Communication Engineering,3,Monday-Fri
monday,12:00 - 12:50,4,57__s5,EC23312,Electromagnetic Fields,Lecture,1,1023,Aaron Kevin Cameron Theoderaj,500065,56,B218,B Block,66,3,0,theory,True,66/70,825__s5,Electronics & Communication Engineering_S3_G38,38,Electronics & Communication Engineering,3,Monday-Fri
monday,1:00 - 1:50,5,57__s5,EC23312,Electromagnetic Fields,Lecture,2,1023,Aaron Kevin Cameron Theoderaj,500065,93,B426,B Block,66,3,0,theory,True,66/70,825__s5,Electronics & Communication Engineering_S3_G38,38,Electronics & Communication Engineering,3,Monday-Fri
tuesday,12:00 - 12:50,4,57__s5,EC23312,Electromagnetic Fields,Lecture,3,1023,Aaron Kevin Cameron Theoderaj,500065,93,B426,B Block,66,3,0,theory,True,66/70,825__s5,Electronics & Communication Engineering_S3_G38,38,Electronics & Communication Engineering,3,Monday-Fri
wed,9:00 - 9:50,1,57__s5,EC23312,Electromagnetic Fields,Lecture,4,1023,Aaron Kevin Cameron Theoderaj,500065,92,B425,B Block,66,3,0,theory,True,66/70,825__s5,Electronics & Communication Engineering_S3_G38,38,Electronics & Communication Engineering,3,Monday-Fri
wed,1:00 - 1:50,5,57__s5,EC23312,Electromagnetic Fields,Lecture,5,1023,Aaron Kevin Cameron Theoderaj,500065,92,B425,B Block,66,3,0,theory,True,66/70,825__s5,Electronics & Communication Engineering_S3_G38,38,Electronics & Communication Engineering,3,Monday-Fri
fri,8:00 - 8:50,0,57__s5,EC23312,Electromagnetic Fields,Lecture,6,1023,Aaron Kevin Cameron Theoderaj,500065,92,B425,B Block,66,3,0,theory,True,66/70,825__s5,Electronics & Communication Engineering_S3_G38,38,Electronics & Communication Engineering,3,Monday-Fri
tuesday,8:00 - 8:50,0,114__s5,EC23313,Digital Principles and System Design,Lecture,1,367,Asokan V,102167,92,B425,B Block,66,3,0,theory,True,66/70,83__s5,Electronics & Communication Engineering_S3_G39,39,Electronics & Communication Engineering,3,Monday-Fri
tuesday,2:00 - 2:50,6,114__s5,EC23313,Digital Principles and System Design,Lecture,2,367,Asokan V,102167,92,B425,B Block,66,3,0,theory,True,66/70,83__s5,Electronics & Communication Engineering_S3_G39,39,Electronics & Communication Engineering,3,Monday-Fri
wed,11:00 - 11:50,3,114__s5,EC23313,Digital Principles and System Design,Lecture,3,367,Asokan V,102167,92,B425,B Block,66,3,0,theory,True,66/70,83__s5,Electronics & Communication Engineering_S3_G39,39,Electronics & Communication Engineering,3,Monday-Fri
thur,12:00 - 12:50,4,114__s5,EC23313,Digital Principles and System Design,Lecture,4,367,Asokan V,102167,93,B426,B Block,66,3,0,theory,True,66/70,83__s5,Electronics & Communication Engineering_S3_G39,39,Electronics & Communication Engineering,3,Monday-Fri
thur,1:00 - 1:50,5,114__s5,EC23313,Digital Principles and System Design,Lecture,5,367,Asokan V,102167,92,B425,B Block,66,3,0,theory,True,66/70,83__s5,Electronics & Communication Engineering_S3_G39,39,Electronics & Communication Engineering,3,Monday-Fri
fri,9:00 - 9:50,1,114__s5,EC23313,Digital Principles and System Design,Lecture,6,367,Asokan V,102167,58,B220,B Block,66,3,0,theory,True,66/70,83__s5,Electronics & Communication Engineering_S3_G39,39,Electronics & Communication Engineering,3,Monday-Fri
monday,2:00 - 2:50,6,8__s5,EC23332,Principles of Microprocessor and Microcontrollers,Lecture,1,357,Yogalakshmi V,102186,55,B213,B Block,66,3,0,theory,False,66/70,,Electronics & Communication Engineering_S3_G41,41,Electronics & Communication Engineering,3,Monday-Fri
tuesday,10:00 - 10:50,2,8__s5,EC23332,Principles of Microprocessor and Microcontrollers,Lecture,2,357,Yogalakshmi V,102186,93,B426,B Block,66,3,0,theory,False,66/70,,Electronics & Communication Engineering_S3_G41,41,Electronics & Communication Engineering,3,Monday-Fri
tuesday,11:00 - 11:50,3,8__s5,EC23332,Principles of Microprocessor and Microcontrollers,Lecture,3,357,Yogalakshmi V,102186,92,B425,B Block,66,3,0,theory,True,66/70,157__s5,Electronics & Communication Engineering_S3_G41,41,Electronics & Communication Engineering,3,Monday-Fri
thur,11:00 - 11:50,3,8__s5,EC23332,Principles of Microprocessor and Microcontrollers,Lecture,4,357,Yogalakshmi V,102186,92,B425,B Block,66,3,0,theory,True,66/70,157__s5,Electronics & Communication Engineering_S3_G41,41,Electronics & Communication Engineering,3,Monday-Fri
monday,12:00 - 12:50,4,825__s5,MA23312,Fourier series and Number theory,Lecture,1,508,Renuga C,176076,56,B218,B Block,66,3,1,theory,True,66/70,57__s5,Electronics & Communication Engineering_S3_G42,42,Electronics & Communication Engineering,3,Monday-Fri
monday,1:00 - 1:50,5,825__s5,MA23312,Fourier series and Number theory,Lecture,2,508,Renuga C,176076,93,B426,B Block,66,3,1,theory,True,66/70,57__s5,Electronics & Communication Engineering_S3_G42,42,Electronics & Communication Engineering,3,Monday-Fri
tuesday,12:00 - 12:50,4,825__s5,MA23312,Fourier series and Number theory,Lecture,3,508,Renuga C,176076,93,B426,B Block,66,3,1,theory,True,66/70,57__s5,Electronics & Communication Engineering_S3_G42,42,Electronics & Communication Engineering,3,Monday-Fri
tuesday,1:00 - 1:50,5,825__s5,MA23312,Fourier series and Number theory,Tutorial,4,508,Renuga C,176076,57,B219,B Block,66,3,1,theory,False,66/70,,Electronics & Communication Engineering_S3_G42,42,Electronics & Communication Engineering,3,Monday-Fri
wed,9:00 - 9:50,1,825__s5,MA23312,Fourier series and Number theory,Lecture,5,508,Renuga C,176076,92,B425,B Block,66,3,1,theory,True,66/70,57__s5,Electronics & Communication Engineering_S3_G42,42,Electronics & Communication Engineering,3,Monday-Fri
wed,1:00 - 1:50,5,825__s5,MA23312,Fourier series and Number theory,Lecture,6,508,Renuga C,176076,92,B425,B Block,66,3,1,theory,True,66/70,57__s5,Electronics & Communication Engineering_S3_G42,42,Electronics & Communication Engineering,3,Monday-Fri
fri,8:00 - 8:50,0,825__s5,MA23312,Fourier series and Number theory,Lecture,7,508,Renuga C,176076,92,B425,B Block,66,3,1,theory,True,66/70,57__s5,Electronics & Communication Engineering_S3_G42,42,Electronics & Communication Engineering,3,Monday-Fri
monday,10:00 - 10:50,2,158__s6,CS23336,Introduction to Python Programming,Lecture,1,338,Sushma S Jagtap,102179,86,B417,B Block,66,1,0,theory,True,66/70,58__s6,Electronics & Communication Engineering_S3_G43,43,Electronics & Communication Engineering,3,Monday-Fri
tuesday,1:00 - 1:50,5,158__s6,CS23336,Introduction to Python Programming,Lecture,2,338,Sushma S Jagtap,102179,82,B411,B Block,66,1,0,theory,True,66/70,58__s6,Electronics & Communication Engineering_S3_G43,43,Electronics & Communication Engineering,3,Monday-Fri
monday,8:00 - 8:50,0,84__s6,EC23311,Analog Circuits –I,Lecture,1,347,Loganathan G,102209,83,B412,B Block,66,3,1,theory,True,66/70,826__s6,Electronics & Communication Engineering_S3_G44,44,Electronics & Communication Engineering,3,Monday-Fri
monday,11:00 - 11:50,3,84__s6,EC23311,Analog Circuits –I,Lecture,2,347,Loganathan G,102209,52,B210,B Block,66,3,1,theory,True,66/70,826__s6,Electronics & Communication Engineering_S3_G44,44,Electronics & Communication Engineering,3,Monday-Fri
tuesday,10:00 - 10:50,2,84__s6,EC23311,Analog Circuits –I,Lecture,3,347,Loganathan G,102209,88,B419,B Block,66,3,1,theory,True,66/70,826__s6,Electronics & Communication Engineering_S3_G44,44,Electronics & Communication Engineering,3,Monday-Fri
tuesday,2:00 - 2:50,6,84__s6,EC23311,Analog Circuits –I,Tutorial,4,347,Loganathan G,102209,88,B419,B Block,66,3,1,theory,True,66/70,826__s6,Electronics & Communication Engineering_S3_G44,44,Electronics & Communication Engineering,3,Monday-Fri
wed,9:00 - 9:50,1,84__s6,EC23311,Analog Circuits –I,Lecture,5,347,Loganathan G,102209,89,B422,B Block,66,3,1,theory,True,66/70,826__s6,Electronics & Communication Engineering_S3_G44,44,Electronics & Communication Engineering,3,Monday-Fri
thur,12:00 - 12:50,4,84__s6,EC23311,Analog Circuits –I,Lecture,6,347,Loganathan G,102209,86,B417,B Block,66,3,1,theory,True,66/70,826__s6,Electronics & Communication Engineering_S3_G44,44,Electronics & Communication Engineering,3,Monday-Fri
fri,10:00 - 10:50,2,84__s6,EC23311,Analog Circuits –I,Lecture,7,347,Loganathan G,102209,87,B418,B Block,66,3,1,theory,True,66/70,826__s6,Electronics & Communication Engineering_S3_G44,44,Electronics & Communication Engineering,3,Monday-Fri
fri,11:00 - 11:50,3,84__s6,EC23311,Analog Circuits –I,Tutorial,8,347,Loganathan G,102209,84,B415,B Block,66,3,1,theory,True,66/70,826__s6,Electronics & Communication Engineering_S3_G44,44,Electronics & Communication Engineering,3,Monday-Fri
monday,10:00 - 10:50,2,58__s6,EC23312,Electromagnetic Fields,Lecture,1,364,Jhanani Shree U,102160,86,B417,B Block,66,3,0,theory,True,66/70,158__s6,Electronics & Communication Engineering_S3_G45,45,Electronics & Communication Engineering,3,Monday-Fri
monday,2:00 - 2:50,6,58__s6,EC23312,Electromagnetic Fields,Lecture,2,364,Jhanani Shree U,102160,89,B422,B Block,66,3,0,theory,False,66/70,,Electronics & Communication Engineering_S3_G45,45,Electronics & Communication Engineering,3,Monday-Fri
tuesday,1:00 - 1:50,5,58__s6,EC23312,Electromagnetic Fields,Lecture,3,364,Jhanani Shree U,102160,82,B411,B Block,66,3,0,theory,True,66/70,158__s6,Electronics & Communication Engineering_S3_G45,45,Electronics & Communication Engineering,3,Monday-Fri
thur,11:00 - 11:50,3,58__s6,EC23312,Electromagnetic Fields,Lecture,4,364,Jhanani Shree U,102160,83,B412,B Block,66,3,0,theory,False,66/70,,Electronics & Communication Engineering_S3_G45,45,Electronics & Communication Engineering,3,Monday-Fri
monday,9:00 - 9:50,1,115__s6,EC23313,Digital Principles and System Design,Lecture,1,341,A E Prabhu,102194,88,B419,B Block,66,3,0,theory,True,66/70,9__s6,Electronics & Communication Engineering_S3_G46,46,Electronics & Communication Engineering,3,Monday-Fri
tuesday,8:00 - 8:50,0,115__s6,EC23313,Digital Principles and System Design,Lecture,2,341,A E Prabhu,102194,91,B424,B Block,66,3,0,theory,True,66/70,9__s6,Electronics & Communication Engineering_S3_G46,46,Electronics & Communication Engineering,3,Monday-Fri
tuesday,9:00 - 9:50,1,115__s6,EC23313,Digital Principles and System Design,Lecture,3,341,A E Prabhu,102194,84,B415,B Block,66,3,0,theory,True,66/70,9__s6,Electronics & Communication Engineering_S3_G46,46,Electronics & Communication Engineering,3,Monday-Fri
wed,8:00 - 8:50,0,115__s6,EC23313,Digital Principles and System Design,Lecture,4,341,A E Prabhu,102194,84,B415,B Block,66,3,0,theory,True,66/70,9__s6,Electronics & Communication Engineering_S3_G46,46,Electronics & Communication Engineering,3,Monday-Fri
thur,8:00 - 8:50,0,115__s6,EC23313,Digital Principles and System Design,Lecture,5,341,A E Prabhu,102194,85,B416,B Block,66,3,0,theory,True,66/70,9__s6,Electronics & Communication Engineering_S3_G46,46,Electronics & Communication Engineering,3,Monday-Fri
thur,10:00 - 10:50,2,115__s6,EC23313,Digital Principles and System Design,Lecture,6,341,A E Prabhu,102194,88,B419,B Block,66,3,0,theory,True,66/70,9__s6,Electronics & Communication Engineering_S3_G46,46,Electronics & Communication Engineering,3,Monday-Fri
monday,9:00 - 9:50,1,9__s6,EC23332,Principles of Microprocessor and Microcontrollers,Lecture,1,371,Saranya G,102190,88,B419,B Block,66,3,0,theory,True,66/70,115__s6,Electronics & Communication Engineering_S3_G48,48,Electronics & Communication Engineering,3,Monday-Fri
tuesday,8:00 - 8:50,0,9__s6,EC23332,Principles of Microprocessor and Microcontrollers,Lecture,2,371,Saranya G,102190,91,B424,B Block,66,3,0,theory,True,66/70,115__s6,Electronics & Communication Engineering_S3_G48,48,Electronics & Communication Engineering,3,Monday-Fri
tuesday,9:00 - 9:50,1,9__s6,EC23332,Principles of Microprocessor and Microcontrollers,Lecture,3,371,Saranya G,102190,84,B415,B Block,66,3,0,theory,True,66/70,115__s6,Electronics & Communication Engineering_S3_G48,48,Electronics & Communication Engineering,3,Monday-Fri
wed,8:00 - 8:50,0,9__s6,EC23332,Principles of Microprocessor and Microcontrollers,Lecture,4,371,Saranya G,102190,84,B415,B Block,66,3,0,theory,True,66/70,115__s6,Electronics & Communication Engineering_S3_G48,48,Electronics & Communication Engineering,3,Monday-Fri
thur,8:00 - 8:50,0,9__s6,EC23332,Principles of Microprocessor and Microcontrollers,Lecture,5,371,Saranya G,102190,85,B416,B Block,66,3,0,theory,True,66/70,115__s6,Electronics & Communication Engineering_S3_G48,48,Electronics & Communication Engineering,3,Monday-Fri
thur,10:00 - 10:50,2,9__s6,EC23332,Principles of Microprocessor and Microcontrollers,Lecture,6,371,Saranya G,102190,88,B419,B Block,66,3,0,theory,True,66/70,115__s6,Electronics & Communication Engineering_S3_G48,48,Electronics & Communication Engineering,3,Monday-Fri
monday,8:00 - 8:50,0,826__s6,MA23312,Fourier series and Number theory,Lecture,1,510,Sunil Kumar V R,176103,83,B412,B Block,66,3,1,theory,True,66/70,84__s6,Electronics & Communication Engineering_S3_G49,49,Electronics & Communication Engineering,3,Monday-Fri
monday,11:00 - 11:50,3,826__s6,MA23312,Fourier series and Number theory,Lecture,2,510,Sunil Kumar V R,176103,52,B210,B Block,66,3,1,theory,True,66/70,84__s6,Electronics & Communication Engineering_S3_G49,49,Electronics & Communication Engineering,3,Monday-Fri
tuesday,10:00 - 10:50,2,826__s6,MA23312,Fourier series and Number theory,Lecture,3,510,Sunil Kumar V R,176103,88,B419,B Block,66,3,1,theory,True,66/70,84__s6,Electronics & Communication Engineering_S3_G49,49,Electronics & Communication Engineering,3,Monday-Fri
tuesday,2:00 - 2:50,6,826__s6,MA23312,Fourier series and Number theory,Tutorial,4,510,Sunil Kumar V R,176103,88,B419,B Block,66,3,1,theory,True,66/70,84__s6,Electronics & Communication Engineering_S3_G49,49,Electronics & Communication Engineering,3,Monday-Fri
wed,9:00 - 9:50,1,826__s6,MA23312,Fourier series and Number theory,Lecture,5,510,Sunil Kumar V R,176103,89,B422,B Block,66,3,1,theory,True,66/70,84__s6,Electronics & Communication Engineering_S3_G49,49,Electronics & Communication Engineering,3,Monday-Fri
thur,12:00 - 12:50,4,826__s6,MA23312,Fourier series and Number theory,Lecture,6,510,Sunil Kumar V R,176103,86,B417,B Block,66,3,1,theory,True,66/70,84__s6,Electronics & Communication Engineering_S3_G49,49,Electronics & Communication Engineering,3,Monday-Fri
fri,10:00 - 10:50,2,826__s6,MA23312,Fourier series and Number theory,Lecture,7,510,Sunil Kumar V R,176103,87,B418,B Block,66,3,1,theory,True,66/70,84__s6,Electronics & Communication Engineering_S3_G49,49,Electronics & Communication Engineering,3,Monday-Fri
fri,11:00 - 11:50,3,826__s6,MA23312,Fourier series and Number theory,Tutorial,8,510,Sunil Kumar V R,176103,84,B415,B Block,66,3,1,theory,True,66/70,84__s6,Electronics & Communication Engineering_S3_G49,49,Electronics & Communication Engineering,3,Monday-Fri
thur,11:00 - 11:50,3,159__s7,CS23336,Introduction to Python Programming,Lecture,1,342,G Indhumathi,102197,79,B408,B Block,66,1,0,theory,True,66/70,10__s7,Electronics & Communication Engineering_S3_G50,50,Electronics & Communication Engineering,3,Monday-Fri
fri,1:00 - 1:50,5,159__s7,CS23336,Introduction to Python Programming,Lecture,2,342,G Indhumathi,102197,84,B415,B Block,66,1,0,theory,True,66/70,10__s7,Electronics & Communication Engineering_S3_G50,50,Electronics & Communication Engineering,3,Monday-Fri
monday,8:00 - 8:50,0,85__s7,EC23311,Analog Circuits –I,Lecture,1,1223,Yuvadharshini S,500051,87,B418,B Block,66,3,1,theory,True,66/70,827__s7,Electronics & Communication Engineering_S3_G51,51,Electronics & Communication Engineering,3,Monday-Fri
monday,12:00 - 12:50,4,85__s7,EC23311,Analog Circuits –I,Lecture,2,1223,Yuvadharshini S,500051,70,B325,B Block,66,3,1,theory,True,66/70,827__s7,Electronics & Communication Engineering_S3_G51,51,Electronics & Communication Engineering,3,Monday-Fri
tuesday,10:00 - 10:50,2,85__s7,EC23311,Analog Circuits –I,Lecture,3,1223,Yuvadharshini S,500051,81,B410,B Block,66,3,1,theory,True,66/70,827__s7,Electronics & Communication Engineering_S3_G51,51,Electronics & Communication Engineering,3,Monday-Fri
tuesday,1:00 - 1:50,5,85__s7,EC23311,Analog Circuits –I,Tutorial,4,1223,Yuvadharshini S,500051,77,B404,B Block,66,3,1,theory,True,66/70,827__s7,Electronics & Communication Engineering_S3_G51,51,Electronics & Communication Engineering,3,Monday-Fri
wed,11:00 - 11:50,3,85__s7,EC23311,Analog Circuits –I,Lecture,5,1223,Yuvadharshini S,500051,85,B416,B Block,66,3,1,theory,True,66/70,827__s7,Electronics & Communication Engineering_S3_G51,51,Electronics & Communication Engineering,3,Monday-Fri
thur,12:00 - 12:50,4,85__s7,EC23311,Analog Circuits –I,Lecture,6,1223,Yuvadharshini S,500051,82,B411,B Block,66,3,1,theory,True,66/70,827__s7,Electronics & Communication Engineering_S3_G51,51,Electronics & Communication Engineering,3,Monday-Fri
thur,1:00 - 1:50,5,85__s7,EC23311,Analog Circuits –I,Lecture,7,1223,Yuvadharshini S,500051,81,B410,B Block,66,3,1,theory,True,66/70,827__s7,Electronics & Communication Engineering_S3_G51,51,Electronics & Communication Engineering,3,Monday-Fri
fri,2:00 - 2:50,6,85__s7,EC23311,Analog Circuits –I,Tutorial,8,1223,Yuvadharshini S,500051,81,B410,B Block,66,3,1,theory,True,66/70,827__s7,Electronics & Communication Engineering_S3_G51,51,Electronics & Communication Engineering,3,Monday-Fri
monday,9:00 - 9:50,1,59__s7,EC23312,Electromagnetic Fields,Lecture,1,345,S Priyanka Devi,102201,75,B402,B Block,66,3,0,theory,True,66/70,116__s7,Electronics & Communication Engineering_S3_G52,52,Electronics & Communication Engineering,3,Monday-Fri
monday,2:00 - 2:50,6,59__s7,EC23312,Electromagnetic Fields,Lecture,2,345,S Priyanka Devi,102201,78,B405,B Block,66,3,0,theory,True,66/70,116__s7,Electronics & Communication Engineering_S3_G52,52,Electronics & Communication Engineering,3,Monday-Fri
tuesday,12:00 - 12:50,4,59__s7,EC23312,Electromagnetic Fields,Lecture,3,345,S Priyanka Devi,102201,83,B412,B Block,66,3,0,theory,True,66/70,116__s7,Electronics & Communication Engineering_S3_G52,52,Electronics & Communication Engineering,3,Monday-Fri
wed,10:00 - 10:50,2,59__s7,EC23312,Electromagnetic Fields,Lecture,4,345,S Priyanka Devi,102201,81,B410,B Block,66,3,0,theory,True,66/70,116__s7,Electronics & Communication Engineering_S3_G52,52,Electronics & Communication Engineering,3,Monday-Fri
thur,9:00 - 9:50,1,59__s7,EC23312,Electromagnetic Fields,Lecture,5,345,S Priyanka Devi,102201,84,B415,B Block,66,3,0,theory,True,66/70,116__s7,Electronics & Communication Engineering_S3_G52,52,Electronics & Communication Engineering,3,Monday-Fri
thur,2:00 - 2:50,6,59__s7,EC23312,Electromagnetic Fields,Lecture,6,345,S Priyanka Devi,102201,84,B415,B Block,66,3,0,theory,True,66/70,116__s7,Electronics & Communication Engineering_S3_G52,52,Electronics & Communication Engineering,3,Monday-Fri
monday,9:00 - 9:50,1,116__s7,EC23313,Digital Principles and System Design,Lecture,1,1024,D. Gowdhami,500066,75,B402,B Block,66,3,0,theory,True,66/70,59__s7,Electronics & Communication Engineering_S3_G53,53,Electronics & Communication Engineering,3,Monday-Fri
monday,2:00 - 2:50,6,116__s7,EC23313,Digital Principles and System Design,Lecture,2,1024,D. Gowdhami,500066,78,B405,B Block,66,3,0,theory,True,66/70,59__s7,Electronics & Communication Engineering_S3_G53,53,Electronics & Communication Engineering,3,Monday-Fri
tuesday,12:00 - 12:50,4,116__s7,EC23313,Digital Principles and System Design,Lecture,3,1024,D. Gowdhami,500066,83,B412,B Block,66,3,0,theory,True,66/70,59__s7,Electronics & Communication Engineering_S3_G53,53,Electronics & Communication Engineering,3,Monday-Fri
wed,10:00 - 10:50,2,116__s7,EC23313,Digital Principles and System Design,Lecture,4,1024,D. Gowdhami,500066,81,B410,B Block,66,3,0,theory,True,66/70,59__s7,Electronics & Communication Engineering_S3_G53,53,Electronics & Communication Engineering,3,Monday-Fri
thur,9:00 - 9:50,1,116__s7,EC23313,Digital Principles and System Design,Lecture,5,1024,D. Gowdhami,500066,84,B415,B Block,66,3,0,theory,True,66/70,59__s7,Electronics & Communication Engineering_S3_G53,53,Electronics & Communication Engineering,3,Monday-Fri
thur,2:00 - 2:50,6,116__s7,EC23313,Digital Principles and System Design,Lecture,6,1024,D. Gowdhami,500066,84,B415,B Block,66,3,0,theory,True,66/70,59__s7,Electronics & Communication Engineering_S3_G53,53,Electronics & Communication Engineering,3,Monday-Fri
tuesday,11:00 - 11:50,3,10__s7,EC23332,Principles of Microprocessor and Microcontrollers,Lecture,1,358,Ganesamoorthy R,102207,80,B409,B Block,66,3,0,theory,False,66/70,,Electronics & Communication Engineering_S3_G55,55,Electronics & Communication Engineering,3,Monday-Fri
thur,11:00 - 11:50,3,10__s7,EC23332,Principles of Microprocessor and Microcontrollers,Lecture,2,358,Ganesamoorthy R,102207,79,B408,B Block,66,3,0,theory,True,66/70,159__s7,Electronics & Communication Engineering_S3_G55,55,Electronics & Communication Engineering,3,Monday-Fri
fri,12:00 - 12:50,4,10__s7,EC23332,Principles of Microprocessor and Microcontrollers,Lecture,3,358,Ganesamoorthy R,102207,79,B408,B Block,66,3,0,theory,False,66/70,,Electronics & Communication Engineering_S3_G55,55,Electronics & Communication Engineering,3,Monday-Fri
fri,1:00 - 1:50,5,10__s7,EC23332,Principles of Microprocessor and Microcontrollers,Lecture,4,358,Ganesamoorthy R,102207,84,B415,B Block,66,3,0,theory,True,66/70,159__s7,Electronics & Communication Engineering_S3_G55,55,Electronics & Communication Engineering,3,Monday-Fri
monday,8:00 - 8:50,0,827__s7,MA23312,Fourier series and Number theory,Lecture,1,501,Gurunathan S,176147,87,B418,B Block,66,3,1,theory,True,66/70,85__s7,Electronics & Communication Engineering_S3_G56,56,Electronics & Communication Engineering,3,Monday-Fri
monday,12:00 - 12:50,4,827__s7,MA23312,Fourier series and Number theory,Lecture,2,501,Gurunathan S,176147,70,B325,B Block,66,3,1,theory,True,66/70,85__s7,Electronics & Communication Engineering_S3_G56,56,Electronics & Communication Engineering,3,Monday-Fri
tuesday,10:00 - 10:50,2,827__s7,MA23312,Fourier series and Number theory,Lecture,3,501,Gurunathan S,176147,81,B410,B Block,66,3,1,theory,True,66/70,85__s7,Electronics & Communication Engineering_S3_G56,56,Electronics & Communication Engineering,3,Monday-Fri
tuesday,1:00 - 1:50,5,827__s7,MA23312,Fourier series and Number theory,Tutorial,4,501,Gurunathan S,176147,77,B404,B Block,66,3,1,theory,True,66/70,85__s7,Electronics & Communication Engineering_S3_G56,56,Electronics & Communication Engineering,3,Monday-Fri
wed,11:00 - 11:50,3,827__s7,MA23312,Fourier series and Number theory,Lecture,5,501,Gurunathan S,176147,85,B416,B Block,66,3,1,theory,True,66/70,85__s7,Electronics & Communication Engineering_S3_G56,56,Electronics & Communication Engineering,3,Monday-Fri
thur,12:00 - 12:50,4,827__s7,MA23312,Fourier series and Number theory,Lecture,6,501,Gurunathan S,176147,82,B411,B Block,66,3,1,theory,True,66/70,85__s7,Electronics & Communication Engineering_S3_G56,56,Electronics & Communication Engineering,3,Monday-Fri
thur,1:00 - 1:50,5,827__s7,MA23312,Fourier series and Number theory,Lecture,7,501,Gurunathan S,176147,81,B410,B Block,66,3,1,theory,True,66/70,85__s7,Electronics & Communication Engineering_S3_G56,56,Electronics & Communication Engineering,3,Monday-Fri
fri,2:00 - 2:50,6,827__s7,MA23312,Fourier series and Number theory,Tutorial,8,501,Gurunathan S,176147,81,B410,B Block,66,3,1,theory,True,66/70,85__s7,Electronics & Communication Engineering_S3_G56,56,Electronics & Communication Engineering,3,Monday-Fri
wed,8:00 - 8:50,0,90__s0,BT23311,Enzyme Technology and Biotransformations,Lecture,1,132,P Rajasekar,110103,77,B404,B Block,61,3,0,theory,True,61/70,19__s0,Biotechnology_S3_G1,1,Biotechnology,3,Tuesday-Saturday
wed,1:00 - 1:50,5,90__s0,BT23311,Enzyme Technology and Biotransformations,Lecture,2,132,P Rajasekar,110103,83,B412,B Block,61,3,0,theory,True,61/70,19__s0,Biotechnology_S3_G1,1,Biotechnology,3,Tuesday-Saturday
thur,8:00 - 8:50,0,90__s0,BT23311,Enzyme Technology and Biotransformations,Lecture,3,132,P Rajasekar,110103,84,B415,B Block,61,3,0,theory,True,61/70,19__s0,Biotechnology_S3_G1,1,Biotechnology,3,Tuesday-Saturday
fri,2:00 - 2:50,6,90__s0,BT23311,Enzyme Technology and Biotransformations,Lecture,4,132,P Rajasekar,110103,82,B411,B Block,61,3,0,theory,True,61/70,19__s0,Biotechnology_S3_G1,1,Biotechnology,3,Tuesday-Saturday
saturday,10:00 - 10:50,2,90__s0,BT23311,Enzyme Technology and Biotransformations,Lecture,5,132,P Rajasekar,110103,84,B415,B Block,61,3,0,theory,True,61/70,19__s0,Biotechnology_S3_G1,1,Biotechnology,3,Tuesday-Saturday
saturday,2:00 - 2:50,6,90__s0,BT23311,Enzyme Technology and Biotransformations,Lecture,6,132,P Rajasekar,110103,80,B409,B Block,61,3,0,theory,True,61/70,19__s0,Biotechnology_S3_G1,1,Biotechnology,3,Tuesday-Saturday
wed,8:00 - 8:50,0,19__s0,BT23312,Stoichiometry and Fluid Mechanics,Lecture,1,123,Dhivya Bharathi,110203,77,B404,B Block,61,3,0,theory,True,61/70,90__s0,Biotechnology_S3_G2,2,Biotechnology,3,Tuesday-Saturday
wed,1:00 - 1:50,5,19__s0,BT23312,Stoichiometry and Fluid Mechanics,Lecture,2,123,Dhivya Bharathi,110203,83,B412,B Block,61,3,0,theory,True,61/70,90__s0,Biotechnology_S3_G2,2,Biotechnology,3,Tuesday-Saturday
thur,8:00 - 8:50,0,19__s0,BT23312,Stoichiometry and Fluid Mechanics,Lecture,3,123,Dhivya Bharathi,110203,84,B415,B Block,61,3,0,theory,True,61/70,90__s0,Biotechnology_S3_G2,2,Biotechnology,3,Tuesday-Saturday
fri,2:00 - 2:50,6,19__s0,BT23312,Stoichiometry and Fluid Mechanics,Lecture,4,123,Dhivya Bharathi,110203,82,B411,B Block,61,3,0,theory,True,61/70,90__s0,Biotechnology_S3_G2,2,Biotechnology,3,Tuesday-Saturday
saturday,10:00 - 10:50,2,19__s0,BT23312,Stoichiometry and Fluid Mechanics,Lecture,5,123,Dhivya Bharathi,110203,84,B415,B Block,61,3,0,theory,True,61/70,90__s0,Biotechnology_S3_G2,2,Biotechnology,3,Tuesday-Saturday
saturday,2:00 - 2:50,6,19__s0,BT23312,Stoichiometry and Fluid Mechanics,Lecture,6,123,Dhivya Bharathi,110203,80,B409,B Block,61,3,0,theory,True,61/70,90__s0,Biotechnology_S3_G2,2,Biotechnology,3,Tuesday-Saturday
wed,9:00 - 9:50,1,93__s0,BT23313,Molecular Genetics,Lecture,1,118,Muneeswari Alias Surya S,110186,88,B419,B Block,61,3,0,theory,True,61/70,100__s0,Biotechnology_S3_G3,3,Biotechnology,3,Tuesday-Saturday
wed,12:00 - 12:50,4,93__s0,BT23313,Molecular Genetics,Lecture,2,118,Muneeswari Alias Surya S,110186,80,B409,B Block,61,3,0,theory,True,61/70,100__s0,Biotechnology_S3_G3,3,Biotechnology,3,Tuesday-Saturday
thur,11:00 - 11:50,3,93__s0,BT23313,Molecular Genetics,Lecture,3,118,Muneeswari Alias Surya S,110186,84,B415,B Block,61,3,0,theory,True,61/70,100__s0,Biotechnology_S3_G3,3,Biotechnology,3,Tuesday-Saturday
thur,12:00 - 12:50,4,93__s0,BT23313,Molecular Genetics,Lecture,4,118,Muneeswari Alias Surya S,110186,78,B405,B Block,61,3,0,theory,True,61/70,100__s0,Biotechnology_S3_G3,3,Biotechnology,3,Tuesday-Saturday
fri,10:00 - 10:50,2,93__s0,BT23313,Molecular Genetics,Lecture,5,118,Muneeswari Alias Surya S,110186,85,B416,B Block,61,3,0,theory,True,61/70,100__s0,Biotechnology_S3_G3,3,Biotechnology,3,Tuesday-Saturday
fri,12:00 - 12:50,4,93__s0,BT23313,Molecular Genetics,Lecture,6,118,Muneeswari Alias Surya S,110186,70,B325,B Block,61,3,0,theory,True,61/70,100__s0,Biotechnology_S3_G3,3,Biotechnology,3,Tuesday-Saturday
thur,10:00 - 10:50,2,117__s0,BT23314,Cell Biology,Lecture,1,140,Johanna Rajkumar,110001,82,B411,B Block,61,3,0,theory,True,61/70,209__s0,Biotechnology_S3_G4,4,Biotechnology,3,Tuesday-Saturday
fri,9:00 - 9:50,1,117__s0,BT23314,Cell Biology,Lecture,2,140,Johanna Rajkumar,110001,80,B409,B Block,61,3,0,theory,False,61/70,,Biotechnology_S3_G4,4,Biotechnology,3,Tuesday-Saturday
fri,11:00 - 11:50,3,117__s0,BT23314,Cell Biology,Lecture,3,140,Johanna Rajkumar,110001,87,B418,B Block,61,3,0,theory,True,61/70,209__s0,Biotechnology_S3_G4,4,Biotechnology,3,Tuesday-Saturday
saturday,8:00 - 8:50,0,117__s0,BT23314,Cell Biology,Lecture,4,140,Johanna Rajkumar,110001,88,B419,B Block,61,3,0,theory,True,61/70,209__s0,Biotechnology_S3_G4,4,Biotechnology,3,Tuesday-Saturday
saturday,12:00 - 12:50,4,117__s0,BT23314,Cell Biology,Lecture,5,140,Johanna Rajkumar,110001,79,B408,B Block,61,3,0,theory,True,61/70,209__s0,Biotechnology_S3_G4,4,Biotechnology,3,Tuesday-Saturday
thur,10:00 - 10:50,2,209__s0,BT23331,Analytical Techniques in Biotechnology,Lecture,1,119,Vimala Devi,110188,82,B411,B Block,61,2,0,theory,True,61/70,117__s0,Biotechnology_S3_G6,6,Biotechnology,3,Tuesday-Saturday
fri,11:00 - 11:50,3,209__s0,BT23331,Analytical Techniques in Biotechnology,Lecture,2,119,Vimala Devi,110188,87,B418,B Block,61,2,0,theory,True,61/70,117__s0,Biotechnology_S3_G6,6,Biotechnology,3,Tuesday-Saturday
saturday,8:00 - 8:50,0,209__s0,BT23331,Analytical Techniques in Biotechnology,Lecture,3,119,Vimala Devi,110188,88,B419,B Block,61,2,0,theory,True,61/70,117__s0,Biotechnology_S3_G6,6,Biotechnology,3,Tuesday-Saturday
saturday,12:00 - 12:50,4,209__s0,BT23331,Analytical Techniques in Biotechnology,Lecture,4,119,Vimala Devi,110188,79,B408,B Block,61,2,0,theory,True,61/70,117__s0,Biotechnology_S3_G6,6,Biotechnology,3,Tuesday-Saturday
tuesday,10:00 - 10:50,2,100__s0,MA23311,Transforms and Applied Partial Differential Equations,Lecture,1,493,Rajkumar V,176112,87,B418,B Block,61,3,1,theory,False,61/70,,Biotechnology_S3_G7,7,Biotechnology,3,Tuesday-Saturday
wed,9:00 - 9:50,1,100__s0,MA23311,Transforms and Applied Partial Differential Equations,Lecture,2,493,Rajkumar V,176112,88,B419,B Block,61,3,1,theory,True,61/70,93__s0,Biotechnology_S3_G7,7,Biotechnology,3,Tuesday-Saturday
wed,12:00 - 12:50,4,100__s0,MA23311,Transforms and Applied Partial Differential Equations,Lecture,3,493,Rajkumar V,176112,80,B409,B Block,61,3,1,theory,True,61/70,93__s0,Biotechnology_S3_G7,7,Biotechnology,3,Tuesday-Saturday
thur,11:00 - 11:50,3,100__s0,MA23311,Transforms and Applied Partial Differential Equations,Tutorial,4,493,Rajkumar V,176112,84,B415,B Block,61,3,1,theory,True,61/70,93__s0,Biotechnology_S3_G7,7,Biotechnology,3,Tuesday-Saturday
thur,12:00 - 12:50,4,100__s0,MA23311,Transforms and Applied Partial Differential Equations,Lecture,5,493,Rajkumar V,176112,78,B405,B Block,61,3,1,theory,True,61/70,93__s0,Biotechnology_S3_G7,7,Biotechnology,3,Tuesday-Saturday
fri,10:00 - 10:50,2,100__s0,MA23311,Transforms and Applied Partial Differential Equations,Lecture,6,493,Rajkumar V,176112,85,B416,B Block,61,3,1,theory,True,61/70,93__s0,Biotechnology_S3_G7,7,Biotechnology,3,Tuesday-Saturday
fri,12:00 - 12:50,4,100__s0,MA23311,Transforms and Applied Partial Differential Equations,Lecture,7,493,Rajkumar V,176112,70,B325,B Block,61,3,1,theory,True,61/70,93__s0,Biotechnology_S3_G7,7,Biotechnology,3,Tuesday-Saturday
tuesday,8:00 - 8:50,0,91__s1,BT23311,Enzyme Technology and Biotransformations,Lecture,1,128,Arunkumar S,110125,67,B320,B Block,61,3,0,theory,True,61/70,94__s1,Biotechnology_S3_G8,8,Biotechnology,3,Tuesday-Saturday
thur,11:00 - 11:50,3,91__s1,BT23311,Enzyme Technology and Biotransformations,Lecture,2,128,Arunkumar S,110125,56,B218,B Block,61,3,0,theory,True,61/70,94__s1,Biotechnology_S3_G8,8,Biotechnology,3,Tuesday-Saturday
thur,1:00 - 1:50,5,91__s1,BT23311,Enzyme Technology and Biotransformations,Lecture,3,128,Arunkumar S,110125,69,B322,B Block,61,3,0,theory,True,61/70,94__s1,Biotechnology_S3_G8,8,Biotechnology,3,Tuesday-Saturday
fri,1:00 - 1:50,5,91__s1,BT23311,Enzyme Technology and Biotransformations,Lecture,4,128,Arunkumar S,110125,78,B405,B Block,61,3,0,theory,True,61/70,94__s1,Biotechnology_S3_G8,8,Biotechnology,3,Tuesday-Saturday
saturday,9:00 - 9:50,1,91__s1,BT23311,Enzyme Technology and Biotransformations,Lecture,5,128,Arunkumar S,110125,61,B302,B Block,61,3,0,theory,True,61/70,94__s1,Biotechnology_S3_G8,8,Biotechnology,3,Tuesday-Saturday
saturday,11:00 - 11:50,3,91__s1,BT23311,Enzyme Technology and Biotransformations,Lecture,6,128,Arunkumar S,110125,56,B218,B Block,61,3,0,theory,True,61/70,94__s1,Biotechnology_S3_G8,8,Biotechnology,3,Tuesday-Saturday
tuesday,1:00 - 1:50,5,20__s1,BT23312,Stoichiometry and Fluid Mechanics,Lecture,1,113,S Divya Lakshmi,110170,70,B325,B Block,61,3,0,theory,True,61/70,101__s1,Biotechnology_S3_G9,9,Biotechnology,3,Tuesday-Saturday
wed,8:00 - 8:50,0,20__s1,BT23312,Stoichiometry and Fluid Mechanics,Lecture,2,113,S Divya Lakshmi,110170,78,B405,B Block,61,3,0,theory,True,61/70,101__s1,Biotechnology_S3_G9,9,Biotechnology,3,Tuesday-Saturday
thur,9:00 - 9:50,1,20__s1,BT23312,Stoichiometry and Fluid Mechanics,Lecture,3,113,S Divya Lakshmi,110170,77,B404,B Block,61,3,0,theory,True,61/70,101__s1,Biotechnology_S3_G9,9,Biotechnology,3,Tuesday-Saturday
fri,9:00 - 9:50,1,20__s1,BT23312,Stoichiometry and Fluid Mechanics,Lecture,4,113,S Divya Lakshmi,110170,68,B321,B Block,61,3,0,theory,True,61/70,101__s1,Biotechnology_S3_G9,9,Biotechnology,3,Tuesday-Saturday
saturday,10:00 - 10:50,2,20__s1,BT23312,Stoichiometry and Fluid Mechanics,Lecture,5,113,S Divya Lakshmi,110170,76,B403,B Block,61,3,0,theory,True,61/70,101__s1,Biotechnology_S3_G9,9,Biotechnology,3,Tuesday-Saturday
saturday,2:00 - 2:50,6,20__s1,BT23312,Stoichiometry and Fluid Mechanics,Lecture,6,113,S Divya Lakshmi,110170,77,B404,B Block,61,3,0,theory,True,61/70,101__s1,Biotechnology_S3_G9,9,Biotechnology,3,Tuesday-Saturday
tuesday,8:00 - 8:50,0,94__s1,BT23313,Molecular Genetics,Lecture,1,129,Preethy K R,110191,67,B320,B Block,61,3,0,theory,True,61/70,91__s1,Biotechnology_S3_G10,10,Biotechnology,3,Tuesday-Saturday
thur,11:00 - 11:50,3,94__s1,BT23313,Molecular Genetics,Lecture,2,129,Preethy K R,110191,56,B218,B Block,61,3,0,theory,True,61/70,91__s1,Biotechnology_S3_G10,10,Biotechnology,3,Tuesday-Saturday
thur,1:00 - 1:50,5,94__s1,BT23313,Molecular Genetics,Lecture,3,129,Preethy K R,110191,69,B322,B Block,61,3,0,theory,True,61/70,91__s1,Biotechnology_S3_G10,10,Biotechnology,3,Tuesday-Saturday
fri,1:00 - 1:50,5,94__s1,BT23313,Molecular Genetics,Lecture,4,129,Preethy K R,110191,78,B405,B Block,61,3,0,theory,True,61/70,91__s1,Biotechnology_S3_G10,10,Biotechnology,3,Tuesday-Saturday
saturday,9:00 - 9:50,1,94__s1,BT23313,Molecular Genetics,Lecture,5,129,Preethy K R,110191,61,B302,B Block,61,3,0,theory,True,61/70,91__s1,Biotechnology_S3_G10,10,Biotechnology,3,Tuesday-Saturday
saturday,11:00 - 11:50,3,94__s1,BT23313,Molecular Genetics,Lecture,6,129,Preethy K R,110191,56,B218,B Block,61,3,0,theory,True,61/70,91__s1,Biotechnology_S3_G10,10,Biotechnology,3,Tuesday-Saturday
tuesday,9:00 - 9:50,1,118__s1,BT23314,Cell Biology,Lecture,1,124,Sasitharan R,110204,56,B218,B Block,61,3,0,theory,True,61/70,210__s1,Biotechnology_S3_G11,11,Biotechnology,3,Tuesday-Saturday
tuesday,12:00 - 12:50,4,118__s1,BT23314,Cell Biology,Lecture,2,124,Sasitharan R,110204,67,B320,B Block,61,3,0,theory,True,61/70,210__s1,Biotechnology_S3_G11,11,Biotechnology,3,Tuesday-Saturday
thur,8:00 - 8:50,0,118__s1,BT23314,Cell Biology,Lecture,3,124,Sasitharan R,110204,77,B404,B Block,61,3,0,theory,True,61/70,210__s1,Biotechnology_S3_G11,11,Biotechnology,3,Tuesday-Saturday
saturday,8:00 - 8:50,0,118__s1,BT23314,Cell Biology,Lecture,4,124,Sasitharan R,110204,76,B403,B Block,61,3,0,theory,False,61/70,,Biotechnology_S3_G11,11,Biotechnology,3,Tuesday-Saturday
saturday,12:00 - 12:50,4,118__s1,BT23314,Cell Biology,Lecture,5,124,Sasitharan R,110204,78,B405,B Block,61,3,0,theory,True,61/70,210__s1,Biotechnology_S3_G11,11,Biotechnology,3,Tuesday-Saturday
tuesday,9:00 - 9:50,1,210__s1,BT23331,Analytical Techniques in Biotechnology,Lecture,1,116,S R Saranya,110173,56,B218,B Block,61,2,0,theory,True,61/70,118__s1,Biotechnology_S3_G13,13,Biotechnology,3,Tuesday-Saturday
tuesday,12:00 - 12:50,4,210__s1,BT23331,Analytical Techniques in Biotechnology,Lecture,2,116,S R Saranya,110173,67,B320,B Block,61,2,0,theory,True,61/70,118__s1,Biotechnology_S3_G13,13,Biotechnology,3,Tuesday-Saturday
thur,8:00 - 8:50,0,210__s1,BT23331,Analytical Techniques in Biotechnology,Lecture,3,116,S R Saranya,110173,77,B404,B Block,61,2,0,theory,True,61/70,118__s1,Biotechnology_S3_G13,13,Biotechnology,3,Tuesday-Saturday
saturday,12:00 - 12:50,4,210__s1,BT23331,Analytical Techniques in Biotechnology,Lecture,4,116,S R Saranya,110173,78,B405,B Block,61,2,0,theory,True,61/70,118__s1,Biotechnology_S3_G13,13,Biotechnology,3,Tuesday-Saturday
tuesday,1:00 - 1:50,5,101__s1,MA23311,Transforms and Applied Partial Differential Equations,Lecture,1,507,A Akshaya,176156,70,B325,B Block,61,3,1,theory,True,61/70,20__s1,Biotechnology_S3_G14,14,Biotechnology,3,Tuesday-Saturday
wed,8:00 - 8:50,0,101__s1,MA23311,Transforms and Applied Partial Differential Equations,Lecture,2,507,A Akshaya,176156,78,B405,B Block,61,3,1,theory,True,61/70,20__s1,Biotechnology_S3_G14,14,Biotechnology,3,Tuesday-Saturday
wed,9:00 - 9:50,1,101__s1,MA23311,Transforms and Applied Partial Differential Equations,Lecture,3,507,A Akshaya,176156,70,B325,B Block,61,3,1,theory,False,61/70,,Biotechnology_S3_G14,14,Biotechnology,3,Tuesday-Saturday
thur,9:00 - 9:50,1,101__s1,MA23311,Transforms and Applied Partial Differential Equations,Tutorial,4,507,A Akshaya,176156,77,B404,B Block,61,3,1,theory,True,61/70,20__s1,Biotechnology_S3_G14,14,Biotechnology,3,Tuesday-Saturday
fri,9:00 - 9:50,1,101__s1,MA23311,Transforms and Applied Partial Differential Equations,Lecture,5,507,A Akshaya,176156,68,B321,B Block,61,3,1,theory,True,61/70,20__s1,Biotechnology_S3_G14,14,Biotechnology,3,Tuesday-Saturday
saturday,10:00 - 10:50,2,101__s1,MA23311,Transforms and Applied Partial Differential Equations,Lecture,6,507,A Akshaya,176156,76,B403,B Block,61,3,1,theory,True,61/70,20__s1,Biotechnology_S3_G14,14,Biotechnology,3,Tuesday-Saturday
saturday,2:00 - 2:50,6,101__s1,MA23311,Transforms and Applied Partial Differential Equations,Lecture,7,507,A Akshaya,176156,77,B404,B Block,61,3,1,theory,True,61/70,20__s1,Biotechnology_S3_G14,14,Biotechnology,3,Tuesday-Saturday
tuesday,8:00 - 8:50,0,92__s2,BT23311,Enzyme Technology and Biotransformations,Lecture,1,122,Shyni S,110202,60,B222,B Block,61,3,0,theory,True,61/70,211__s2,Biotechnology_S3_G15,15,Biotechnology,3,Tuesday-Saturday
tuesday,11:00 - 11:50,3,92__s2,BT23311,Enzyme Technology and Biotransformations,Lecture,2,122,Shyni S,110202,107,C302,C Block,61,3,0,theory,False,61/70,,Biotechnology_S3_G15,15,Biotechnology,3,Tuesday-Saturday
fri,11:00 - 11:50,3,92__s2,BT23311,Enzyme Technology and Biotransformations,Lecture,3,122,Shyni S,110202,58,B220,B Block,61,3,0,theory,True,61/70,211__s2,Biotechnology_S3_G15,15,Biotechnology,3,Tuesday-Saturday
saturday,9:00 - 9:50,1,92__s2,BT23311,Enzyme Technology and Biotransformations,Lecture,4,122,Shyni S,110202,55,B213,B Block,61,3,0,theory,True,61/70,211__s2,Biotechnology_S3_G15,15,Biotechnology,3,Tuesday-Saturday
saturday,10:00 - 10:50,2,92__s2,BT23311,Enzyme Technology and Biotransformations,Lecture,5,122,Shyni S,110202,58,B220,B Block,61,3,0,theory,True,61/70,211__s2,Biotechnology_S3_G15,15,Biotechnology,3,Tuesday-Saturday
wed,10:00 - 10:50,2,21__s2,BT23312,Stoichiometry and Fluid Mechanics,Lecture,1,119,Vimala Devi,110188,107,C302,C Block,61,3,0,theory,False,61/70,,Biotechnology_S3_G16,16,Biotechnology,3,Tuesday-Saturday
wed,12:00 - 12:50,4,21__s2,BT23312,Stoichiometry and Fluid Mechanics,Lecture,2,119,Vimala Devi,110188,98,C101,C Block,61,3,0,theory,False,61/70,,Biotechnology_S3_G16,16,Biotechnology,3,Tuesday-Saturday
fri,12:00 - 12:50,4,21__s2,BT23312,Stoichiometry and Fluid Mechanics,Lecture,3,119,Vimala Devi,110188,99,C102,C Block,61,3,0,theory,False,61/70,,Biotechnology_S3_G16,16,Biotechnology,3,Tuesday-Saturday
tuesday,10:00 - 10:50,2,95__s2,BT23313,Molecular Genetics,Lecture,1,110,B Preethi,110166,109,C308,C Block,61,3,0,theory,False,61/70,,Biotechnology_S3_G17,17,Biotechnology,3,Tuesday-Saturday
thur,4:10 - 5:00,8,95__s2,BT23313,Molecular Genetics,Lecture,2,110,B Preethi,110166,59,B221,B Block,61,3,0,theory,False,61/70,,Biotechnology_S3_G17,17,Biotechnology,3,Tuesday-Saturday
saturday,4:10 - 5:00,8,95__s2,BT23313,Molecular Genetics,Lecture,3,110,B Preethi,110166,60,B222,B Block,61,3,0,theory,False,61/70,,Biotechnology_S3_G17,17,Biotechnology,3,Tuesday-Saturday
tuesday,9:00 - 9:50,1,119__s2,BT23314,Cell Biology,Lecture,1,135,B Vijaya Geetha,110114,54,B212,B Block,61,3,0,theory,True,61/70,102__s2,Biotechnology_S3_G18,18,Biotechnology,3,Tuesday-Saturday
tuesday,1:00 - 1:50,5,119__s2,BT23314,Cell Biology,Lecture,2,135,B Vijaya Geetha,110114,56,B218,B Block,61,3,0,theory,True,61/70,102__s2,Biotechnology_S3_G18,18,Biotechnology,3,Tuesday-Saturday
thur,3:10 - 4:00,7,119__s2,BT23314,Cell Biology,Lecture,3,135,B Vijaya Geetha,110114,52,B210,B Block,61,3,0,theory,True,61/70,102__s2,Biotechnology_S3_G18,18,Biotechnology,3,Tuesday-Saturday
fri,9:00 - 9:50,1,119__s2,BT23314,Cell Biology,Lecture,4,135,B Vijaya Geetha,110114,55,B213,B Block,61,3,0,theory,True,61/70,102__s2,Biotechnology_S3_G18,18,Biotechnology,3,Tuesday-Saturday
fri,10:00 - 10:50,2,119__s2,BT23314,Cell Biology,Lecture,5,135,B Vijaya Geetha,110114,58,B220,B Block,61,3,0,theory,True,61/70,102__s2,Biotechnology_S3_G18,18,Biotechnology,3,Tuesday-Saturday
saturday,12:00 - 12:50,4,119__s2,BT23314,Cell Biology,Lecture,6,135,B Vijaya Geetha,110114,55,B213,B Block,61,3,0,theory,True,61/70,102__s2,Biotechnology_S3_G18,18,Biotechnology,3,Tuesday-Saturday
tuesday,8:00 - 8:50,0,211__s2,BT23331,Analytical Techniques in Biotechnology,Lecture,1,118,Muneeswari Alias Surya S,110186,60,B222,B Block,61,2,0,theory,True,61/70,92__s2,Biotechnology_S3_G20,20,Biotechnology,3,Tuesday-Saturday
fri,11:00 - 11:50,3,211__s2,BT23331,Analytical Techniques in Biotechnology,Lecture,2,118,Muneeswari Alias Surya S,110186,58,B220,B Block,61,2,0,theory,True,61/70,92__s2,Biotechnology_S3_G20,20,Biotechnology,3,Tuesday-Saturday
saturday,9:00 - 9:50,1,211__s2,BT23331,Analytical Techniques in Biotechnology,Lecture,3,118,Muneeswari Alias Surya S,110186,55,B213,B Block,61,2,0,theory,True,61/70,92__s2,Biotechnology_S3_G20,20,Biotechnology,3,Tuesday-Saturday
saturday,10:00 - 10:50,2,211__s2,BT23331,Analytical Techniques in Biotechnology,Lecture,4,118,Muneeswari Alias Surya S,110186,58,B220,B Block,61,2,0,theory,True,61/70,92__s2,Biotechnology_S3_G20,20,Biotechnology,3,Tuesday-Saturday
tuesday,9:00 - 9:50,1,102__s2,MA23311,Transforms and Applied Partial Differential Equations,Lecture,1,1048,Arputha Jose T,500020,54,B212,B Block,61,3,1,theory,True,61/70,119__s2,Biotechnology_S3_G21,21,Biotechnology,3,Tuesday-Saturday
tuesday,1:00 - 1:50,5,102__s2,MA23311,Transforms and Applied Partial Differential Equations,Lecture,2,1048,Arputha Jose T,500020,56,B218,B Block,61,3,1,theory,True,61/70,119__s2,Biotechnology_S3_G21,21,Biotechnology,3,Tuesday-Saturday
thur,3:10 - 4:00,7,102__s2,MA23311,Transforms and Applied Partial Differential Equations,Lecture,3,1048,Arputha Jose T,500020,52,B210,B Block,61,3,1,theory,True,61/70,119__s2,Biotechnology_S3_G21,21,Biotechnology,3,Tuesday-Saturday
fri,9:00 - 9:50,1,102__s2,MA23311,Transforms and Applied Partial Differential Equations,Tutorial,4,1048,Arputha Jose T,500020,55,B213,B Block,61,3,1,theory,True,61/70,119__s2,Biotechnology_S3_G21,21,Biotechnology,3,Tuesday-Saturday
fri,10:00 - 10:50,2,102__s2,MA23311,Transforms and Applied Partial Differential Equations,Lecture,5,1048,Arputha Jose T,500020,58,B220,B Block,61,3,1,theory,True,61/70,119__s2,Biotechnology_S3_G21,21,Biotechnology,3,Tuesday-Saturday
saturday,12:00 - 12:50,4,102__s2,MA23311,Transforms and Applied Partial Differential Equations,Lecture,6,1048,Arputha Jose T,500020,55,B213,B Block,61,3,1,theory,True,61/70,119__s2,Biotechnology_S3_G21,21,Biotechnology,3,Tuesday-Saturday
saturday,3:10 - 4:00,7,102__s2,MA23311,Transforms and Applied Partial Differential Equations,Lecture,7,1048,Arputha Jose T,500020,52,B210,B Block,61,3,1,theory,False,61/70,,Biotechnology_S3_G21,21,Biotechnology,3,Tuesday-Saturday
tuesday,8:00 - 8:50,0,1147__s0,CS23336,Introduction to Python Programming,Lecture,1,586,Nambiraj M,104272,80,B409,B Block,64,1,0,theory,True,64/70,879__s0,Mechatronics Engineering_S3_G1,1,Mechatronics Engineering,3,Tuesday-Saturday
tuesday,9:00 - 9:50,1,1147__s0,CS23336,Introduction to Python Programming,Lecture,2,586,Nambiraj M,104272,83,B412,B Block,64,1,0,theory,True,64/70,879__s0,Mechatronics Engineering_S3_G1,1,Mechatronics Engineering,3,Tuesday-Saturday
tuesday,12:00 - 12:50,4,818__s0,MA23311,Transforms and Applied Partial Differential Equations,Lecture,1,507,A Akshaya,176156,82,B411,B Block,64,3,1,theory,True,64/70,881__s0,Mechatronics Engineering_S3_G2,2,Mechatronics Engineering,3,Tuesday-Saturday
wed,12:00 - 12:50,4,818__s0,MA23311,Transforms and Applied Partial Differential Equations,Lecture,2,507,A Akshaya,176156,82,B411,B Block,64,3,1,theory,True,64/70,881__s0,Mechatronics Engineering_S3_G2,2,Mechatronics Engineering,3,Tuesday-Saturday
wed,3:10 - 4:00,7,818__s0,MA23311,Transforms and Applied Partial Differential Equations,Lecture,3,507,A Akshaya,176156,70,B325,B Block,64,3,1,theory,False,64/70,,Mechatronics Engineering_S3_G2,2,Mechatronics Engineering,3,Tuesday-Saturday
thur,8:00 - 8:50,0,818__s0,MA23311,Transforms and Applied Partial Differential Equations,Tutorial,4,507,A Akshaya,176156,79,B408,B Block,64,3,1,theory,True,64/70,881__s0,Mechatronics Engineering_S3_G2,2,Mechatronics Engineering,3,Tuesday-Saturday
fri,10:00 - 10:50,2,818__s0,MA23311,Transforms and Applied Partial Differential Equations,Lecture,5,507,A Akshaya,176156,81,B410,B Block,64,3,1,theory,True,64/70,881__s0,Mechatronics Engineering_S3_G2,2,Mechatronics Engineering,3,Tuesday-Saturday
saturday,9:00 - 9:50,1,818__s0,MA23311,Transforms and Applied Partial Differential Equations,Lecture,6,507,A Akshaya,176156,83,B412,B Block,64,3,1,theory,True,64/70,881__s0,Mechatronics Engineering_S3_G2,2,Mechatronics Engineering,3,Tuesday-Saturday
saturday,11:00 - 11:50,3,818__s0,MA23311,Transforms and Applied Partial Differential Equations,Lecture,7,507,A Akshaya,176156,52,B210,B Block,64,3,1,theory,True,64/70,881__s0,Mechatronics Engineering_S3_G2,2,Mechatronics Engineering,3,Tuesday-Saturday
tuesday,10:00 - 10:50,2,877__s0,MT23331,Analog Devices And Drives,Lecture,1,584,A Vimalesh,104243,80,B409,B Block,64,2,0,theory,True,64/70,883__s0,Mechatronics Engineering_S3_G3,3,Mechatronics Engineering,3,Tuesday-Saturday
tuesday,1:00 - 1:50,5,877__s0,MT23331,Analog Devices And Drives,Lecture,2,584,A Vimalesh,104243,60,B222,B Block,64,2,0,theory,True,64/70,883__s0,Mechatronics Engineering_S3_G3,3,Mechatronics Engineering,3,Tuesday-Saturday
saturday,8:00 - 8:50,0,877__s0,MT23331,Analog Devices And Drives,Lecture,3,584,A Vimalesh,104243,82,B411,B Block,64,2,0,theory,True,64/70,883__s0,Mechatronics Engineering_S3_G3,3,Mechatronics Engineering,3,Tuesday-Saturday
saturday,10:00 - 10:50,2,877__s0,MT23331,Analog Devices And Drives,Lecture,4,584,A Vimalesh,104243,83,B412,B Block,64,2,0,theory,True,64/70,883__s0,Mechatronics Engineering_S3_G3,3,Mechatronics Engineering,3,Tuesday-Saturday
tuesday,8:00 - 8:50,0,879__s0,MT23332,Digital System Design,Lecture,1,589,Balakarthikeyan M,104227,80,B409,B Block,64,2,0,theory,True,64/70,1147__s0,Mechatronics Engineering_S3_G4,4,Mechatronics Engineering,3,Tuesday-Saturday
tuesday,9:00 - 9:50,1,879__s0,MT23332,Digital System Design,Lecture,2,589,Balakarthikeyan M,104227,83,B412,B Block,64,2,0,theory,True,64/70,1147__s0,Mechatronics Engineering_S3_G4,4,Mechatronics Engineering,3,Tuesday-Saturday
thur,9:00 - 9:50,1,879__s0,MT23332,Digital System Design,Lecture,3,589,Balakarthikeyan M,104227,78,B405,B Block,64,2,0,theory,False,64/70,,Mechatronics Engineering_S3_G4,4,Mechatronics Engineering,3,Tuesday-Saturday
tuesday,12:00 - 12:50,4,881__s0,MT23333,Manufacturing Technology,Lecture,1,634,Shantharaj M,104282,82,B411,B Block,64,3,0,theory,True,64/70,818__s0,Mechatronics Engineering_S3_G5,5,Mechatronics Engineering,3,Tuesday-Saturday
wed,12:00 - 12:50,4,881__s0,MT23333,Manufacturing Technology,Lecture,2,634,Shantharaj M,104282,82,B411,B Block,64,3,0,theory,True,64/70,818__s0,Mechatronics Engineering_S3_G5,5,Mechatronics Engineering,3,Tuesday-Saturday
thur,8:00 - 8:50,0,881__s0,MT23333,Manufacturing Technology,Lecture,3,634,Shantharaj M,104282,79,B408,B Block,64,3,0,theory,True,64/70,818__s0,Mechatronics Engineering_S3_G5,5,Mechatronics Engineering,3,Tuesday-Saturday
fri,10:00 - 10:50,2,881__s0,MT23333,Manufacturing Technology,Lecture,4,634,Shantharaj M,104282,81,B410,B Block,64,3,0,theory,True,64/70,818__s0,Mechatronics Engineering_S3_G5,5,Mechatronics Engineering,3,Tuesday-Saturday
saturday,9:00 - 9:50,1,881__s0,MT23333,Manufacturing Technology,Lecture,5,634,Shantharaj M,104282,83,B412,B Block,64,3,0,theory,True,64/70,818__s0,Mechatronics Engineering_S3_G5,5,Mechatronics Engineering,3,Tuesday-Saturday
saturday,11:00 - 11:50,3,881__s0,MT23333,Manufacturing Technology,Lecture,6,634,Shantharaj M,104282,52,B210,B Block,64,3,0,theory,True,64/70,818__s0,Mechatronics Engineering_S3_G5,5,Mechatronics Engineering,3,Tuesday-Saturday
tuesday,10:00 - 10:50,2,883__s0,MT23334,Mechanics of Solids,Lecture,1,583,E Prakash,104236,80,B409,B Block,64,3,0,theory,True,64/70,877__s0,Mechatronics Engineering_S3_G6,6,Mechatronics Engineering,3,Tuesday-Saturday
tuesday,1:00 - 1:50,5,883__s0,MT23334,Mechanics of Solids,Lecture,2,583,E Prakash,104236,60,B222,B Block,64,3,0,theory,True,64/70,877__s0,Mechatronics Engineering_S3_G6,6,Mechatronics Engineering,3,Tuesday-Saturday
wed,4:10 - 5:00,8,883__s0,MT23334,Mechanics of Solids,Lecture,3,583,E Prakash,104236,67,B320,B Block,64,3,0,theory,False,64/70,,Mechatronics Engineering_S3_G6,6,Mechatronics Engineering,3,Tuesday-Saturday
saturday,8:00 - 8:50,0,883__s0,MT23334,Mechanics of Solids,Lecture,4,583,E Prakash,104236,82,B411,B Block,64,3,0,theory,True,64/70,877__s0,Mechatronics Engineering_S3_G6,6,Mechatronics Engineering,3,Tuesday-Saturday
saturday,10:00 - 10:50,2,883__s0,MT23334,Mechanics of Solids,Lecture,5,583,E Prakash,104236,83,B412,B Block,64,3,0,theory,True,64/70,877__s0,Mechatronics Engineering_S3_G6,6,Mechatronics Engineering,3,Tuesday-Saturday
fri,4:10 - 5:00,8,1148__s1,CS23336,Introduction to Python Programming,Lecture,1,588,Ramesh S,104270,56,B218,B Block,64,1,0,theory,True,64/70,884__s1,Mechatronics Engineering_S3_G7,7,Mechatronics Engineering,3,Tuesday-Saturday
saturday,10:00 - 10:50,2,1148__s1,CS23336,Introduction to Python Programming,Lecture,2,588,Ramesh S,104270,54,B212,B Block,64,1,0,theory,True,64/70,884__s1,Mechatronics Engineering_S3_G7,7,Mechatronics Engineering,3,Tuesday-Saturday
tuesday,1:00 - 1:50,5,819__s1,MA23311,Transforms and Applied Partial Differential Equations,Lecture,1,505,Bharathi Dharmaraj,176154,68,B321,B Block,64,3,1,theory,True,64/70,880__s1,Mechatronics Engineering_S3_G8,8,Mechatronics Engineering,3,Tuesday-Saturday
wed,8:00 - 8:50,0,819__s1,MA23311,Transforms and Applied Partial Differential Equations,Lecture,2,505,Bharathi Dharmaraj,176154,106,C301,C Block,64,3,1,theory,False,64/70,,Mechatronics Engineering_S3_G8,8,Mechatronics Engineering,3,Tuesday-Saturday
wed,9:00 - 9:50,1,819__s1,MA23311,Transforms and Applied Partial Differential Equations,Lecture,3,505,Bharathi Dharmaraj,176154,108,C307,C Block,64,3,1,theory,False,64/70,,Mechatronics Engineering_S3_G8,8,Mechatronics Engineering,3,Tuesday-Saturday
thur,4:10 - 5:00,8,819__s1,MA23311,Transforms and Applied Partial Differential Equations,Tutorial,4,505,Bharathi Dharmaraj,176154,52,B210,B Block,64,3,1,theory,True,64/70,880__s1,Mechatronics Engineering_S3_G8,8,Mechatronics Engineering,3,Tuesday-Saturday
fri,9:00 - 9:50,1,819__s1,MA23311,Transforms and Applied Partial Differential Equations,Lecture,5,505,Bharathi Dharmaraj,176154,69,B322,B Block,64,3,1,theory,True,64/70,880__s1,Mechatronics Engineering_S3_G8,8,Mechatronics Engineering,3,Tuesday-Saturday
saturday,12:00 - 12:50,4,819__s1,MA23311,Transforms and Applied Partial Differential Equations,Lecture,6,505,Bharathi Dharmaraj,176154,56,B218,B Block,64,3,1,theory,True,64/70,880__s1,Mechatronics Engineering_S3_G8,8,Mechatronics Engineering,3,Tuesday-Saturday
thur,3:10 - 4:00,7,878__s1,MT23331,Analog Devices And Drives,Lecture,1,582,Naresh Babu G,104231,70,B325,B Block,64,2,0,theory,True,64/70,882__s1,Mechatronics Engineering_S3_G9,9,Mechatronics Engineering,3,Tuesday-Saturday
fri,3:10 - 4:00,7,878__s1,MT23331,Analog Devices And Drives,Lecture,2,582,Naresh Babu G,104231,57,B219,B Block,64,2,0,theory,True,64/70,882__s1,Mechatronics Engineering_S3_G9,9,Mechatronics Engineering,3,Tuesday-Saturday
saturday,1:00 - 1:50,5,878__s1,MT23331,Analog Devices And Drives,Lecture,3,582,Naresh Babu G,104231,70,B325,B Block,64,2,0,theory,True,64/70,882__s1,Mechatronics Engineering_S3_G9,9,Mechatronics Engineering,3,Tuesday-Saturday
saturday,2:00 - 2:50,6,878__s1,MT23331,Analog Devices And Drives,Lecture,4,582,Naresh Babu G,104231,69,B322,B Block,64,2,0,theory,True,64/70,882__s1,Mechatronics Engineering_S3_G9,9,Mechatronics Engineering,3,Tuesday-Saturday
tuesday,1:00 - 1:50,5,880__s1,MT23332,Digital System Design,Lecture,1,587,Uma Maheswari M,104268,68,B321,B Block,64,2,0,theory,True,64/70,819__s1,Mechatronics Engineering_S3_G10,10,Mechatronics Engineering,3,Tuesday-Saturday
thur,4:10 - 5:00,8,880__s1,MT23332,Digital System Design,Lecture,2,587,Uma Maheswari M,104268,52,B210,B Block,64,2,0,theory,True,64/70,819__s1,Mechatronics Engineering_S3_G10,10,Mechatronics Engineering,3,Tuesday-Saturday
fri,9:00 - 9:50,1,880__s1,MT23332,Digital System Design,Lecture,3,587,Uma Maheswari M,104268,69,B322,B Block,64,2,0,theory,True,64/70,819__s1,Mechatronics Engineering_S3_G10,10,Mechatronics Engineering,3,Tuesday-Saturday
saturday,12:00 - 12:50,4,880__s1,MT23332,Digital System Design,Lecture,4,587,Uma Maheswari M,104268,56,B218,B Block,64,2,0,theory,True,64/70,819__s1,Mechatronics Engineering_S3_G10,10,Mechatronics Engineering,3,Tuesday-Saturday
tuesday,2:00 - 2:50,6,882__s1,MT23333,Manufacturing Technology,Lecture,1,586,Nambiraj M,104272,107,C302,C Block,64,3,0,theory,False,64/70,,Mechatronics Engineering_S3_G11,11,Mechatronics Engineering,3,Tuesday-Saturday
thur,3:10 - 4:00,7,882__s1,MT23333,Manufacturing Technology,Lecture,2,586,Nambiraj M,104272,70,B325,B Block,64,3,0,theory,True,64/70,878__s1,Mechatronics Engineering_S3_G11,11,Mechatronics Engineering,3,Tuesday-Saturday
fri,3:10 - 4:00,7,882__s1,MT23333,Manufacturing Technology,Lecture,3,586,Nambiraj M,104272,57,B219,B Block,64,3,0,theory,True,64/70,878__s1,Mechatronics Engineering_S3_G11,11,Mechatronics Engineering,3,Tuesday-Saturday
saturday,1:00 - 1:50,5,882__s1,MT23333,Manufacturing Technology,Lecture,4,586,Nambiraj M,104272,70,B325,B Block,64,3,0,theory,True,64/70,878__s1,Mechatronics Engineering_S3_G11,11,Mechatronics Engineering,3,Tuesday-Saturday
saturday,2:00 - 2:50,6,882__s1,MT23333,Manufacturing Technology,Lecture,5,586,Nambiraj M,104272,69,B322,B Block,64,3,0,theory,True,64/70,878__s1,Mechatronics Engineering_S3_G11,11,Mechatronics Engineering,3,Tuesday-Saturday
thur,9:00 - 9:50,1,884__s1,MT23334,Mechanics of Solids,Lecture,1,1197,Sathishkumar S,500033,106,C301,C Block,64,3,0,theory,False,64/70,,Mechatronics Engineering_S3_G12,12,Mechatronics Engineering,3,Tuesday-Saturday
thur,2:00 - 2:50,6,884__s1,MT23334,Mechanics of Solids,Lecture,2,1197,Sathishkumar S,500033,109,C308,C Block,64,3,0,theory,False,64/70,,Mechatronics Engineering_S3_G12,12,Mechatronics Engineering,3,Tuesday-Saturday
fri,4:10 - 5:00,8,884__s1,MT23334,Mechanics of Solids,Lecture,3,1197,Sathishkumar S,500033,56,B218,B Block,64,3,0,theory,True,64/70,1148__s1,Mechatronics Engineering_S3_G12,12,Mechatronics Engineering,3,Tuesday-Saturday
saturday,10:00 - 10:50,2,884__s1,MT23334,Mechanics of Solids,Lecture,4,1197,Sathishkumar S,500033,54,B212,B Block,64,3,0,theory,True,64/70,1148__s1,Mechatronics Engineering_S3_G12,12,Mechatronics Engineering,3,Tuesday-Saturday
monday,12:00 - 12:50,4,1045__s0,MA23331,Transforms and Statistics,Lecture,1,1192,Saradha N,176171,91,B424,B Block,66,3,0,theory,True,66/70,414__s0,Mechanical Engineering_S3_G2,2,Mechanical Engineering,3,Monday-Fri
monday,2:00 - 2:50,6,1045__s0,MA23331,Transforms and Statistics,Lecture,2,1192,Saradha N,176171,93,B426,B Block,66,3,0,theory,True,66/70,414__s0,Mechanical Engineering_S3_G2,2,Mechanical Engineering,3,Monday-Fri
tuesday,1:00 - 1:50,5,1045__s0,MA23331,Transforms and Statistics,Lecture,3,1192,Saradha N,176171,53,B211,B Block,66,3,0,theory,True,66/70,414__s0,Mechanical Engineering_S3_G2,2,Mechanical Engineering,3,Monday-Fri
wed,1:00 - 1:50,5,1045__s0,MA23331,Transforms and Statistics,Lecture,4,1192,Saradha N,176171,55,B213,B Block,66,3,0,theory,True,66/70,414__s0,Mechanical Engineering_S3_G2,2,Mechanical Engineering,3,Monday-Fri
fri,8:00 - 8:50,0,1045__s0,MA23331,Transforms and Statistics,Lecture,5,1192,Saradha N,176171,93,B426,B Block,66,3,0,theory,True,66/70,414__s0,Mechanical Engineering_S3_G2,2,Mechanical Engineering,3,Monday-Fri
fri,9:00 - 9:50,1,1045__s0,MA23331,Transforms and Statistics,Lecture,6,1192,Saradha N,176171,54,B212,B Block,66,3,0,theory,True,66/70,414__s0,Mechanical Engineering_S3_G2,2,Mechanical Engineering,3,Monday-Fri
monday,12:00 - 12:50,4,414__s0,ME23311,Engineering Thermodynamics,Lecture,1,569,Sekar S,104226,91,B424,B Block,66,3,1,theory,True,66/70,1045__s0,Mechanical Engineering_S3_G3,3,Mechanical Engineering,3,Monday-Fri
monday,2:00 - 2:50,6,414__s0,ME23311,Engineering Thermodynamics,Lecture,2,569,Sekar S,104226,93,B426,B Block,66,3,1,theory,True,66/70,1045__s0,Mechanical Engineering_S3_G3,3,Mechanical Engineering,3,Monday-Fri
tuesday,1:00 - 1:50,5,414__s0,ME23311,Engineering Thermodynamics,Lecture,3,569,Sekar S,104226,53,B211,B Block,66,3,1,theory,True,66/70,1045__s0,Mechanical Engineering_S3_G3,3,Mechanical Engineering,3,Monday-Fri
tuesday,2:00 - 2:50,6,414__s0,ME23311,Engineering Thermodynamics,Tutorial,4,569,Sekar S,104226,106,C301,C Block,66,3,1,theory,False,66/70,,Mechanical Engineering_S3_G3,3,Mechanical Engineering,3,Monday-Fri
wed,1:00 - 1:50,5,414__s0,ME23311,Engineering Thermodynamics,Lecture,5,569,Sekar S,104226,55,B213,B Block,66,3,1,theory,True,66/70,1045__s0,Mechanical Engineering_S3_G3,3,Mechanical Engineering,3,Monday-Fri
fri,8:00 - 8:50,0,414__s0,ME23311,Engineering Thermodynamics,Lecture,6,569,Sekar S,104226,93,B426,B Block,66,3,1,theory,True,66/70,1045__s0,Mechanical Engineering_S3_G3,3,Mechanical Engineering,3,Monday-Fri
fri,9:00 - 9:50,1,414__s0,ME23311,Engineering Thermodynamics,Lecture,7,569,Sekar S,104226,54,B212,B Block,66,3,1,theory,True,66/70,1045__s0,Mechanical Engineering_S3_G3,3,Mechanical Engineering,3,Monday-Fri
wed,10:00 - 10:50,2,148__s0,ME23312,Manufacturing Technology I,Lecture,1,573,Raj Kumar A,104032,100,C103,C Block,66,3,0,theory,False,66/70,,Mechanical Engineering_S3_G4,4,Mechanical Engineering,3,Monday-Fri
wed,2:00 - 2:50,6,148__s0,ME23312,Manufacturing Technology I,Lecture,2,573,Raj Kumar A,104032,98,C101,C Block,66,3,0,theory,False,66/70,,Mechanical Engineering_S3_G4,4,Mechanical Engineering,3,Monday-Fri
thur,10:00 - 10:50,2,148__s0,ME23312,Manufacturing Technology I,Lecture,3,573,Raj Kumar A,104032,104,C201,C Block,66,3,0,theory,False,66/70,,Mechanical Engineering_S3_G4,4,Mechanical Engineering,3,Monday-Fri
wed,8:00 - 8:50,0,146__s0,ME23313,Kinematics of Machinery,Lecture,1,563,Arumugam P,104171,91,B424,B Block,66,3,0,theory,True,66/70,324__s0,Mechanical Engineering_S3_G5,5,Mechanical Engineering,3,Monday-Fri
wed,12:00 - 12:50,4,146__s0,ME23313,Kinematics of Machinery,Lecture,2,563,Arumugam P,104171,92,B425,B Block,66,3,0,theory,True,66/70,324__s0,Mechanical Engineering_S3_G5,5,Mechanical Engineering,3,Monday-Fri
thur,9:00 - 9:50,1,146__s0,ME23313,Kinematics of Machinery,Lecture,3,563,Arumugam P,104171,93,B426,B Block,66,3,0,theory,True,66/70,324__s0,Mechanical Engineering_S3_G5,5,Mechanical Engineering,3,Monday-Fri
thur,12:00 - 12:50,4,146__s0,ME23313,Kinematics of Machinery,Lecture,4,563,Arumugam P,104171,54,B212,B Block,66,3,0,theory,True,66/70,324__s0,Mechanical Engineering_S3_G5,5,Mechanical Engineering,3,Monday-Fri
fri,10:00 - 10:50,2,146__s0,ME23313,Kinematics of Machinery,Lecture,5,563,Arumugam P,104171,93,B426,B Block,66,3,0,theory,True,66/70,324__s0,Mechanical Engineering_S3_G5,5,Mechanical Engineering,3,Monday-Fri
fri,2:00 - 2:50,6,146__s0,ME23313,Kinematics of Machinery,Lecture,6,563,Arumugam P,104171,92,B425,B Block,66,3,0,theory,True,66/70,324__s0,Mechanical Engineering_S3_G5,5,Mechanical Engineering,3,Monday-Fri
wed,8:00 - 8:50,0,324__s0,ME23331,Strength of Materials,Lecture,1,550,Hariram S,104163,91,B424,B Block,66,3,0,theory,True,66/70,146__s0,Mechanical Engineering_S3_G7,7,Mechanical Engineering,3,Monday-Fri
wed,12:00 - 12:50,4,324__s0,ME23331,Strength of Materials,Lecture,2,550,Hariram S,104163,92,B425,B Block,66,3,0,theory,True,66/70,146__s0,Mechanical Engineering_S3_G7,7,Mechanical Engineering,3,Monday-Fri
thur,9:00 - 9:50,1,324__s0,ME23331,Strength of Materials,Lecture,3,550,Hariram S,104163,93,B426,B Block,66,3,0,theory,True,66/70,146__s0,Mechanical Engineering_S3_G7,7,Mechanical Engineering,3,Monday-Fri
thur,12:00 - 12:50,4,324__s0,ME23331,Strength of Materials,Lecture,4,550,Hariram S,104163,54,B212,B Block,66,3,0,theory,True,66/70,146__s0,Mechanical Engineering_S3_G7,7,Mechanical Engineering,3,Monday-Fri
fri,10:00 - 10:50,2,324__s0,ME23331,Strength of Materials,Lecture,5,550,Hariram S,104163,93,B426,B Block,66,3,0,theory,True,66/70,146__s0,Mechanical Engineering_S3_G7,7,Mechanical Engineering,3,Monday-Fri
fri,2:00 - 2:50,6,324__s0,ME23331,Strength of Materials,Lecture,6,550,Hariram S,104163,92,B425,B Block,66,3,0,theory,True,66/70,146__s0,Mechanical Engineering_S3_G7,7,Mechanical Engineering,3,Monday-Fri
monday,12:00 - 12:50,4,1046__s1,MA23331,Transforms and Statistics,Lecture,1,1124,Nirmala K,500049,83,B412,B Block,66,3,0,theory,True,66/70,149__s1,Mechanical Engineering_S3_G9,9,Mechanical Engineering,3,Monday-Fri
tuesday,8:00 - 8:50,0,1046__s1,MA23331,Transforms and Statistics,Lecture,2,1124,Nirmala K,500049,84,B415,B Block,66,3,0,theory,True,66/70,149__s1,Mechanical Engineering_S3_G9,9,Mechanical Engineering,3,Monday-Fri
tuesday,1:00 - 1:50,5,1046__s1,MA23331,Transforms and Statistics,Lecture,3,1124,Nirmala K,500049,83,B412,B Block,66,3,0,theory,True,66/70,149__s1,Mechanical Engineering_S3_G9,9,Mechanical Engineering,3,Monday-Fri
wed,9:00 - 9:50,1,1046__s1,MA23331,Transforms and Statistics,Lecture,4,1124,Nirmala K,500049,82,B411,B Block,66,3,0,theory,True,66/70,149__s1,Mechanical Engineering_S3_G9,9,Mechanical Engineering,3,Monday-Fri
thur,10:00 - 10:50,2,1046__s1,MA23331,Transforms and Statistics,Lecture,5,1124,Nirmala K,500049,89,B422,B Block,66,3,0,theory,True,66/70,149__s1,Mechanical Engineering_S3_G9,9,Mechanical Engineering,3,Monday-Fri
thur,1:00 - 1:50,5,1046__s1,MA23331,Transforms and Statistics,Lecture,6,1124,Nirmala K,500049,82,B411,B Block,66,3,0,theory,True,66/70,149__s1,Mechanical Engineering_S3_G9,9,Mechanical Engineering,3,Monday-Fri
monday,2:00 - 2:50,6,415__s1,ME23311,Engineering Thermodynamics,Lecture,1,562,Chandrasekar P,104147,92,B425,B Block,66,3,1,theory,True,66/70,325__s1,Mechanical Engineering_S3_G10,10,Mechanical Engineering,3,Monday-Fri
tuesday,10:00 - 10:50,2,415__s1,ME23311,Engineering Thermodynamics,Lecture,2,562,Chandrasekar P,104147,82,B411,B Block,66,3,1,theory,True,66/70,325__s1,Mechanical Engineering_S3_G10,10,Mechanical Engineering,3,Monday-Fri
tuesday,12:00 - 12:50,4,415__s1,ME23311,Engineering Thermodynamics,Lecture,3,562,Chandrasekar P,104147,88,B419,B Block,66,3,1,theory,True,66/70,325__s1,Mechanical Engineering_S3_G10,10,Mechanical Engineering,3,Monday-Fri
wed,11:00 - 11:50,3,415__s1,ME23311,Engineering Thermodynamics,Tutorial,4,562,Chandrasekar P,104147,82,B411,B Block,66,3,1,theory,True,66/70,325__s1,Mechanical Engineering_S3_G10,10,Mechanical Engineering,3,Monday-Fri
thur,11:00 - 11:50,3,415__s1,ME23311,Engineering Thermodynamics,Lecture,5,562,Chandrasekar P,104147,90,B423,B Block,66,3,1,theory,True,66/70,325__s1,Mechanical Engineering_S3_G10,10,Mechanical Engineering,3,Monday-Fri
thur,2:00 - 2:50,6,415__s1,ME23311,Engineering Thermodynamics,Lecture,6,562,Chandrasekar P,104147,89,B422,B Block,66,3,1,theory,True,66/70,325__s1,Mechanical Engineering_S3_G10,10,Mechanical Engineering,3,Monday-Fri
fri,4:10 - 5:00,8,415__s1,ME23311,Engineering Thermodynamics,Lecture,7,562,Chandrasekar P,104147,85,B416,B Block,66,3,1,theory,False,66/70,,Mechanical Engineering_S3_G10,10,Mechanical Engineering,3,Monday-Fri
monday,12:00 - 12:50,4,149__s1,ME23312,Manufacturing Technology I,Lecture,1,567,Dhanaraj R,104220,83,B412,B Block,66,3,0,theory,True,66/70,1046__s1,Mechanical Engineering_S3_G11,11,Mechanical Engineering,3,Monday-Fri
tuesday,8:00 - 8:50,0,149__s1,ME23312,Manufacturing Technology I,Lecture,2,567,Dhanaraj R,104220,84,B415,B Block,66,3,0,theory,True,66/70,1046__s1,Mechanical Engineering_S3_G11,11,Mechanical Engineering,3,Monday-Fri
tuesday,1:00 - 1:50,5,149__s1,ME23312,Manufacturing Technology I,Lecture,3,567,Dhanaraj R,104220,83,B412,B Block,66,3,0,theory,True,66/70,1046__s1,Mechanical Engineering_S3_G11,11,Mechanical Engineering,3,Monday-Fri
wed,9:00 - 9:50,1,149__s1,ME23312,Manufacturing Technology I,Lecture,4,567,Dhanaraj R,104220,82,B411,B Block,66,3,0,theory,True,66/70,1046__s1,Mechanical Engineering_S3_G11,11,Mechanical Engineering,3,Monday-Fri
thur,10:00 - 10:50,2,149__s1,ME23312,Manufacturing Technology I,Lecture,5,567,Dhanaraj R,104220,89,B422,B Block,66,3,0,theory,True,66/70,1046__s1,Mechanical Engineering_S3_G11,11,Mechanical Engineering,3,Monday-Fri
thur,1:00 - 1:50,5,149__s1,ME23312,Manufacturing Technology I,Lecture,6,567,Dhanaraj R,104220,82,B411,B Block,66,3,0,theory,True,66/70,1046__s1,Mechanical Engineering_S3_G11,11,Mechanical Engineering,3,Monday-Fri
tuesday,9:00 - 9:50,1,147__s1,ME23313,Kinematics of Machinery,Lecture,1,544,Arulmurugan S,104150,90,B423,B Block,66,3,0,theory,False,66/70,,Mechanical Engineering_S3_G12,12,Mechanical Engineering,3,Monday-Fri
tuesday,2:00 - 2:50,6,147__s1,ME23313,Kinematics of Machinery,Lecture,2,544,Arulmurugan S,104150,89,B422,B Block,66,3,0,theory,False,66/70,,Mechanical Engineering_S3_G12,12,Mechanical Engineering,3,Monday-Fri
wed,8:00 - 8:50,0,147__s1,ME23313,Kinematics of Machinery,Lecture,3,544,Arulmurugan S,104150,83,B412,B Block,66,3,0,theory,False,66/70,,Mechanical Engineering_S3_G12,12,Mechanical Engineering,3,Monday-Fri
monday,2:00 - 2:50,6,325__s1,ME23331,Strength of Materials,Lecture,1,556,Vigneshwaran K,104214,92,B425,B Block,66,3,0,theory,True,66/70,415__s1,Mechanical Engineering_S3_G14,14,Mechanical Engineering,3,Monday-Fri
tuesday,10:00 - 10:50,2,325__s1,ME23331,Strength of Materials,Lecture,2,556,Vigneshwaran K,104214,82,B411,B Block,66,3,0,theory,True,66/70,415__s1,Mechanical Engineering_S3_G14,14,Mechanical Engineering,3,Monday-Fri
tuesday,12:00 - 12:50,4,325__s1,ME23331,Strength of Materials,Lecture,3,556,Vigneshwaran K,104214,88,B419,B Block,66,3,0,theory,True,66/70,415__s1,Mechanical Engineering_S3_G14,14,Mechanical Engineering,3,Monday-Fri
wed,11:00 - 11:50,3,325__s1,ME23331,Strength of Materials,Lecture,4,556,Vigneshwaran K,104214,82,B411,B Block,66,3,0,theory,True,66/70,415__s1,Mechanical Engineering_S3_G14,14,Mechanical Engineering,3,Monday-Fri
thur,11:00 - 11:50,3,325__s1,ME23331,Strength of Materials,Lecture,5,556,Vigneshwaran K,104214,90,B423,B Block,66,3,0,theory,True,66/70,415__s1,Mechanical Engineering_S3_G14,14,Mechanical Engineering,3,Monday-Fri
thur,2:00 - 2:50,6,325__s1,ME23331,Strength of Materials,Lecture,6,556,Vigneshwaran K,104214,89,B422,B Block,66,3,0,theory,True,66/70,415__s1,Mechanical Engineering_S3_G14,14,Mechanical Engineering,3,Monday-Fri
monday,4:10 - 5:00,8,724__s0,FT23301,Food Microbiology,Lecture,1,422,Manonmani K,300013,41,B107,B Block,60,3,0,theory,False,60/70,,Food Technology_S3_G1,1,Food Technology,3,Monday-Fri
tuesday,4:10 - 5:00,8,724__s0,FT23301,Food Microbiology,Lecture,2,422,Manonmani K,300013,58,B220,B Block,60,3,0,theory,False,60/70,,Food Technology_S3_G1,1,Food Technology,3,Monday-Fri
wed,4:10 - 5:00,8,724__s0,FT23301,Food Microbiology,Lecture,3,422,Manonmani K,300013,93,B426,B Block,60,3,0,theory,False,60/70,,Food Technology_S3_G1,1,Food Technology,3,Monday-Fri
monday,1:00 - 1:50,5,758__s0,FT23302,Biochemistry and Nutrition,Lecture,1,423,Anand R,300021,52,B210,B Block,60,3,0,theory,True,60/70,761__s0,Food Technology_S3_G2,2,Food Technology,3,Monday-Fri
monday,3:10 - 4:00,7,758__s0,FT23302,Biochemistry and Nutrition,Lecture,2,423,Anand R,300021,53,B211,B Block,60,3,0,theory,True,60/70,761__s0,Food Technology_S3_G2,2,Food Technology,3,Monday-Fri
wed,3:10 - 4:00,7,758__s0,FT23302,Biochemistry and Nutrition,Lecture,3,423,Anand R,300021,56,B218,B Block,60,3,0,theory,True,60/70,761__s0,Food Technology_S3_G2,2,Food Technology,3,Monday-Fri
thur,3:10 - 4:00,7,758__s0,FT23302,Biochemistry and Nutrition,Lecture,4,423,Anand R,300021,53,B211,B Block,60,3,0,theory,True,60/70,761__s0,Food Technology_S3_G2,2,Food Technology,3,Monday-Fri
fri,1:00 - 1:50,5,758__s0,FT23302,Biochemistry and Nutrition,Lecture,5,423,Anand R,300021,93,B426,B Block,60,3,0,theory,True,60/70,761__s0,Food Technology_S3_G2,2,Food Technology,3,Monday-Fri
fri,4:10 - 5:00,8,758__s0,FT23302,Biochemistry and Nutrition,Lecture,6,423,Anand R,300021,93,B426,B Block,60,3,0,theory,True,60/70,761__s0,Food Technology_S3_G2,2,Food Technology,3,Monday-Fri
monday,2:00 - 2:50,6,426__s0,FT23303,Thermodynamics for Food Technologists,Lecture,1,566,Kumar S,104210,57,B219,B Block,60,3,0,theory,True,60/70,767__s0,Food Technology_S3_G3,3,Food Technology,3,Monday-Fri
tuesday,1:00 - 1:50,5,426__s0,FT23303,Thermodynamics for Food Technologists,Lecture,2,566,Kumar S,104210,93,B426,B Block,60,3,0,theory,True,60/70,767__s0,Food Technology_S3_G3,3,Food Technology,3,Monday-Fri
tuesday,3:10 - 4:00,7,426__s0,FT23303,Thermodynamics for Food Technologists,Lecture,3,566,Kumar S,104210,52,B210,B Block,60,3,0,theory,True,60/70,767__s0,Food Technology_S3_G3,3,Food Technology,3,Monday-Fri
thur,1:00 - 1:50,5,426__s0,FT23303,Thermodynamics for Food Technologists,Lecture,4,566,Kumar S,104210,93,B426,B Block,60,3,0,theory,True,60/70,767__s0,Food Technology_S3_G3,3,Food Technology,3,Monday-Fri
fri,9:00 - 9:50,1,426__s0,FT23303,Thermodynamics for Food Technologists,Lecture,5,566,Kumar S,104210,92,B425,B Block,60,3,0,theory,True,60/70,767__s0,Food Technology_S3_G3,3,Food Technology,3,Monday-Fri
fri,11:00 - 11:50,3,426__s0,FT23303,Thermodynamics for Food Technologists,Lecture,6,566,Kumar S,104210,54,B212,B Block,60,3,0,theory,True,60/70,767__s0,Food Technology_S3_G3,3,Food Technology,3,Monday-Fri
monday,1:00 - 1:50,5,761__s0,FT23304,Food Process Calculations,Lecture,1,427,Midhuna L V,300027,52,B210,B Block,60,3,0,theory,True,60/70,758__s0,Food Technology_S3_G4,4,Food Technology,3,Monday-Fri
monday,3:10 - 4:00,7,761__s0,FT23304,Food Process Calculations,Lecture,2,427,Midhuna L V,300027,53,B211,B Block,60,3,0,theory,True,60/70,758__s0,Food Technology_S3_G4,4,Food Technology,3,Monday-Fri
wed,3:10 - 4:00,7,761__s0,FT23304,Food Process Calculations,Lecture,3,427,Midhuna L V,300027,56,B218,B Block,60,3,0,theory,True,60/70,758__s0,Food Technology_S3_G4,4,Food Technology,3,Monday-Fri
thur,3:10 - 4:00,7,761__s0,FT23304,Food Process Calculations,Lecture,4,427,Midhuna L V,300027,53,B211,B Block,60,3,0,theory,True,60/70,758__s0,Food Technology_S3_G4,4,Food Technology,3,Monday-Fri
fri,1:00 - 1:50,5,761__s0,FT23304,Food Process Calculations,Lecture,5,427,Midhuna L V,300027,93,B426,B Block,60,3,0,theory,True,60/70,758__s0,Food Technology_S3_G4,4,Food Technology,3,Monday-Fri
fri,4:10 - 5:00,8,761__s0,FT23304,Food Process Calculations,Lecture,6,427,Midhuna L V,300027,93,B426,B Block,60,3,0,theory,True,60/70,758__s0,Food Technology_S3_G4,4,Food Technology,3,Monday-Fri
monday,2:00 - 2:50,6,767__s0,FT23305,Food Additives,Lecture,1,420,Kulastic Jassy A,300010,57,B219,B Block,60,3,0,theory,True,60/70,426__s0,Food Technology_S3_G5,5,Food Technology,3,Monday-Fri
tuesday,1:00 - 1:50,5,767__s0,FT23305,Food Additives,Lecture,2,420,Kulastic Jassy A,300010,93,B426,B Block,60,3,0,theory,True,60/70,426__s0,Food Technology_S3_G5,5,Food Technology,3,Monday-Fri
tuesday,3:10 - 4:00,7,767__s0,FT23305,Food Additives,Lecture,3,420,Kulastic Jassy A,300010,52,B210,B Block,60,3,0,theory,True,60/70,426__s0,Food Technology_S3_G5,5,Food Technology,3,Monday-Fri
thur,1:00 - 1:50,5,767__s0,FT23305,Food Additives,Lecture,4,420,Kulastic Jassy A,300010,93,B426,B Block,60,3,0,theory,True,60/70,426__s0,Food Technology_S3_G5,5,Food Technology,3,Monday-Fri
fri,9:00 - 9:50,1,767__s0,FT23305,Food Additives,Lecture,5,420,Kulastic Jassy A,300010,92,B425,B Block,60,3,0,theory,True,60/70,426__s0,Food Technology_S3_G5,5,Food Technology,3,Monday-Fri
fri,11:00 - 11:50,3,767__s0,FT23305,Food Additives,Lecture,6,420,Kulastic Jassy A,300010,54,B212,B Block,60,3,0,theory,True,60/70,426__s0,Food Technology_S3_G5,5,Food Technology,3,Monday-Fri
tuesday,2:00 - 2:50,6,377__s0,MA23311,Transforms and Applied Partial Differential Equations,Lecture,1,504,Yuvashri P,176150,98,C101,C Block,60,3,1,theory,False,60/70,,Food Technology_S3_G8,8,Food Technology,3,Monday-Fri
thur,2:00 - 2:50,6,377__s0,MA23311,Transforms and Applied Partial Differential Equations,Lecture,2,504,Yuvashri P,176150,98,C101,C Block,60,3,1,theory,False,60/70,,Food Technology_S3_G8,8,Food Technology,3,Monday-Fri
thur,4:10 - 5:00,8,377__s0,MA23311,Transforms and Applied Partial Differential Equations,Lecture,3,504,Yuvashri P,176150,92,B425,B Block,60,3,1,theory,False,60/70,,Food Technology_S3_G8,8,Food Technology,3,Monday-Fri
fri,3:10 - 4:00,7,377__s0,MA23311,Transforms and Applied Partial Differential Equations,Tutorial,4,504,Yuvashri P,176150,54,B212,B Block,60,3,1,theory,False,60/70,,Food Technology_S3_G8,8,Food Technology,3,Monday-Fri
saturday,8:00 - 8:50,0,1063__s0,CS23336,Introduction to Python Programming,Lecture,1,316,Sivamani D,405003,58,B220,B Block,63,1,0,theory,True,63/70,487__s0,Electrical & Electronics Engineering_S3_G1,1,Electrical & Electronics Engineering,3,Tuesday-Saturday
saturday,10:00 - 10:50,2,1063__s0,CS23336,Introduction to Python Programming,Lecture,2,316,Sivamani D,405003,60,B222,B Block,63,1,0,theory,True,63/70,487__s0,Electrical & Electronics Engineering_S3_G1,1,Electrical & Electronics Engineering,3,Tuesday-Saturday
tuesday,9:00 - 9:50,1,457__s0,EE23311,Electromagnetic Theory,Lecture,1,325,Geetha Priya V,105003,60,B222,B Block,63,3,1,theory,True,63/70,492__s0,Electrical & Electronics Engineering_S3_G2,2,Electrical & Electronics Engineering,3,Tuesday-Saturday
tuesday,1:00 - 1:50,5,457__s0,EE23311,Electromagnetic Theory,Lecture,2,325,Geetha Priya V,105003,59,B221,B Block,63,3,1,theory,True,63/70,492__s0,Electrical & Electronics Engineering_S3_G2,2,Electrical & Electronics Engineering,3,Tuesday-Saturday
wed,1:00 - 1:50,5,457__s0,EE23311,Electromagnetic Theory,Lecture,3,325,Geetha Priya V,105003,56,B218,B Block,63,3,1,theory,True,63/70,492__s0,Electrical & Electronics Engineering_S3_G2,2,Electrical & Electronics Engineering,3,Tuesday-Saturday
fri,10:00 - 10:50,2,457__s0,EE23311,Electromagnetic Theory,Tutorial,4,325,Geetha Priya V,105003,109,C308,C Block,63,3,1,theory,False,63/70,,Electrical & Electronics Engineering_S3_G2,2,Electrical & Electronics Engineering,3,Tuesday-Saturday
fri,12:00 - 12:50,4,457__s0,EE23311,Electromagnetic Theory,Lecture,5,325,Geetha Priya V,105003,54,B212,B Block,63,3,1,theory,True,63/70,492__s0,Electrical & Electronics Engineering_S3_G2,2,Electrical & Electronics Engineering,3,Tuesday-Saturday
saturday,9:00 - 9:50,1,457__s0,EE23311,Electromagnetic Theory,Lecture,6,325,Geetha Priya V,105003,53,B211,B Block,63,3,1,theory,True,63/70,492__s0,Electrical & Electronics Engineering_S3_G2,2,Electrical & Electronics Engineering,3,Tuesday-Saturday
saturday,12:00 - 12:50,4,457__s0,EE23311,Electromagnetic Theory,Lecture,7,325,Geetha Priya V,105003,57,B219,B Block,63,3,1,theory,True,63/70,492__s0,Electrical & Electronics Engineering_S3_G2,2,Electrical & Electronics Engineering,3,Tuesday-Saturday
tuesday,8:00 - 8:50,0,485__s0,EE23312,Electrical Machines – I,Lecture,1,334,Rajalakshmi A,105056,59,B221,B Block,63,3,0,theory,False,63/70,,Electrical & Electronics Engineering_S3_G3,3,Electrical & Electronics Engineering,3,Tuesday-Saturday
thur,8:00 - 8:50,0,485__s0,EE23312,Electrical Machines – I,Lecture,2,334,Rajalakshmi A,105056,107,C302,C Block,63,3,0,theory,False,63/70,,Electrical & Electronics Engineering_S3_G3,3,Electrical & Electronics Engineering,3,Tuesday-Saturday
thur,12:00 - 12:50,4,485__s0,EE23312,Electrical Machines – I,Lecture,3,334,Rajalakshmi A,105056,98,C101,C Block,63,3,0,theory,False,63/70,,Electrical & Electronics Engineering_S3_G3,3,Electrical & Electronics Engineering,3,Tuesday-Saturday
fri,8:00 - 8:50,0,487__s0,EE23313,Measurements and Instrumentation,Lecture,1,313,Ron Carter S B,105102,109,C308,C Block,63,3,0,theory,False,63/70,,Electrical & Electronics Engineering_S3_G4,4,Electrical & Electronics Engineering,3,Tuesday-Saturday
fri,9:00 - 9:50,1,487__s0,EE23313,Measurements and Instrumentation,Lecture,2,313,Ron Carter S B,105102,109,C308,C Block,63,3,0,theory,False,63/70,,Electrical & Electronics Engineering_S3_G4,4,Electrical & Electronics Engineering,3,Tuesday-Saturday
saturday,8:00 - 8:50,0,487__s0,EE23313,Measurements and Instrumentation,Lecture,3,313,Ron Carter S B,105102,58,B220,B Block,63,3,0,theory,True,63/70,1063__s0,Electrical & Electronics Engineering_S3_G4,4,Electrical & Electronics Engineering,3,Tuesday-Saturday
saturday,10:00 - 10:50,2,487__s0,EE23313,Measurements and Instrumentation,Lecture,4,313,Ron Carter S B,105102,60,B222,B Block,63,3,0,theory,True,63/70,1063__s0,Electrical & Electronics Engineering_S3_G4,4,Electrical & Electronics Engineering,3,Tuesday-Saturday
tuesday,9:00 - 9:50,1,492__s0,EE23314,Electronic Devices and Circuits,Lecture,1,327,Alice Hepzibah A,105010,60,B222,B Block,63,3,0,theory,True,63/70,457__s0,Electrical & Electronics Engineering_S3_G5,5,Electrical & Electronics Engineering,3,Tuesday-Saturday
tuesday,1:00 - 1:50,5,492__s0,EE23314,Electronic Devices and Circuits,Lecture,2,327,Alice Hepzibah A,105010,59,B221,B Block,63,3,0,theory,True,63/70,457__s0,Electrical & Electronics Engineering_S3_G5,5,Electrical & Electronics Engineering,3,Tuesday-Saturday
wed,1:00 - 1:50,5,492__s0,EE23314,Electronic Devices and Circuits,Lecture,3,327,Alice Hepzibah A,105010,56,B218,B Block,63,3,0,theory,True,63/70,457__s0,Electrical & Electronics Engineering_S3_G5,5,Electrical & Electronics Engineering,3,Tuesday-Saturday
fri,12:00 - 12:50,4,492__s0,EE23314,Electronic Devices and Circuits,Lecture,4,327,Alice Hepzibah A,105010,54,B212,B Block,63,3,0,theory,True,63/70,457__s0,Electrical & Electronics Engineering_S3_G5,5,Electrical & Electronics Engineering,3,Tuesday-Saturday
saturday,9:00 - 9:50,1,492__s0,EE23314,Electronic Devices and Circuits,Lecture,5,327,Alice Hepzibah A,105010,53,B211,B Block,63,3,0,theory,True,63/70,457__s0,Electrical & Electronics Engineering_S3_G5,5,Electrical & Electronics Engineering,3,Tuesday-Saturday
saturday,12:00 - 12:50,4,492__s0,EE23314,Electronic Devices and Circuits,Lecture,6,327,Alice Hepzibah A,105010,57,B219,B Block,63,3,0,theory,True,63/70,457__s0,Electrical & Electronics Engineering_S3_G5,5,Electrical & Electronics Engineering,3,Tuesday-Saturday
wed,10:00 - 10:50,2,490__s0,EE23315,Power Plant Engineering,Lecture,1,302,Padmavathi R,105040,109,C308,C Block,63,3,0,theory,False,63/70,,Electrical & Electronics Engineering_S3_G6,6,Electrical & Electronics Engineering,3,Tuesday-Saturday
wed,11:00 - 11:50,3,490__s0,EE23315,Power Plant Engineering,Lecture,2,302,Padmavathi R,105040,99,C102,C Block,63,3,0,theory,False,63/70,,Electrical & Electronics Engineering_S3_G6,6,Electrical & Electronics Engineering,3,Tuesday-Saturday
thur,2:00 - 2:50,6,490__s0,EE23315,Power Plant Engineering,Lecture,3,302,Padmavathi R,105040,107,C302,C Block,63,3,0,theory,False,63/70,,Electrical & Electronics Engineering_S3_G6,6,Electrical & Electronics Engineering,3,Tuesday-Saturday
fri,3:10 - 4:00,7,23__s0,MA23312,Fourier series and Number theory,Lecture,1,530,J Venkatesan,176087,60,B222,B Block,63,3,1,theory,False,63/70,,Electrical & Electronics Engineering_S3_G8,8,Electrical & Electronics Engineering,3,Tuesday-Saturday
fri,4:10 - 5:00,8,23__s0,MA23312,Fourier series and Number theory,Lecture,2,530,J Venkatesan,176087,60,B222,B Block,63,3,1,theory,False,63/70,,Electrical & Electronics Engineering_S3_G8,8,Electrical & Electronics Engineering,3,Tuesday-Saturday
saturday,3:10 - 4:00,7,23__s0,MA23312,Fourier series and Number theory,Lecture,3,530,J Venkatesan,176087,57,B219,B Block,63,3,1,theory,False,63/70,,Electrical & Electronics Engineering_S3_G8,8,Electrical & Electronics Engineering,3,Tuesday-Saturday
saturday,4:10 - 5:00,8,23__s0,MA23312,Fourier series and Number theory,Tutorial,4,530,J Venkatesan,176087,56,B218,B Block,63,3,1,theory,False,63/70,,Electrical & Electronics Engineering_S3_G8,8,Electrical & Electronics Engineering,3,Tuesday-Saturday
tuesday,10:00 - 10:50,2,1064__s1,CS23336,Introduction to Python Programming,Lecture,1,299,Aswini A,105140,84,B415,B Block,63,1,0,theory,True,63/70,458__s1,Electrical & Electronics Engineering_S3_G9,9,Electrical & Electronics Engineering,3,Tuesday-Saturday
wed,8:00 - 8:50,0,1064__s1,CS23336,Introduction to Python Programming,Lecture,2,299,Aswini A,105140,89,B422,B Block,63,1,0,theory,True,63/70,458__s1,Electrical & Electronics Engineering_S3_G9,9,Electrical & Electronics Engineering,3,Tuesday-Saturday
tuesday,10:00 - 10:50,2,458__s1,EE23311,Electromagnetic Theory,Lecture,1,314,Anitha D,105114,84,B415,B Block,63,3,1,theory,True,63/70,1064__s1,Electrical & Electronics Engineering_S3_G10,10,Electrical & Electronics Engineering,3,Tuesday-Saturday
wed,8:00 - 8:50,0,458__s1,EE23311,Electromagnetic Theory,Lecture,2,314,Anitha D,105114,89,B422,B Block,63,3,1,theory,True,63/70,1064__s1,Electrical & Electronics Engineering_S3_G10,10,Electrical & Electronics Engineering,3,Tuesday-Saturday
fri,3:10 - 4:00,7,458__s1,EE23311,Electromagnetic Theory,Lecture,3,314,Anitha D,105114,92,B425,B Block,63,3,1,theory,False,63/70,,Electrical & Electronics Engineering_S3_G10,10,Electrical & Electronics Engineering,3,Tuesday-Saturday
saturday,2:00 - 2:50,6,458__s1,EE23311,Electromagnetic Theory,Tutorial,4,314,Anitha D,105114,92,B425,B Block,63,3,1,theory,False,63/70,,Electrical & Electronics Engineering_S3_G10,10,Electrical & Electronics Engineering,3,Tuesday-Saturday
saturday,3:10 - 4:00,7,458__s1,EE23311,Electromagnetic Theory,Lecture,5,314,Anitha D,105114,88,B419,B Block,63,3,1,theory,False,63/70,,Electrical & Electronics Engineering_S3_G10,10,Electrical & Electronics Engineering,3,Tuesday-Saturday
tuesday,12:00 - 12:50,4,486__s1,EE23312,Electrical Machines – I,Lecture,1,313,Ron Carter S B,105102,92,B425,B Block,63,3,0,theory,True,63/70,491__s1,Electrical & Electronics Engineering_S3_G11,11,Electrical & Electronics Engineering,3,Tuesday-Saturday
wed,12:00 - 12:50,4,486__s1,EE23312,Electrical Machines – I,Lecture,2,313,Ron Carter S B,105102,85,B416,B Block,63,3,0,theory,True,63/70,491__s1,Electrical & Electronics Engineering_S3_G11,11,Electrical & Electronics Engineering,3,Tuesday-Saturday
wed,1:00 - 1:50,5,486__s1,EE23312,Electrical Machines – I,Lecture,3,313,Ron Carter S B,105102,87,B418,B Block,63,3,0,theory,True,63/70,491__s1,Electrical & Electronics Engineering_S3_G11,11,Electrical & Electronics Engineering,3,Tuesday-Saturday
thur,1:00 - 1:50,5,486__s1,EE23312,Electrical Machines – I,Lecture,4,313,Ron Carter S B,105102,85,B416,B Block,63,3,0,theory,True,63/70,491__s1,Electrical & Electronics Engineering_S3_G11,11,Electrical & Electronics Engineering,3,Tuesday-Saturday
saturday,9:00 - 9:50,1,486__s1,EE23312,Electrical Machines – I,Lecture,5,313,Ron Carter S B,105102,92,B425,B Block,63,3,0,theory,True,63/70,491__s1,Electrical & Electronics Engineering_S3_G11,11,Electrical & Electronics Engineering,3,Tuesday-Saturday
saturday,12:00 - 12:50,4,486__s1,EE23312,Electrical Machines – I,Lecture,6,313,Ron Carter S B,105102,91,B424,B Block,63,3,0,theory,True,63/70,491__s1,Electrical & Electronics Engineering_S3_G11,11,Electrical & Electronics Engineering,3,Tuesday-Saturday
tuesday,8:00 - 8:50,0,488__s1,EE23313,Measurements and Instrumentation,Lecture,1,333,Selvaraj A,105054,88,B419,B Block,63,3,0,theory,True,63/70,24__s1,Electrical & Electronics Engineering_S3_G12,12,Electrical & Electronics Engineering,3,Tuesday-Saturday
tuesday,1:00 - 1:50,5,488__s1,EE23313,Measurements and Instrumentation,Lecture,2,333,Selvaraj A,105054,84,B415,B Block,63,3,0,theory,True,63/70,24__s1,Electrical & Electronics Engineering_S3_G12,12,Electrical & Electronics Engineering,3,Tuesday-Saturday
wed,9:00 - 9:50,1,488__s1,EE23313,Measurements and Instrumentation,Lecture,3,333,Selvaraj A,105054,90,B423,B Block,63,3,0,theory,True,63/70,24__s1,Electrical & Electronics Engineering_S3_G12,12,Electrical & Electronics Engineering,3,Tuesday-Saturday
wed,10:00 - 10:50,2,488__s1,EE23313,Measurements and Instrumentation,Lecture,4,333,Selvaraj A,105054,87,B418,B Block,63,3,0,theory,True,63/70,24__s1,Electrical & Electronics Engineering_S3_G12,12,Electrical & Electronics Engineering,3,Tuesday-Saturday
fri,12:00 - 12:50,4,488__s1,EE23313,Measurements and Instrumentation,Lecture,5,333,Selvaraj A,105054,86,B417,B Block,63,3,0,theory,True,63/70,24__s1,Electrical & Electronics Engineering_S3_G12,12,Electrical & Electronics Engineering,3,Tuesday-Saturday
saturday,8:00 - 8:50,0,488__s1,EE23313,Measurements and Instrumentation,Lecture,6,333,Selvaraj A,105054,92,B425,B Block,63,3,0,theory,True,63/70,24__s1,Electrical & Electronics Engineering_S3_G12,12,Electrical & Electronics Engineering,3,Tuesday-Saturday
tuesday,9:00 - 9:50,1,493__s1,EE23314,Electronic Devices and Circuits,Lecture,1,324,M Sridevi,105138,89,B422,B Block,63,3,0,theory,False,63/70,,Electrical & Electronics Engineering_S3_G13,13,Electrical & Electronics Engineering,3,Tuesday-Saturday
tuesday,2:00 - 2:50,6,493__s1,EE23314,Electronic Devices and Circuits,Lecture,2,324,M Sridevi,105138,90,B423,B Block,63,3,0,theory,False,63/70,,Electrical & Electronics Engineering_S3_G13,13,Electrical & Electronics Engineering,3,Tuesday-Saturday
fri,4:10 - 5:00,8,493__s1,EE23314,Electronic Devices and Circuits,Lecture,3,324,M Sridevi,105138,91,B424,B Block,63,3,0,theory,False,63/70,,Electrical & Electronics Engineering_S3_G13,13,Electrical & Electronics Engineering,3,Tuesday-Saturday
tuesday,12:00 - 12:50,4,491__s1,EE23315,Power Plant Engineering,Lecture,1,333,Selvaraj A,105054,92,B425,B Block,63,3,0,theory,True,63/70,486__s1,Electrical & Electronics Engineering_S3_G14,14,Electrical & Electronics Engineering,3,Tuesday-Saturday
wed,12:00 - 12:50,4,491__s1,EE23315,Power Plant Engineering,Lecture,2,333,Selvaraj A,105054,85,B416,B Block,63,3,0,theory,True,63/70,486__s1,Electrical & Electronics Engineering_S3_G14,14,Electrical & Electronics Engineering,3,Tuesday-Saturday
wed,1:00 - 1:50,5,491__s1,EE23315,Power Plant Engineering,Lecture,3,333,Selvaraj A,105054,87,B418,B Block,63,3,0,theory,True,63/70,486__s1,Electrical & Electronics Engineering_S3_G14,14,Electrical & Electronics Engineering,3,Tuesday-Saturday
thur,1:00 - 1:50,5,491__s1,EE23315,Power Plant Engineering,Lecture,4,333,Selvaraj A,105054,85,B416,B Block,63,3,0,theory,True,63/70,486__s1,Electrical & Electronics Engineering_S3_G14,14,Electrical & Electronics Engineering,3,Tuesday-Saturday
saturday,9:00 - 9:50,1,491__s1,EE23315,Power Plant Engineering,Lecture,5,333,Selvaraj A,105054,92,B425,B Block,63,3,0,theory,True,63/70,486__s1,Electrical & Electronics Engineering_S3_G14,14,Electrical & Electronics Engineering,3,Tuesday-Saturday
saturday,12:00 - 12:50,4,491__s1,EE23315,Power Plant Engineering,Lecture,6,333,Selvaraj A,105054,91,B424,B Block,63,3,0,theory,True,63/70,486__s1,Electrical & Electronics Engineering_S3_G14,14,Electrical & Electronics Engineering,3,Tuesday-Saturday
tuesday,8:00 - 8:50,0,24__s1,MA23312,Fourier series and Number theory,Lecture,1,528,James V,176021,88,B419,B Block,63,3,1,theory,True,63/70,488__s1,Electrical & Electronics Engineering_S3_G16,16,Electrical & Electronics Engineering,3,Tuesday-Saturday
tuesday,1:00 - 1:50,5,24__s1,MA23312,Fourier series and Number theory,Lecture,2,528,James V,176021,84,B415,B Block,63,3,1,theory,True,63/70,488__s1,Electrical & Electronics Engineering_S3_G16,16,Electrical & Electronics Engineering,3,Tuesday-Saturday
wed,9:00 - 9:50,1,24__s1,MA23312,Fourier series and Number theory,Lecture,3,528,James V,176021,90,B423,B Block,63,3,1,theory,True,63/70,488__s1,Electrical & Electronics Engineering_S3_G16,16,Electrical & Electronics Engineering,3,Tuesday-Saturday
wed,10:00 - 10:50,2,24__s1,MA23312,Fourier series and Number theory,Tutorial,4,528,James V,176021,87,B418,B Block,63,3,1,theory,True,63/70,488__s1,Electrical & Electronics Engineering_S3_G16,16,Electrical & Electronics Engineering,3,Tuesday-Saturday
fri,12:00 - 12:50,4,24__s1,MA23312,Fourier series and Number theory,Lecture,5,528,James V,176021,86,B417,B Block,63,3,1,theory,True,63/70,488__s1,Electrical & Electronics Engineering_S3_G16,16,Electrical & Electronics Engineering,3,Tuesday-Saturday
saturday,8:00 - 8:50,0,24__s1,MA23312,Fourier series and Number theory,Lecture,6,528,James V,176021,92,B425,B Block,63,3,1,theory,True,63/70,488__s1,Electrical & Electronics Engineering_S3_G16,16,Electrical & Electronics Engineering,3,Tuesday-Saturday
saturday,4:10 - 5:00,8,24__s1,MA23312,Fourier series and Number theory,Lecture,7,528,James V,176021,88,B419,B Block,63,3,1,theory,False,63/70,,Electrical & Electronics Engineering_S3_G16,16,Electrical & Electronics Engineering,3,Tuesday-Saturday
monday,8:00 - 8:50,0,779__s0,CH23311,Solid Mechanics,Lecture,1,151,G Vijayaraghavan,370002,92,B425,B Block,65,2,1,theory,True,65/70,366__s0,Chemical Engineering_S3_G1,1,Chemical Engineering,3,Monday-Fri
tuesday,9:00 - 9:50,1,779__s0,CH23311,Solid Mechanics,Lecture,2,151,G Vijayaraghavan,370002,86,B417,B Block,65,2,1,theory,True,65/70,366__s0,Chemical Engineering_S3_G1,1,Chemical Engineering,3,Monday-Fri
wed,11:00 - 11:50,3,779__s0,CH23311,Solid Mechanics,Tutorial,3,151,G Vijayaraghavan,370002,88,B419,B Block,65,2,1,theory,True,65/70,366__s0,Chemical Engineering_S3_G1,1,Chemical Engineering,3,Monday-Fri
thur,1:00 - 1:50,5,779__s0,CH23311,Solid Mechanics,Lecture,4,151,G Vijayaraghavan,370002,89,B422,B Block,65,2,1,theory,True,65/70,366__s0,Chemical Engineering_S3_G1,1,Chemical Engineering,3,Monday-Fri
fri,10:00 - 10:50,2,779__s0,CH23311,Solid Mechanics,Lecture,5,151,G Vijayaraghavan,370002,79,B408,B Block,65,2,1,theory,True,65/70,366__s0,Chemical Engineering_S3_G1,1,Chemical Engineering,3,Monday-Fri
fri,12:00 - 12:50,4,779__s0,CH23311,Solid Mechanics,Tutorial,6,151,G Vijayaraghavan,370002,82,B411,B Block,65,2,1,theory,True,65/70,366__s0,Chemical Engineering_S3_G1,1,Chemical Engineering,3,Monday-Fri
monday,1:00 - 1:50,5,667__s0,CH23312,Chemical Process Calculations,Lecture,1,149,Seelam Narasimha Reddy,370012,80,B409,B Block,65,2,1,theory,True,65/70,1__s0,Chemical Engineering_S3_G2,2,Chemical Engineering,3,Monday-Fri
monday,2:00 - 2:50,6,667__s0,CH23312,Chemical Process Calculations,Lecture,2,149,Seelam Narasimha Reddy,370012,80,B409,B Block,65,2,1,theory,True,65/70,1__s0,Chemical Engineering_S3_G2,2,Chemical Engineering,3,Monday-Fri
tuesday,8:00 - 8:50,0,667__s0,CH23312,Chemical Process Calculations,Tutorial,3,149,Seelam Narasimha Reddy,370012,83,B412,B Block,65,2,1,theory,True,65/70,1__s0,Chemical Engineering_S3_G2,2,Chemical Engineering,3,Monday-Fri
wed,8:00 - 8:50,0,667__s0,CH23312,Chemical Process Calculations,Lecture,4,149,Seelam Narasimha Reddy,370012,79,B408,B Block,65,2,1,theory,True,65/70,1__s0,Chemical Engineering_S3_G2,2,Chemical Engineering,3,Monday-Fri
wed,9:00 - 9:50,1,667__s0,CH23312,Chemical Process Calculations,Lecture,5,149,Seelam Narasimha Reddy,370012,79,B408,B Block,65,2,1,theory,True,65/70,1__s0,Chemical Engineering_S3_G2,2,Chemical Engineering,3,Monday-Fri
fri,9:00 - 9:50,1,667__s0,CH23312,Chemical Process Calculations,Tutorial,6,149,Seelam Narasimha Reddy,370012,91,B424,B Block,65,2,1,theory,True,65/70,1__s0,Chemical Engineering_S3_G2,2,Chemical Engineering,3,Monday-Fri
monday,9:00 - 9:50,1,15__s0,CH23313,Chemical Process Industries,Lecture,1,145,Ambigadevi J,370003,52,B210,B Block,65,3,0,theory,True,65/70,336__s0,Chemical Engineering_S3_G3,3,Chemical Engineering,3,Monday-Fri
monday,10:00 - 10:50,2,15__s0,CH23313,Chemical Process Industries,Lecture,2,145,Ambigadevi J,370003,81,B410,B Block,65,3,0,theory,True,65/70,336__s0,Chemical Engineering_S3_G3,3,Chemical Engineering,3,Monday-Fri
tuesday,12:00 - 12:50,4,15__s0,CH23313,Chemical Process Industries,Lecture,3,145,Ambigadevi J,370003,84,B415,B Block,65,3,0,theory,True,65/70,336__s0,Chemical Engineering_S3_G3,3,Chemical Engineering,3,Monday-Fri
wed,1:00 - 1:50,5,15__s0,CH23313,Chemical Process Industries,Lecture,4,145,Ambigadevi J,370003,79,B408,B Block,65,3,0,theory,True,65/70,336__s0,Chemical Engineering_S3_G3,3,Chemical Engineering,3,Monday-Fri
fri,8:00 - 8:50,0,15__s0,CH23313,Chemical Process Industries,Lecture,5,145,Ambigadevi J,370003,87,B418,B Block,65,3,0,theory,True,65/70,336__s0,Chemical Engineering_S3_G3,3,Chemical Engineering,3,Monday-Fri
fri,1:00 - 1:50,5,15__s0,CH23313,Chemical Process Industries,Lecture,6,145,Ambigadevi J,370003,90,B423,B Block,65,3,0,theory,True,65/70,336__s0,Chemical Engineering_S3_G3,3,Chemical Engineering,3,Monday-Fri
monday,1:00 - 1:50,5,1__s0,CH23331,Fluid Mechanics for Chemical Engineers,Lecture,1,150,Mangaleswari .,370019,80,B409,B Block,65,3,0,theory,True,65/70,667__s0,Chemical Engineering_S3_G4,4,Chemical Engineering,3,Monday-Fri
monday,2:00 - 2:50,6,1__s0,CH23331,Fluid Mechanics for Chemical Engineers,Lecture,2,150,Mangaleswari .,370019,80,B409,B Block,65,3,0,theory,True,65/70,667__s0,Chemical Engineering_S3_G4,4,Chemical Engineering,3,Monday-Fri
tuesday,8:00 - 8:50,0,1__s0,CH23331,Fluid Mechanics for Chemical Engineers,Lecture,3,150,Mangaleswari .,370019,83,B412,B Block,65,3,0,theory,True,65/70,667__s0,Chemical Engineering_S3_G4,4,Chemical Engineering,3,Monday-Fri
wed,8:00 - 8:50,0,1__s0,CH23331,Fluid Mechanics for Chemical Engineers,Lecture,4,150,Mangaleswari .,370019,79,B408,B Block,65,3,0,theory,True,65/70,667__s0,Chemical Engineering_S3_G4,4,Chemical Engineering,3,Monday-Fri
wed,9:00 - 9:50,1,1__s0,CH23331,Fluid Mechanics for Chemical Engineers,Lecture,5,150,Mangaleswari .,370019,79,B408,B Block,65,3,0,theory,True,65/70,667__s0,Chemical Engineering_S3_G4,4,Chemical Engineering,3,Monday-Fri
fri,9:00 - 9:50,1,1__s0,CH23331,Fluid Mechanics for Chemical Engineers,Lecture,6,150,Mangaleswari .,370019,91,B424,B Block,65,3,0,theory,True,65/70,667__s0,Chemical Engineering_S3_G4,4,Chemical Engineering,3,Monday-Fri
monday,9:00 - 9:50,1,336__s0,CY23334,Physical and Organic Chemistry,Lecture,1,162,Mohan S,166050,52,B210,B Block,65,3,0,theory,True,65/70,15__s0,Chemical Engineering_S3_G5,5,Chemical Engineering,3,Monday-Fri
monday,10:00 - 10:50,2,336__s0,CY23334,Physical and Organic Chemistry,Lecture,2,162,Mohan S,166050,81,B410,B Block,65,3,0,theory,True,65/70,15__s0,Chemical Engineering_S3_G5,5,Chemical Engineering,3,Monday-Fri
tuesday,12:00 - 12:50,4,336__s0,CY23334,Physical and Organic Chemistry,Lecture,3,162,Mohan S,166050,84,B415,B Block,65,3,0,theory,True,65/70,15__s0,Chemical Engineering_S3_G5,5,Chemical Engineering,3,Monday-Fri
wed,1:00 - 1:50,5,336__s0,CY23334,Physical and Organic Chemistry,Lecture,4,162,Mohan S,166050,79,B408,B Block,65,3,0,theory,True,65/70,15__s0,Chemical Engineering_S3_G5,5,Chemical Engineering,3,Monday-Fri
fri,8:00 - 8:50,0,336__s0,CY23334,Physical and Organic Chemistry,Lecture,5,162,Mohan S,166050,87,B418,B Block,65,3,0,theory,True,65/70,15__s0,Chemical Engineering_S3_G5,5,Chemical Engineering,3,Monday-Fri
fri,1:00 - 1:50,5,336__s0,CY23334,Physical and Organic Chemistry,Lecture,6,162,Mohan S,166050,90,B423,B Block,65,3,0,theory,True,65/70,15__s0,Chemical Engineering_S3_G5,5,Chemical Engineering,3,Monday-Fri
monday,8:00 - 8:50,0,366__s0,MA23311,Transforms and Applied Partial Differential Equations,Lecture,1,505,Bharathi Dharmaraj,176154,92,B425,B Block,65,3,1,theory,True,65/70,779__s0,Chemical Engineering_S3_G6,6,Chemical Engineering,3,Monday-Fri
tuesday,9:00 - 9:50,1,366__s0,MA23311,Transforms and Applied Partial Differential Equations,Lecture,2,505,Bharathi Dharmaraj,176154,86,B417,B Block,65,3,1,theory,True,65/70,779__s0,Chemical Engineering_S3_G6,6,Chemical Engineering,3,Monday-Fri
tuesday,2:00 - 2:50,6,366__s0,MA23311,Transforms and Applied Partial Differential Equations,Lecture,3,505,Bharathi Dharmaraj,176154,87,B418,B Block,65,3,1,theory,False,65/70,,Chemical Engineering_S3_G6,6,Chemical Engineering,3,Monday-Fri
wed,11:00 - 11:50,3,366__s0,MA23311,Transforms and Applied Partial Differential Equations,Tutorial,4,505,Bharathi Dharmaraj,176154,88,B419,B Block,65,3,1,theory,True,65/70,779__s0,Chemical Engineering_S3_G6,6,Chemical Engineering,3,Monday-Fri
thur,1:00 - 1:50,5,366__s0,MA23311,Transforms and Applied Partial Differential Equations,Lecture,5,505,Bharathi Dharmaraj,176154,89,B422,B Block,65,3,1,theory,True,65/70,779__s0,Chemical Engineering_S3_G6,6,Chemical Engineering,3,Monday-Fri
fri,10:00 - 10:50,2,366__s0,MA23311,Transforms and Applied Partial Differential Equations,Lecture,6,505,Bharathi Dharmaraj,176154,79,B408,B Block,65,3,1,theory,True,65/70,779__s0,Chemical Engineering_S3_G6,6,Chemical Engineering,3,Monday-Fri
fri,12:00 - 12:50,4,366__s0,MA23311,Transforms and Applied Partial Differential Equations,Lecture,7,505,Bharathi Dharmaraj,176154,82,B411,B Block,65,3,1,theory,True,65/70,779__s0,Chemical Engineering_S3_G6,6,Chemical Engineering,3,Monday-Fri
